enrollment_key,learner_key,course_key,term_key,program_key,is_course_passed,letter_grade,final_score,is_withdrawn,attendance_rate
500001,10001,15,1,3,TRUE,B,75.2,FALSE,0.99
500002,10001,16,1,3,TRUE,A,86.7,FALSE,0.76
500003,10001,14,1,3,FALSE,D,48.5,FALSE,0.93
500004,10002,12,2,5,TRUE,B,92.7,FALSE,0.77
500005,10002,11,2,5,TRUE,C,88.1,FALSE,0.77
500006,10002,9,2,5,TRUE,B,75.3,FALSE,0.69
500007,10003,14,9,3,TRUE,C,87.5,FALSE,0.56
500008,10003,16,9,3,TRUE,C,95.6,FALSE,1.0
500009,10004,14,1,3,TRUE,B,92.8,FALSE,0.71
500010,10004,16,1,3,TRUE,B,79.7,FALSE,0.84
500011,10005,1,6,1,TRUE,B,76.0,FALSE,0.87
500012,10005,4,6,1,TRUE,B,78.0,FALSE,0.8
500013,10005,2,7,1,TRUE,A,83.3,FALSE,0.99
500014,10005,13,7,1,TRUE,B,91.5,FALSE,0.86
500015,10005,7,8,1,TRUE,B,82.0,FALSE,0.85
500016,10005,6,8,1,TRUE,B,81.9,FALSE,0.56
500017,10006,11,8,5,TRUE,A,86.7,FALSE,0.74
500018,10006,10,8,5,TRUE,B,75.0,FALSE,0.61
500019,10006,12,9,5,TRUE,B,93.8,FALSE,0.85
500020,10006,9,9,5,TRUE,A,78.7,FALSE,0.87
500021,10007,15,6,3,TRUE,A,76.9,FALSE,0.56
500022,10007,16,6,3,TRUE,C,81.0,FALSE,0.84
500023,10007,14,6,3,TRUE,A,98.2,FALSE,0.95
500024,10008,14,4,6,TRUE,B,91.3,FALSE,0.91
500025,10008,15,4,6,TRUE,B,93.4,FALSE,0.61
500026,10008,10,5,6,TRUE,A,82.2,FALSE,0.68
500027,10008,16,5,6,TRUE,A,86.1,FALSE,0.72
500028,10009,1,5,2,TRUE,B,98.1,FALSE,0.56
500029,10009,6,5,2,TRUE,B,98.0,FALSE,0.59
500030,10009,11,5,2,TRUE,A,96.8,FALSE,0.81
500031,10009,12,6,2,TRUE,B,89.9,FALSE,0.95
500032,10009,8,6,2,FALSE,F,70.3,FALSE,0.73
500033,10009,4,6,2,FALSE,D,69.3,FALSE,0.93
500034,10009,5,7,2,FALSE,F,55.1,FALSE,0.7
500035,10009,3,7,2,FALSE,D,55.7,FALSE,0.86
500036,10009,2,7,2,TRUE,B,77.9,FALSE,0.85
500037,10009,7,8,2,TRUE,A,76.3,FALSE,0.78
500038,10010,5,8,1,FALSE,F,52.0,FALSE,0.78
500039,10010,13,8,1,TRUE,A,77.5,FALSE,0.92
500040,10010,2,8,1,TRUE,A,76.3,FALSE,0.68
500041,10011,10,1,5,TRUE,B,89.7,FALSE,0.94
500042,10011,11,1,5,TRUE,C,85.4,FALSE,0.56
500043,10011,9,2,5,TRUE,A,92.9,FALSE,0.63
500044,10011,12,2,5,TRUE,B,88.1,FALSE,0.77
500045,10012,12,6,1,TRUE,A,85.2,FALSE,0.68
500046,10012,1,6,1,TRUE,B,84.3,FALSE,0.69
500047,10012,7,6,1,TRUE,B,96.4,FALSE,0.75
500048,10012,13,7,1,TRUE,A,83.5,FALSE,0.76
500049,10012,4,7,1,TRUE,A,81.6,FALSE,0.71
500050,10012,3,7,1,TRUE,B,87.1,FALSE,0.96
500051,10012,9,8,1,TRUE,A,87.3,FALSE,0.85
500052,10012,6,8,1,TRUE,B,92.3,FALSE,0.76
500053,10012,8,8,1,TRUE,C,78.4,FALSE,0.69
500054,10012,10,9,1,TRUE,C,97.0,FALSE,0.77
500055,10012,2,9,1,TRUE,A,89.5,FALSE,0.81
500056,10012,11,9,1,TRUE,B,93.6,FALSE,0.67
500057,10013,4,9,1,FALSE,D,72.7,FALSE,0.7
500058,10013,3,9,1,FALSE,F,68.4,FALSE,0.6
500059,10013,5,10,1,TRUE,B,92.5,FALSE,0.89
500060,10013,2,10,1,TRUE,B,76.5,FALSE,0.66
500061,10013,9,11,1,FALSE,D,59.7,FALSE,0.82
500062,10013,8,11,1,TRUE,C,82.7,FALSE,0.75
500063,10014,10,3,6,TRUE,B,85.5,FALSE,0.65
500064,10014,14,3,6,TRUE,B,85.4,FALSE,0.91
500065,10014,16,3,6,TRUE,C,89.0,FALSE,0.98
500066,10014,15,4,6,TRUE,A,75.8,FALSE,0.95
500067,10015,12,7,1,TRUE,B,87.0,FALSE,0.83
500068,10015,3,7,1,TRUE,A,78.3,FALSE,0.75
500069,10015,1,8,1,TRUE,B,96.0,FALSE,0.59
500070,10015,4,8,1,TRUE,A,82.2,FALSE,0.77
500071,10015,5,9,1,FALSE,F,62.3,FALSE,0.65
500072,10015,8,9,1,TRUE,B,97.1,FALSE,0.73
500073,10015,11,10,1,TRUE,A,95.9,FALSE,0.99
500074,10015,13,10,1,FALSE,D,63.2,FALSE,0.73
500075,10015,2,11,1,FALSE,D,50.9,FALSE,0.97
500076,10015,9,11,1,TRUE,B,75.8,FALSE,0.67
500077,10016,15,1,6,TRUE,C,92.6,FALSE,0.96
500078,10016,10,1,6,TRUE,B,86.8,FALSE,0.96
500079,10016,14,2,6,TRUE,A,93.4,FALSE,0.71
500080,10016,16,2,6,TRUE,C,85.0,FALSE,0.83
500081,10017,6,5,1,TRUE,A,93.8,FALSE,0.56
500082,10017,12,5,1,FALSE,F,68.4,FALSE,0.79
500083,10017,10,5,1,TRUE,C,91.4,FALSE,0.56
500084,10017,13,6,1,TRUE,B,84.3,FALSE,0.86
500085,10017,4,6,1,TRUE,A,85.2,FALSE,0.6
500086,10017,7,6,1,TRUE,B,89.8,FALSE,0.71
500087,10017,11,7,1,TRUE,A,97.0,FALSE,0.65
500088,10017,1,7,1,TRUE,C,80.5,FALSE,0.89
500089,10017,5,7,1,TRUE,A,87.9,FALSE,1.0
500090,10017,3,8,1,FALSE,F,67.0,FALSE,0.58
500091,10017,8,8,1,TRUE,A,79.3,FALSE,0.69
500092,10017,9,8,1,TRUE,B,96.4,FALSE,0.61
500093,10018,1,5,1,TRUE,B,82.3,FALSE,0.9
500094,10018,6,5,1,TRUE,B,90.7,FALSE,0.95
500095,10018,13,5,1,TRUE,A,88.0,FALSE,0.57
500096,10018,4,6,1,TRUE,B,91.9,FALSE,0.77
500097,10018,12,6,1,FALSE,F,72.1,FALSE,0.69
500098,10018,5,6,1,TRUE,C,77.9,FALSE,0.92
500099,10019,5,9,1,TRUE,B,77.0,FALSE,0.93
500100,10019,6,9,1,TRUE,B,75.5,FALSE,0.72
500101,10019,9,9,1,FALSE,F,53.4,FALSE,0.85
500102,10019,13,10,1,TRUE,A,90.8,FALSE,0.79
500103,10019,7,10,1,TRUE,B,75.6,FALSE,0.89
500104,10019,11,10,1,TRUE,B,94.9,FALSE,0.91
500105,10019,12,11,1,TRUE,B,83.2,FALSE,0.75
500106,10019,2,11,1,TRUE,A,92.6,FALSE,0.91
500107,10019,10,11,1,TRUE,B,97.4,FALSE,0.94
500108,10020,9,5,5,TRUE,A,86.2,FALSE,0.61
500109,10020,11,5,5,FALSE,D,69.1,FALSE,0.59
500110,10020,10,5,5,TRUE,B,88.0,FALSE,0.81
500111,10020,12,6,5,FALSE,D,55.2,FALSE,0.85
500112,10021,11,9,5,TRUE,A,95.1,FALSE,0.75
500113,10021,10,9,5,FALSE,F,48.2,FALSE,0.98
500114,10021,12,9,5,TRUE,A,95.3,FALSE,0.73
500115,10021,9,10,5,TRUE,B,76.9,FALSE,0.8
500116,10022,11,7,5,TRUE,B,81.6,FALSE,0.61
500117,10022,12,7,5,TRUE,B,78.5,FALSE,0.85
500118,10022,10,8,5,TRUE,A,90.7,FALSE,0.86
500119,10022,9,8,5,TRUE,A,88.9,FALSE,0.8
500120,10023,15,6,3,TRUE,A,98.4,FALSE,0.86
500121,10023,16,6,3,TRUE,C,83.5,FALSE,0.57
500122,10023,14,6,3,TRUE,B,77.6,FALSE,0.75
500123,10024,5,9,1,FALSE,D,56.6,FALSE,0.7
500124,10024,12,9,1,TRUE,B,90.6,FALSE,0.97
500125,10024,3,9,1,TRUE,B,75.7,FALSE,0.57
500126,10024,1,10,1,TRUE,A,96.9,FALSE,0.6
500127,10024,10,10,1,TRUE,C,82.5,FALSE,0.9
500128,10024,8,10,1,TRUE,B,89.0,FALSE,0.97
500129,10024,7,11,1,,,,FALSE,0.62
500130,10024,13,11,1,TRUE,A,97.9,FALSE,0.8
500131,10024,6,11,1,TRUE,B,92.6,FALSE,0.88
500132,10025,12,6,5,TRUE,B,85.6,FALSE,0.64
500133,10025,10,6,5,TRUE,B,96.9,FALSE,0.66
500134,10025,11,6,5,TRUE,B,83.7,FALSE,0.69
500135,10025,9,7,5,TRUE,B,91.6,FALSE,0.88
500136,10026,16,8,4,TRUE,B,76.8,FALSE,0.84
500137,10026,14,8,4,TRUE,B,85.8,FALSE,0.65
500138,10026,15,8,4,TRUE,B,98.7,FALSE,0.66
500139,10026,8,9,4,TRUE,C,91.2,FALSE,0.61
500140,10027,7,7,2,TRUE,A,96.2,FALSE,0.95
500141,10027,11,7,2,TRUE,A,75.4,FALSE,0.74
500142,10027,2,7,2,TRUE,B,92.1,FALSE,0.88
500143,10027,4,8,2,FALSE,D,48.9,FALSE,0.56
500144,10027,8,8,2,TRUE,B,76.8,FALSE,0.94
500145,10027,1,8,2,TRUE,B,96.7,FALSE,0.61
500146,10027,3,9,2,TRUE,B,80.8,FALSE,0.6
500147,10027,6,9,2,TRUE,B,96.6,FALSE,0.82
500148,10027,12,9,2,FALSE,F,67.1,FALSE,0.88
500149,10027,5,10,2,TRUE,B,85.8,FALSE,0.83
500150,10028,2,2,1,TRUE,B,91.2,FALSE,0.72
500151,10028,10,2,1,TRUE,B,87.2,FALSE,0.68
500152,10028,4,2,1,TRUE,B,80.6,FALSE,0.7
500153,10028,1,3,1,TRUE,B,96.5,FALSE,0.78
500154,10028,13,3,1,TRUE,B,81.8,FALSE,0.69
500155,10028,11,3,1,TRUE,C,78.4,FALSE,0.95
500156,10028,6,4,1,TRUE,B,85.3,FALSE,0.81
500157,10028,9,4,1,TRUE,B,77.4,FALSE,0.62
500158,10028,3,4,1,TRUE,A,86.7,FALSE,0.95
500159,10028,8,5,1,TRUE,B,97.0,FALSE,0.89
500160,10028,5,5,1,TRUE,A,91.0,FALSE,0.59
500161,10028,7,5,1,TRUE,A,87.2,FALSE,0.56
500162,10028,12,6,1,TRUE,B,98.0,FALSE,0.79
500163,10029,2,4,1,TRUE,C,77.6,FALSE,0.96
500164,10029,10,4,1,TRUE,B,96.3,FALSE,0.67
500165,10029,7,4,1,TRUE,C,98.8,FALSE,0.85
500166,10029,9,5,1,TRUE,C,94.3,FALSE,0.91
500167,10029,11,5,1,TRUE,B,82.9,FALSE,0.7
500168,10029,5,5,1,TRUE,C,92.7,FALSE,0.9
500169,10029,3,6,1,TRUE,A,82.6,FALSE,0.75
500170,10029,13,6,1,TRUE,B,94.1,FALSE,0.64
500171,10029,6,6,1,TRUE,C,95.1,FALSE,0.57
500172,10029,12,7,1,TRUE,A,75.2,FALSE,0.81
500173,10029,8,7,1,TRUE,A,80.3,FALSE,0.67
500174,10029,1,7,1,TRUE,C,94.5,FALSE,0.77
500175,10030,10,4,6,TRUE,A,93.0,FALSE,0.75
500176,10030,16,4,6,TRUE,C,89.7,FALSE,0.63
500177,10030,14,5,6,TRUE,B,81.3,FALSE,0.83
500178,10030,15,5,6,TRUE,B,83.4,FALSE,0.85
500179,10031,1,1,1,TRUE,B,77.7,FALSE,0.74
500180,10031,2,1,1,TRUE,B,80.9,FALSE,0.6
500181,10031,10,2,1,TRUE,A,82.7,FALSE,0.71
500182,10031,13,2,1,TRUE,B,78.1,FALSE,0.93
500183,10031,11,3,1,TRUE,C,89.4,FALSE,0.66
500184,10031,6,3,1,TRUE,B,87.2,FALSE,0.58
500185,10032,14,9,6,TRUE,B,85.6,FALSE,0.67
500186,10032,10,9,6,TRUE,A,86.7,FALSE,0.7
500187,10032,15,10,6,TRUE,B,82.4,FALSE,0.65
500188,10032,16,10,6,TRUE,C,87.9,FALSE,0.6
500189,10033,5,9,1,TRUE,C,88.3,FALSE,0.57
500190,10033,2,9,1,TRUE,A,87.9,FALSE,0.93
500191,10033,12,10,1,TRUE,B,92.2,FALSE,0.91
500192,10033,7,10,1,TRUE,A,83.0,FALSE,0.8
500193,10033,4,11,1,,,,FALSE,0.89
500194,10033,8,11,1,,,,FALSE,0.57
500195,10034,12,3,5,TRUE,A,91.5,FALSE,0.67
500196,10034,9,3,5,TRUE,C,93.8,FALSE,0.73
500197,10034,10,3,5,TRUE,A,96.0,FALSE,0.58
500198,10034,11,4,5,TRUE,C,91.9,FALSE,0.74
500199,10035,15,4,3,TRUE,A,94.0,FALSE,0.92
500200,10035,16,4,3,TRUE,B,93.8,FALSE,0.78
500201,10035,14,4,3,FALSE,F,55.2,FALSE,0.59
500202,10036,5,9,2,TRUE,B,91.9,FALSE,0.66
500203,10036,11,9,2,FALSE,D,61.1,FALSE,0.98
500204,10036,6,9,2,TRUE,B,92.1,FALSE,0.65
500205,10036,2,10,2,TRUE,A,84.5,FALSE,0.75
500206,10036,1,10,2,TRUE,B,77.6,FALSE,0.7
500207,10036,4,10,2,TRUE,A,98.4,FALSE,0.8
500208,10036,3,11,2,FALSE,F,63.7,FALSE,0.61
500209,10036,7,11,2,,,,FALSE,0.8
500210,10036,8,11,2,TRUE,B,81.0,FALSE,0.88
500211,10037,8,5,1,TRUE,B,80.7,FALSE,0.87
500212,10037,5,5,1,TRUE,C,95.6,FALSE,0.59
500213,10037,9,5,1,TRUE,B,91.8,FALSE,0.61
500214,10037,4,6,1,FALSE,F,61.7,FALSE,0.62
500215,10037,2,6,1,TRUE,A,98.3,FALSE,0.95
500216,10037,11,6,1,TRUE,B,90.0,FALSE,0.77
500217,10037,13,7,1,TRUE,B,88.1,FALSE,0.55
500218,10037,12,7,1,FALSE,D,74.3,FALSE,0.79
500219,10037,7,7,1,TRUE,C,83.9,FALSE,0.62
500220,10038,15,2,6,TRUE,B,83.9,FALSE,0.66
500221,10038,14,2,6,TRUE,C,97.5,FALSE,0.87
500222,10038,10,2,6,TRUE,B,78.2,FALSE,0.87
500223,10038,16,3,6,TRUE,A,82.6,FALSE,0.62
500224,10039,11,4,5,TRUE,B,91.7,FALSE,0.76
500225,10039,10,4,5,TRUE,B,90.0,FALSE,0.62
500226,10039,12,5,5,TRUE,A,88.4,FALSE,0.71
500227,10039,9,5,5,FALSE,D,53.1,FALSE,0.92
500228,10040,14,9,6,TRUE,B,84.7,FALSE,0.8
500229,10040,15,9,6,TRUE,B,79.9,FALSE,0.62
500230,10040,16,9,6,TRUE,B,81.7,FALSE,0.8
500231,10040,10,10,6,TRUE,C,87.5,FALSE,0.89
500232,10041,4,2,1,FALSE,F,52.4,FALSE,0.7
500233,10041,3,2,1,TRUE,B,76.3,FALSE,0.91
500234,10041,9,3,1,TRUE,B,86.3,FALSE,0.78
500235,10041,13,3,1,FALSE,D,62.8,FALSE,0.9
500236,10041,1,4,1,TRUE,B,83.5,FALSE,0.69
500237,10041,7,4,1,FALSE,F,64.0,FALSE,0.98
500238,10041,2,5,1,TRUE,C,95.0,FALSE,0.61
500239,10041,8,5,1,TRUE,C,85.6,FALSE,0.91
500240,10041,5,6,1,TRUE,B,88.4,FALSE,0.84
500241,10041,11,6,1,TRUE,B,95.8,FALSE,0.9
500242,10042,13,6,1,TRUE,B,75.1,FALSE,0.7
500243,10042,5,6,1,TRUE,B,97.0,FALSE,0.96
500244,10042,11,7,1,TRUE,B,75.8,FALSE,0.84
500245,10042,1,7,1,TRUE,C,98.9,FALSE,0.66
500246,10042,2,8,1,TRUE,A,98.3,FALSE,0.94
500247,10042,3,8,1,TRUE,C,98.9,FALSE,0.75
500248,10043,11,1,5,TRUE,C,89.7,FALSE,0.62
500249,10043,9,1,5,TRUE,A,95.9,FALSE,0.59
500250,10043,12,1,5,TRUE,B,77.9,FALSE,0.84
500251,10044,16,5,3,TRUE,A,81.7,FALSE,0.84
500252,10044,15,5,3,TRUE,C,83.0,FALSE,0.93
500253,10044,14,5,3,TRUE,B,92.0,FALSE,0.87
500254,10045,2,6,2,TRUE,A,81.4,FALSE,0.75
500255,10045,3,6,2,TRUE,B,79.8,FALSE,0.73
500256,10045,5,6,2,TRUE,A,95.2,FALSE,0.69
500257,10045,8,7,2,TRUE,B,77.8,FALSE,0.81
500258,10045,7,7,2,TRUE,B,88.6,FALSE,0.59
500259,10045,4,7,2,TRUE,A,79.4,FALSE,0.63
500260,10045,12,8,2,TRUE,A,98.2,FALSE,0.9
500261,10045,1,8,2,TRUE,A,84.0,FALSE,0.94
500262,10045,11,8,2,TRUE,C,82.4,FALSE,0.84
500263,10045,6,9,2,TRUE,C,79.6,FALSE,0.61
500264,10046,12,1,5,TRUE,B,88.6,FALSE,0.65
500265,10046,11,1,5,TRUE,A,96.2,FALSE,0.99
500266,10046,10,1,5,TRUE,A,85.6,FALSE,0.77
500267,10046,9,2,5,TRUE,C,83.4,FALSE,0.79
500268,10047,15,7,3,TRUE,A,89.0,FALSE,0.79
500269,10047,14,7,3,TRUE,B,91.9,FALSE,0.84
500270,10047,16,7,3,TRUE,B,81.9,FALSE,0.86
500271,10048,10,7,5,TRUE,A,81.3,FALSE,0.78
500272,10048,12,7,5,TRUE,B,86.4,FALSE,0.81
500273,10048,9,8,5,TRUE,B,84.1,FALSE,0.96
500274,10048,11,8,5,TRUE,B,77.5,FALSE,0.94
500275,10049,11,4,5,TRUE,A,90.5,FALSE,0.63
500276,10049,10,4,5,TRUE,B,78.9,FALSE,0.63
500277,10049,12,5,5,FALSE,D,69.4,FALSE,0.82
500278,10049,9,5,5,TRUE,B,92.5,FALSE,0.93
500279,10050,9,4,5,TRUE,B,91.3,FALSE,0.57
500280,10050,10,4,5,TRUE,B,80.6,FALSE,0.6
500281,10050,12,5,5,TRUE,B,81.5,FALSE,0.73
500282,10050,11,5,5,FALSE,D,61.5,FALSE,0.95
500283,10051,12,4,5,TRUE,A,93.9,FALSE,0.99
500284,10051,9,4,5,TRUE,B,93.4,FALSE,0.76
500285,10051,11,5,5,TRUE,A,75.0,FALSE,0.64
500286,10051,10,5,5,TRUE,A,82.4,FALSE,0.66
500287,10052,16,5,6,TRUE,B,91.4,FALSE,0.55
500288,10052,14,5,6,TRUE,B,77.4,FALSE,0.86
500289,10052,10,6,6,TRUE,C,96.9,FALSE,0.72
500290,10052,15,6,6,TRUE,A,80.8,FALSE,0.72
500291,10053,10,5,1,TRUE,A,89.1,FALSE,0.95
500292,10053,12,5,1,TRUE,B,80.6,FALSE,0.7
500293,10053,2,6,1,TRUE,B,89.7,FALSE,0.96
500294,10053,1,6,1,TRUE,A,78.3,FALSE,0.57
500295,10053,8,7,1,TRUE,B,77.2,FALSE,0.84
500296,10053,4,7,1,TRUE,B,81.8,FALSE,0.85
500297,10053,9,8,1,TRUE,B,81.3,FALSE,0.63
500298,10053,11,8,1,TRUE,A,87.4,FALSE,0.76
500299,10053,5,9,1,FALSE,F,66.1,FALSE,0.85
500300,10053,13,9,1,TRUE,A,94.4,FALSE,0.69
500301,10053,7,10,1,TRUE,B,84.2,FALSE,0.56
500302,10053,3,10,1,TRUE,B,91.1,FALSE,0.9
500303,10054,9,7,5,TRUE,B,89.5,FALSE,0.78
500304,10054,12,7,5,TRUE,B,92.1,FALSE,0.99
500305,10054,10,7,5,TRUE,B,79.3,FALSE,0.79
500306,10054,11,8,5,TRUE,A,91.2,FALSE,0.55
500307,10055,8,1,4,FALSE,F,55.4,FALSE,0.94
500308,10055,15,1,4,TRUE,B,76.2,FALSE,0.86
500309,10055,14,2,4,TRUE,B,83.1,FALSE,0.9
500310,10055,16,2,4,FALSE,D,55.1,FALSE,0.71
500311,10056,10,6,6,TRUE,B,89.3,FALSE,0.88
500312,10056,16,6,6,TRUE,A,84.5,FALSE,0.59
500313,10056,15,7,6,TRUE,C,92.4,FALSE,0.77
500314,10056,14,7,6,TRUE,B,83.3,FALSE,0.86
500315,10057,16,6,3,TRUE,A,83.9,FALSE,0.82
500316,10057,15,6,3,TRUE,A,94.5,FALSE,0.72
500317,10057,14,6,3,TRUE,C,76.9,FALSE,0.89
500318,10058,16,3,6,TRUE,C,81.2,FALSE,0.88
500319,10058,14,3,6,FALSE,F,72.1,FALSE,0.91
500320,10058,15,3,6,TRUE,B,98.9,FALSE,0.78
500321,10058,10,4,6,TRUE,A,80.9,FALSE,0.72
500322,10059,9,6,1,FALSE,D,53.5,FALSE,0.85
500323,10059,2,6,1,TRUE,C,86.1,FALSE,0.69
500324,10059,11,7,1,TRUE,B,75.4,FALSE,0.65
500325,10059,12,7,1,TRUE,B,92.5,FALSE,0.92
500326,10059,1,8,1,TRUE,B,90.2,FALSE,0.79
500327,10059,6,8,1,TRUE,B,88.4,FALSE,0.7
500328,10060,10,3,6,TRUE,B,87.0,FALSE,0.86
500329,10060,14,3,6,TRUE,A,81.1,FALSE,0.85
500330,10060,15,4,6,TRUE,B,76.9,FALSE,0.8
500331,10060,16,4,6,TRUE,B,80.0,FALSE,0.72
500332,10061,14,4,3,TRUE,B,75.7,FALSE,0.81
500333,10061,16,4,3,TRUE,B,88.6,FALSE,1.0
500334,10061,15,4,3,FALSE,D,73.7,FALSE,1.0
500335,10062,16,2,3,TRUE,A,95.4,FALSE,0.73
500336,10062,14,2,3,TRUE,B,77.7,FALSE,0.63
500337,10062,15,2,3,TRUE,C,93.7,FALSE,0.99
500338,10063,1,7,2,TRUE,C,96.2,FALSE,0.89
500339,10063,5,7,2,TRUE,B,87.9,FALSE,0.65
500340,10063,8,7,2,TRUE,B,93.2,FALSE,0.92
500341,10063,3,8,2,TRUE,A,97.2,FALSE,0.73
500342,10063,4,8,2,FALSE,D,69.9,FALSE,0.85
500343,10063,2,8,2,TRUE,B,77.4,FALSE,0.84
500344,10063,12,9,2,TRUE,C,84.8,FALSE,0.56
500345,10063,6,9,2,TRUE,B,89.6,FALSE,1.0
500346,10063,7,9,2,TRUE,A,92.6,FALSE,0.7
500347,10063,11,10,2,TRUE,B,88.7,FALSE,0.86
500348,10064,13,9,1,TRUE,A,92.1,FALSE,0.7
500349,10064,12,9,1,TRUE,A,96.5,FALSE,0.81
500350,10064,5,10,1,TRUE,B,91.4,FALSE,1.0
500351,10064,3,10,1,TRUE,B,98.3,FALSE,0.84
500352,10065,7,9,2,TRUE,B,95.8,FALSE,0.94
500353,10065,11,9,2,FALSE,D,59.0,FALSE,0.95
500354,10065,8,10,2,TRUE,B,92.2,FALSE,0.84
500355,10065,5,10,2,TRUE,B,75.6,FALSE,0.92
500356,10065,1,11,2,FALSE,F,69.9,FALSE,0.71
500357,10065,4,11,2,,,,FALSE,0.74
500358,10066,11,3,2,TRUE,A,83.2,FALSE,0.91
500359,10066,4,3,2,TRUE,C,77.3,FALSE,0.86
500360,10066,6,3,2,TRUE,A,92.0,FALSE,0.89
500361,10066,1,4,2,TRUE,B,91.5,FALSE,0.9
500362,10066,5,4,2,TRUE,B,88.6,FALSE,0.57
500363,10066,8,4,2,TRUE,A,87.5,FALSE,0.65
500364,10066,7,5,2,TRUE,B,83.7,FALSE,0.69
500365,10066,3,5,2,TRUE,B,88.6,FALSE,0.76
500366,10066,12,5,2,TRUE,C,82.1,FALSE,0.91
500367,10067,8,9,1,TRUE,C,81.2,FALSE,0.78
500368,10067,4,9,1,TRUE,B,87.4,FALSE,0.83
500369,10067,12,9,1,FALSE,F,57.1,FALSE,0.81
500370,10067,9,10,1,TRUE,B,87.6,FALSE,0.94
500371,10067,1,10,1,TRUE,B,79.1,FALSE,0.77
500372,10067,2,10,1,TRUE,C,84.1,FALSE,0.98
500373,10068,13,6,1,TRUE,A,90.3,FALSE,0.93
500374,10068,7,6,1,TRUE,B,93.8,FALSE,0.95
500375,10068,9,6,1,TRUE,A,83.7,FALSE,0.73
500376,10068,2,7,1,TRUE,A,82.9,FALSE,0.67
500377,10068,1,7,1,TRUE,B,95.3,FALSE,0.94
500378,10068,11,7,1,TRUE,B,76.3,FALSE,0.79
500379,10068,8,8,1,TRUE,A,94.1,FALSE,0.86
500380,10068,3,8,1,TRUE,C,80.9,FALSE,0.87
500381,10068,10,8,1,TRUE,B,98.5,FALSE,0.8
500382,10068,12,9,1,FALSE,F,53.0,FALSE,0.96
500383,10068,5,9,1,FALSE,F,56.0,FALSE,0.65
500384,10068,4,9,1,TRUE,B,89.0,FALSE,0.59
500385,10069,16,4,3,TRUE,B,86.5,FALSE,0.59
500386,10069,15,4,3,TRUE,A,88.0,FALSE,0.82
500387,10069,14,5,3,TRUE,B,75.2,FALSE,0.94
500388,10070,6,7,1,TRUE,C,87.3,FALSE,0.68
500389,10070,9,7,1,TRUE,B,81.0,FALSE,0.86
500390,10070,13,8,1,TRUE,A,90.0,FALSE,0.99
500391,10070,7,8,1,TRUE,B,86.7,FALSE,0.95
500392,10070,5,9,1,TRUE,A,86.9,FALSE,0.58
500393,10070,10,9,1,TRUE,B,82.3,FALSE,0.7
500394,10071,10,5,6,TRUE,B,87.0,FALSE,0.89
500395,10071,16,5,6,TRUE,B,91.4,FALSE,0.64
500396,10071,14,5,6,TRUE,A,82.8,FALSE,0.89
500397,10071,15,6,6,TRUE,B,95.5,FALSE,0.85
500398,10072,11,8,1,TRUE,C,83.5,FALSE,0.69
500399,10072,1,8,1,TRUE,B,88.5,FALSE,0.55
500400,10072,12,8,1,TRUE,B,76.3,FALSE,0.71
500401,10072,13,9,1,TRUE,B,98.4,FALSE,0.56
500402,10072,4,9,1,TRUE,C,80.0,FALSE,0.67
500403,10072,3,9,1,TRUE,B,75.6,FALSE,0.91
500404,10072,2,10,1,TRUE,A,88.4,FALSE,0.91
500405,10072,5,10,1,TRUE,B,85.6,FALSE,0.6
500406,10072,7,10,1,TRUE,B,82.8,FALSE,0.97
500407,10073,11,9,5,TRUE,A,92.0,FALSE,0.68
500408,10073,10,9,5,TRUE,A,84.0,FALSE,0.58
500409,10073,9,9,5,TRUE,B,87.9,FALSE,0.97
500410,10073,12,10,5,FALSE,F,51.5,FALSE,0.7
500411,10074,9,8,1,TRUE,B,93.3,FALSE,0.8
500412,10074,4,8,1,TRUE,A,91.5,FALSE,0.9
500413,10074,6,8,1,FALSE,D,68.7,FALSE,0.98
500414,10074,1,9,1,TRUE,C,93.5,FALSE,0.95
500415,10074,11,9,1,TRUE,B,86.2,FALSE,0.71
500416,10074,2,9,1,TRUE,B,98.3,FALSE,0.66
500417,10074,8,10,1,TRUE,A,75.6,FALSE,0.84
500418,10074,5,10,1,TRUE,A,94.3,FALSE,0.92
500419,10074,10,10,1,FALSE,D,74.1,FALSE,0.56
500420,10075,2,7,1,TRUE,A,88.4,FALSE,0.79
500421,10075,4,7,1,TRUE,A,95.3,FALSE,0.81
500422,10075,10,7,1,TRUE,A,90.6,FALSE,0.89
500423,10075,12,8,1,TRUE,B,85.3,FALSE,0.76
500424,10075,13,8,1,TRUE,A,98.9,FALSE,0.84
500425,10075,5,8,1,FALSE,D,65.1,FALSE,0.75
500426,10075,3,9,1,TRUE,B,92.7,FALSE,0.95
500427,10075,8,9,1,TRUE,B,82.1,FALSE,0.92
500428,10075,11,9,1,FALSE,D,53.9,FALSE,0.62
500429,10075,6,10,1,TRUE,B,89.0,FALSE,0.79
500430,10075,9,10,1,TRUE,B,79.8,FALSE,0.97
500431,10075,1,10,1,TRUE,B,92.2,FALSE,0.62
500432,10075,7,11,1,,,,FALSE,0.56
500433,10076,16,1,4,TRUE,A,82.6,FALSE,0.85
500434,10076,15,1,4,TRUE,B,78.9,FALSE,0.65
500435,10076,8,1,4,TRUE,A,93.5,FALSE,0.61
500436,10077,16,4,6,TRUE,C,92.9,FALSE,0.64
500437,10077,15,4,6,FALSE,F,59.6,FALSE,0.64
500438,10077,14,4,6,TRUE,A,94.5,FALSE,0.99
500439,10078,7,4,1,TRUE,B,98.6,FALSE,0.71
500440,10078,12,4,1,TRUE,B,77.7,FALSE,0.56
500441,10078,6,4,1,TRUE,A,85.1,FALSE,0.71
500442,10078,11,5,1,TRUE,B,95.1,FALSE,0.98
500443,10078,5,5,1,TRUE,C,80.5,FALSE,0.59
500444,10078,8,5,1,TRUE,B,84.4,FALSE,0.56
500445,10078,1,6,1,TRUE,B,92.5,FALSE,0.57
500446,10078,4,6,1,TRUE,A,79.3,FALSE,0.61
500447,10078,3,6,1,FALSE,F,66.3,FALSE,0.58
500448,10078,2,7,1,TRUE,C,95.8,FALSE,0.68
500449,10078,13,7,1,TRUE,B,94.8,FALSE,0.63
500450,10078,10,7,1,TRUE,C,98.2,FALSE,0.91
500451,10079,16,2,6,FALSE,D,53.4,FALSE,0.83
500452,10079,14,2,6,TRUE,B,81.4,FALSE,0.56
500453,10079,10,2,6,FALSE,D,48.8,FALSE,0.57
500454,10079,15,3,6,TRUE,A,96.9,FALSE,0.79
500455,10080,15,7,3,TRUE,A,83.4,FALSE,0.59
500456,10080,14,7,3,TRUE,B,77.7,FALSE,0.76
500457,10080,16,7,3,TRUE,B,96.6,FALSE,0.61
500458,10081,12,2,5,TRUE,B,81.2,FALSE,0.85
500459,10081,11,2,5,TRUE,C,89.7,FALSE,0.59
500460,10081,10,3,5,TRUE,B,94.9,FALSE,0.64
500461,10081,9,3,5,TRUE,A,78.1,FALSE,0.65
500462,10082,15,2,3,TRUE,A,96.3,FALSE,0.66
500463,10082,16,2,3,TRUE,B,92.5,FALSE,0.7
500464,10082,14,3,3,TRUE,B,91.0,FALSE,0.78
500465,10083,16,8,3,TRUE,B,90.9,FALSE,0.88
500466,10083,14,8,3,TRUE,B,93.0,FALSE,0.83
500467,10083,15,9,3,TRUE,A,98.5,FALSE,0.61
500468,10084,10,8,5,TRUE,B,88.7,FALSE,0.94
500469,10084,11,8,5,TRUE,B,95.9,FALSE,0.73
500470,10084,12,9,5,TRUE,B,85.9,FALSE,0.8
500471,10084,9,9,5,TRUE,B,81.7,FALSE,0.97
500472,10085,4,2,1,TRUE,A,98.2,FALSE,0.59
500473,10085,2,2,1,TRUE,A,94.9,FALSE,0.8
500474,10085,7,3,1,TRUE,B,96.0,FALSE,0.75
500475,10085,11,3,1,TRUE,B,97.5,FALSE,0.63
500476,10085,12,4,1,TRUE,B,96.3,FALSE,0.64
500477,10085,1,4,1,TRUE,A,80.3,FALSE,0.64
500478,10085,10,5,1,TRUE,A,87.6,FALSE,0.8
500479,10085,9,5,1,TRUE,B,76.1,FALSE,0.71
500480,10086,12,6,2,FALSE,D,72.9,FALSE,0.94
500481,10086,5,6,2,TRUE,B,98.0,FALSE,0.68
500482,10086,7,7,2,TRUE,B,98.3,FALSE,0.76
500483,10086,6,7,2,TRUE,A,97.5,FALSE,0.58
500484,10086,1,8,2,TRUE,A,91.0,FALSE,0.97
500485,10086,2,8,2,TRUE,A,98.0,FALSE,0.89
500486,10086,8,9,2,TRUE,A,86.5,FALSE,0.89
500487,10086,3,9,2,TRUE,A,97.8,FALSE,0.73
500488,10086,11,10,2,TRUE,B,85.1,FALSE,0.64
500489,10086,4,10,2,TRUE,B,76.7,FALSE,0.61
500490,10087,16,5,3,TRUE,A,97.7,FALSE,0.64
500491,10087,14,5,3,TRUE,B,81.6,FALSE,0.55
500492,10087,15,5,3,TRUE,A,82.5,FALSE,0.9
500493,10088,7,4,2,FALSE,D,73.8,FALSE,0.94
500494,10088,2,4,2,TRUE,B,76.0,FALSE,0.6
500495,10088,5,5,2,TRUE,C,89.0,FALSE,0.86
500496,10088,1,5,2,TRUE,A,93.2,FALSE,0.79
500497,10089,3,4,1,FALSE,D,68.3,FALSE,0.96
500498,10089,1,4,1,TRUE,C,82.9,FALSE,0.93
500499,10089,13,5,1,TRUE,A,77.0,FALSE,0.87
500500,10089,5,5,1,TRUE,A,89.1,FALSE,0.82
500501,10089,8,6,1,TRUE,C,77.5,FALSE,0.77
500502,10089,9,6,1,TRUE,B,88.6,FALSE,0.78
500503,10089,7,7,1,TRUE,B,84.2,FALSE,0.6
500504,10089,4,7,1,TRUE,A,90.4,FALSE,0.81
500505,10089,6,8,1,TRUE,B,93.3,FALSE,0.81
500506,10089,11,8,1,TRUE,B,89.5,FALSE,0.87
500507,10089,10,9,1,TRUE,B,90.5,FALSE,0.93
500508,10089,12,9,1,TRUE,B,87.5,FALSE,0.92
500509,10090,8,7,2,TRUE,B,92.5,FALSE,0.71
500510,10090,6,7,2,TRUE,A,83.5,FALSE,0.67
500511,10090,12,8,2,TRUE,C,82.8,FALSE,1.0
500512,10090,3,8,2,TRUE,A,94.0,FALSE,0.8
500513,10090,11,9,2,TRUE,C,90.6,FALSE,0.73
500514,10090,2,9,2,TRUE,B,94.6,FALSE,0.94
500515,10090,5,10,2,TRUE,C,89.8,FALSE,0.91
500516,10090,4,10,2,TRUE,B,82.6,FALSE,0.6
500517,10091,1,2,1,TRUE,B,85.5,FALSE,0.89
500518,10091,3,2,1,TRUE,A,82.7,FALSE,0.64
500519,10091,5,2,1,TRUE,C,87.1,FALSE,0.8
500520,10091,10,3,1,TRUE,B,87.9,FALSE,0.83
500521,10091,4,3,1,FALSE,D,50.5,FALSE,0.93
500522,10091,13,3,1,FALSE,D,57.0,FALSE,0.73
500523,10091,9,4,1,TRUE,C,77.5,FALSE,0.92
500524,10091,8,4,1,TRUE,B,82.1,FALSE,0.99
500525,10091,6,4,1,TRUE,A,80.4,FALSE,0.66
500526,10092,14,5,4,TRUE,A,95.0,FALSE,0.66
500527,10092,8,5,4,TRUE,A,90.5,FALSE,0.62
500528,10093,10,5,5,TRUE,B,85.5,FALSE,0.8
500529,10093,12,5,5,TRUE,B,84.9,FALSE,0.81
500530,10093,9,5,5,TRUE,B,96.3,FALSE,0.89
500531,10093,11,6,5,TRUE,B,98.6,FALSE,0.74
500532,10094,10,9,6,TRUE,A,98.0,FALSE,0.69
500533,10094,15,9,6,TRUE,B,91.9,FALSE,0.81
500534,10094,14,9,6,FALSE,D,72.2,FALSE,0.79
500535,10094,16,10,6,FALSE,F,69.8,FALSE,0.87
500536,10095,15,8,3,TRUE,B,95.1,FALSE,0.83
500537,10095,14,8,3,TRUE,A,85.5,FALSE,0.56
500538,10095,16,9,3,TRUE,B,90.6,FALSE,0.76
500539,10096,11,2,2,TRUE,A,85.3,FALSE,0.99
500540,10096,7,2,2,TRUE,B,85.9,FALSE,0.86
500541,10096,4,2,2,TRUE,B,80.6,FALSE,0.98
500542,10096,5,3,2,FALSE,D,62.2,FALSE,0.94
500543,10096,12,3,2,TRUE,B,76.3,FALSE,0.81
500544,10096,8,3,2,TRUE,A,76.7,FALSE,0.79
500545,10096,1,4,2,TRUE,A,92.6,FALSE,0.99
500546,10096,6,4,2,TRUE,A,98.8,FALSE,0.56
500547,10096,2,4,2,TRUE,B,92.5,FALSE,0.59
500548,10096,3,5,2,TRUE,C,88.8,FALSE,0.72
500549,10097,14,5,3,TRUE,A,95.3,FALSE,0.59
500550,10097,16,5,3,TRUE,B,92.0,FALSE,0.77
500551,10097,15,6,3,TRUE,A,84.6,FALSE,0.71
500552,10098,12,4,5,TRUE,B,75.5,FALSE,0.58
500553,10098,11,4,5,TRUE,A,91.4,FALSE,0.63
500554,10099,16,5,6,TRUE,B,94.2,FALSE,0.8
500555,10099,15,5,6,TRUE,A,97.9,FALSE,0.84
500556,10099,10,5,6,TRUE,B,87.8,FALSE,0.59
500557,10099,14,6,6,TRUE,B,78.7,FALSE,0.81
500558,10100,4,2,1,TRUE,B,79.3,FALSE,0.63
500559,10100,10,2,1,TRUE,A,79.6,FALSE,1.0
500560,10100,2,2,1,TRUE,C,97.5,FALSE,0.8
500561,10101,14,8,3,TRUE,A,76.6,FALSE,0.71
500562,10101,16,8,3,TRUE,A,94.6,FALSE,0.91
500563,10102,11,4,5,TRUE,C,96.8,FALSE,0.89
500564,10102,12,4,5,TRUE,A,95.3,FALSE,0.85
500565,10102,10,5,5,TRUE,B,87.7,FALSE,0.87
500566,10102,9,5,5,TRUE,C,93.2,FALSE,0.64
500567,10103,12,3,1,FALSE,D,62.8,FALSE,0.69
500568,10103,9,3,1,TRUE,C,93.5,FALSE,0.86
500569,10103,2,4,1,TRUE,A,76.0,FALSE,0.69
500570,10103,1,4,1,TRUE,B,96.6,FALSE,0.63
500571,10103,13,5,1,TRUE,A,76.2,FALSE,0.57
500572,10103,11,5,1,TRUE,B,79.5,FALSE,0.57
500573,10103,10,6,1,TRUE,C,96.0,FALSE,0.78
500574,10103,7,6,1,TRUE,C,87.2,FALSE,0.86
500575,10104,6,5,2,TRUE,A,90.4,FALSE,0.57
500576,10104,12,5,2,TRUE,A,96.6,FALSE,0.97
500577,10104,5,6,2,FALSE,D,54.3,FALSE,0.99
500578,10104,1,6,2,TRUE,B,94.8,FALSE,0.96
500579,10104,3,7,2,TRUE,B,78.7,FALSE,0.66
500580,10104,7,7,2,TRUE,B,96.2,FALSE,0.86
500581,10104,11,8,2,TRUE,B,96.7,FALSE,0.64
500582,10104,8,8,2,TRUE,B,92.7,FALSE,0.73
500583,10105,16,7,3,TRUE,A,95.2,FALSE,0.92
500584,10105,15,7,3,TRUE,C,89.4,FALSE,0.86
500585,10105,14,7,3,FALSE,F,68.3,FALSE,0.85
500586,10106,15,1,3,TRUE,B,78.8,FALSE,0.58
500587,10106,16,1,3,TRUE,C,79.0,FALSE,0.67
500588,10106,14,1,3,TRUE,B,97.3,FALSE,0.68
500589,10107,6,9,1,TRUE,A,86.3,FALSE,0.6
500590,10107,3,9,1,FALSE,F,58.2,FALSE,0.89
500591,10107,11,10,1,TRUE,B,80.8,FALSE,0.72
500592,10107,7,10,1,TRUE,A,85.6,FALSE,0.85
500593,10107,1,11,1,TRUE,C,93.4,FALSE,0.69
500594,10107,8,11,1,TRUE,B,83.2,FALSE,0.96
500595,10108,3,2,2,FALSE,F,52.9,FALSE,0.7
500596,10108,2,2,2,TRUE,B,75.6,FALSE,0.58
500597,10108,7,2,2,TRUE,B,87.7,FALSE,0.62
500598,10108,5,3,2,TRUE,A,82.6,FALSE,0.86
500599,10108,11,3,2,TRUE,B,87.8,FALSE,0.87
500600,10108,1,3,2,TRUE,A,82.7,FALSE,0.61
500601,10108,12,4,2,FALSE,D,54.2,FALSE,0.55
500602,10108,4,4,2,FALSE,F,58.2,FALSE,0.94
500603,10108,8,4,2,TRUE,B,75.8,FALSE,0.58
500604,10108,6,5,2,TRUE,B,96.9,FALSE,0.84
500605,10109,1,8,1,TRUE,B,78.7,FALSE,0.95
500606,10109,12,8,1,TRUE,C,81.9,FALSE,0.63
500607,10109,2,8,1,TRUE,A,99.0,FALSE,0.72
500608,10109,3,9,1,FALSE,F,69.3,FALSE,0.57
500609,10109,13,9,1,TRUE,A,96.1,FALSE,0.99
500610,10109,9,9,1,TRUE,A,90.0,FALSE,0.97
500611,10109,6,10,1,TRUE,C,85.0,FALSE,0.75
500612,10109,4,10,1,TRUE,B,86.1,FALSE,0.7
500613,10109,8,10,1,TRUE,A,92.4,FALSE,0.66
500614,10109,7,11,1,,,,FALSE,0.88
500615,10109,10,11,1,,,,FALSE,0.94
500616,10109,11,11,1,,,,FALSE,0.73
500617,10110,11,6,1,TRUE,A,87.4,FALSE,0.97
500618,10110,10,6,1,FALSE,F,53.5,FALSE,0.67
500619,10110,4,6,1,TRUE,A,88.5,FALSE,0.84
500620,10110,3,7,1,TRUE,A,94.2,FALSE,0.74
500621,10110,6,7,1,TRUE,A,95.8,FALSE,0.89
500622,10110,12,7,1,TRUE,B,89.6,FALSE,0.79
500623,10110,1,8,1,TRUE,A,75.8,FALSE,0.9
500624,10110,7,8,1,FALSE,F,48.2,FALSE,0.7
500625,10110,5,8,1,FALSE,D,72.6,FALSE,0.64
500626,10110,13,9,1,FALSE,F,53.6,FALSE,0.71
500627,10110,9,9,1,TRUE,B,89.0,FALSE,0.76
500628,10110,2,9,1,TRUE,A,82.0,FALSE,0.91
500629,10110,8,10,1,TRUE,A,96.1,FALSE,0.74
500630,10111,2,7,2,TRUE,B,78.5,FALSE,0.59
500631,10111,1,7,2,FALSE,D,71.2,FALSE,0.72
500632,10112,16,4,4,TRUE,A,79.4,FALSE,0.99
500633,10112,8,4,4,TRUE,B,88.6,FALSE,0.99
500634,10112,14,5,4,TRUE,A,76.7,FALSE,0.83
500635,10112,15,5,4,TRUE,A,97.0,FALSE,1.0
500636,10113,8,1,2,TRUE,B,81.1,FALSE,0.68
500637,10113,2,1,2,TRUE,B,97.0,FALSE,0.69
500638,10113,7,1,2,TRUE,C,90.6,FALSE,0.69
500639,10113,12,2,2,TRUE,A,85.4,FALSE,0.67
500640,10113,3,2,2,TRUE,C,90.8,FALSE,0.59
500641,10113,1,2,2,TRUE,B,78.1,FALSE,0.55
500642,10114,11,7,1,TRUE,B,87.3,FALSE,0.73
500643,10114,2,7,1,TRUE,C,97.6,FALSE,0.67
500644,10114,6,8,1,TRUE,A,81.8,FALSE,0.96
500645,10114,3,8,1,TRUE,C,77.0,FALSE,0.96
500646,10114,12,9,1,TRUE,A,96.5,FALSE,0.91
500647,10114,13,9,1,TRUE,A,77.6,FALSE,0.63
500648,10115,15,3,3,TRUE,A,93.7,FALSE,0.55
500649,10115,16,3,3,FALSE,F,69.3,FALSE,0.62
500650,10115,14,4,3,TRUE,B,95.9,FALSE,0.83
500651,10116,4,8,2,FALSE,F,73.1,FALSE,0.74
500652,10116,7,8,2,TRUE,C,80.0,FALSE,0.59
500653,10116,3,8,2,TRUE,B,87.7,FALSE,0.92
500654,10116,5,9,2,TRUE,C,86.9,FALSE,0.63
500655,10116,8,9,2,TRUE,A,91.2,FALSE,0.75
500656,10116,12,9,2,TRUE,A,76.9,FALSE,0.67
500657,10117,3,3,2,TRUE,B,95.1,FALSE,0.82
500658,10117,7,3,2,TRUE,B,81.8,FALSE,0.66
500659,10117,12,4,2,TRUE,A,80.8,FALSE,0.84
500660,10117,5,4,2,TRUE,A,81.0,FALSE,0.58
500661,10118,3,1,2,TRUE,B,91.2,FALSE,0.81
500662,10118,12,1,2,TRUE,C,83.7,FALSE,0.82
500663,10119,1,8,2,TRUE,A,99.0,FALSE,0.65
500664,10119,11,8,2,TRUE,B,91.6,FALSE,0.76
500665,10119,12,9,2,TRUE,B,97.2,FALSE,0.76
500666,10119,8,9,2,TRUE,A,85.9,FALSE,0.88
500667,10119,7,10,2,TRUE,A,97.8,FALSE,0.9
500668,10119,3,10,2,TRUE,A,95.9,FALSE,0.73
500669,10119,4,11,2,FALSE,F,65.5,FALSE,0.62
500670,10119,6,11,2,,,,TRUE,0.76
500671,10120,9,4,1,TRUE,B,87.0,FALSE,0.98
500672,10120,11,4,1,FALSE,F,73.6,FALSE,0.71
500673,10120,10,4,1,TRUE,C,97.9,FALSE,0.76
500674,10120,12,5,1,TRUE,B,80.6,FALSE,0.91
500675,10120,13,5,1,TRUE,B,75.3,FALSE,0.83
500676,10120,3,5,1,TRUE,B,82.5,FALSE,0.74
500677,10120,2,6,1,TRUE,B,78.1,FALSE,0.7
500678,10120,7,6,1,TRUE,A,91.5,FALSE,0.72
500679,10120,8,6,1,TRUE,B,76.5,FALSE,0.72
500680,10120,1,7,1,TRUE,C,97.7,FALSE,0.66
500681,10120,4,7,1,TRUE,B,82.5,FALSE,0.9
500682,10120,6,7,1,TRUE,B,88.9,FALSE,0.86
500683,10121,12,6,2,TRUE,B,75.5,FALSE,0.95
500684,10121,8,6,2,TRUE,B,78.6,FALSE,0.59
500685,10121,1,7,2,TRUE,C,89.5,FALSE,0.67
500686,10121,2,7,2,TRUE,B,93.7,FALSE,0.87
500687,10121,7,8,2,TRUE,B,93.7,FALSE,0.66
500688,10121,5,8,2,TRUE,B,82.9,FALSE,0.77
500689,10121,11,9,2,TRUE,B,81.5,FALSE,0.77
500690,10121,4,9,2,TRUE,A,96.2,FALSE,0.92
500691,10121,6,10,2,TRUE,B,98.0,FALSE,0.82
500692,10121,3,10,2,TRUE,A,76.5,FALSE,0.79
500693,10122,12,3,5,TRUE,B,95.5,FALSE,0.67
500694,10122,10,3,5,TRUE,C,75.6,FALSE,0.84
500695,10122,9,4,5,TRUE,A,83.8,FALSE,0.75
500696,10122,11,4,5,TRUE,B,78.8,FALSE,0.89
500697,10123,12,8,5,TRUE,B,89.6,FALSE,0.62
500698,10123,11,8,5,TRUE,A,97.9,FALSE,0.57
500699,10123,10,8,5,TRUE,A,86.5,FALSE,0.69
500700,10123,9,9,5,TRUE,C,88.2,FALSE,0.75
500701,10124,14,3,3,TRUE,A,95.1,FALSE,0.84
500702,10124,16,3,3,TRUE,A,93.2,FALSE,0.95
500703,10124,15,4,3,FALSE,F,66.9,FALSE,0.77
500704,10125,10,9,5,TRUE,A,97.6,FALSE,0.59
500705,10125,11,9,5,TRUE,A,83.6,FALSE,0.74
500706,10125,12,9,5,TRUE,B,86.8,FALSE,0.58
500707,10126,10,5,1,TRUE,B,90.5,FALSE,0.56
500708,10126,5,5,1,TRUE,B,91.7,FALSE,0.57
500709,10126,1,5,1,TRUE,A,80.6,FALSE,0.98
500710,10126,6,6,1,FALSE,D,56.4,FALSE,0.89
500711,10126,4,6,1,TRUE,B,75.5,FALSE,0.77
500712,10126,8,6,1,TRUE,B,91.7,FALSE,0.58
500713,10127,8,2,4,TRUE,B,86.8,FALSE,0.87
500714,10127,14,2,4,TRUE,A,83.8,FALSE,0.73
500715,10127,16,2,4,TRUE,C,75.2,FALSE,0.88
500716,10127,15,3,4,TRUE,B,88.4,FALSE,0.72
500717,10128,8,6,1,TRUE,B,90.6,FALSE,0.9
500718,10128,11,6,1,TRUE,B,77.7,FALSE,0.91
500719,10128,2,7,1,TRUE,A,96.0,FALSE,0.89
500720,10128,7,7,1,TRUE,C,82.2,FALSE,0.85
500721,10128,1,8,1,TRUE,B,94.6,FALSE,0.76
500722,10128,9,8,1,TRUE,B,80.5,FALSE,0.65
500723,10128,3,9,1,FALSE,F,48.3,FALSE,0.94
500724,10128,12,9,1,TRUE,B,97.7,FALSE,0.87
500725,10129,11,3,5,TRUE,C,89.3,FALSE,0.94
500726,10129,9,3,5,TRUE,A,89.8,FALSE,0.93
500727,10129,10,3,5,TRUE,B,95.6,FALSE,0.97
500728,10129,12,4,5,TRUE,B,84.2,FALSE,0.98
500729,10130,15,4,3,TRUE,B,79.6,FALSE,0.88
500730,10130,16,4,3,TRUE,C,81.7,FALSE,0.56
500731,10130,14,4,3,TRUE,B,96.6,FALSE,0.61
500732,10131,12,5,2,FALSE,D,54.2,FALSE,0.67
500733,10131,3,5,2,TRUE,C,86.5,FALSE,0.86
500734,10132,12,7,1,TRUE,B,90.8,FALSE,0.87
500735,10132,3,7,1,TRUE,B,79.9,FALSE,0.56
500736,10132,8,7,1,TRUE,A,95.9,FALSE,0.86
500737,10132,5,8,1,TRUE,A,98.9,FALSE,0.94
500738,10132,6,8,1,TRUE,C,85.4,FALSE,0.77
500739,10132,10,8,1,TRUE,A,95.4,FALSE,0.68
500740,10132,13,9,1,FALSE,D,57.7,FALSE,0.8
500741,10132,9,9,1,TRUE,C,96.6,FALSE,0.8
500742,10132,1,9,1,TRUE,B,92.6,FALSE,0.73
500743,10132,11,10,1,TRUE,B,83.9,FALSE,0.9
500744,10132,7,10,1,TRUE,B,91.1,FALSE,0.85
500745,10132,2,10,1,TRUE,A,98.1,FALSE,0.82
500746,10132,4,11,1,,,,FALSE,0.76
500747,10133,11,2,5,TRUE,A,98.6,FALSE,0.82
500748,10133,12,2,5,TRUE,A,95.0,FALSE,0.93
500749,10133,9,3,5,TRUE,A,98.5,FALSE,0.92
500750,10133,10,3,5,TRUE,A,94.8,FALSE,1.0
500751,10134,11,7,1,TRUE,B,92.6,FALSE,0.8
500752,10134,4,7,1,TRUE,B,90.8,FALSE,0.65
500753,10134,3,8,1,TRUE,A,84.8,FALSE,0.65
500754,10134,7,8,1,TRUE,C,78.7,FALSE,0.95
500755,10134,10,9,1,TRUE,B,75.0,FALSE,0.91
500756,10134,6,9,1,TRUE,C,97.0,FALSE,0.98
500757,10134,8,10,1,TRUE,A,84.7,FALSE,0.79
500758,10134,5,10,1,FALSE,F,69.5,FALSE,0.56
500759,10135,10,4,5,TRUE,A,91.3,FALSE,0.66
500760,10135,12,4,5,TRUE,B,85.1,FALSE,0.85
500761,10135,9,5,5,FALSE,D,63.8,FALSE,0.72
500762,10135,11,5,5,TRUE,B,85.3,FALSE,0.96
500763,10136,8,3,4,TRUE,B,83.4,FALSE,0.87
500764,10136,15,3,4,TRUE,B,84.2,FALSE,0.9
500765,10137,3,6,1,TRUE,C,77.0,FALSE,0.92
500766,10137,2,6,1,TRUE,B,77.3,FALSE,0.89
500767,10137,5,7,1,TRUE,A,98.6,FALSE,0.7
500768,10137,9,7,1,TRUE,B,91.9,FALSE,0.65
500769,10137,13,8,1,TRUE,A,75.2,FALSE,0.82
500770,10137,4,8,1,TRUE,B,75.7,FALSE,0.75
500771,10138,13,3,1,TRUE,B,76.0,FALSE,0.7
500772,10138,2,3,1,TRUE,A,78.7,FALSE,0.64
500773,10138,6,4,1,TRUE,C,75.1,FALSE,0.91
500774,10138,4,4,1,TRUE,A,93.5,FALSE,0.69
500775,10138,11,5,1,TRUE,B,95.8,FALSE,0.93
500776,10138,10,5,1,TRUE,C,85.7,FALSE,0.98
500777,10139,5,8,1,TRUE,A,85.0,FALSE,0.68
500778,10139,12,8,1,TRUE,A,85.1,FALSE,0.59
500779,10139,8,8,1,TRUE,B,91.0,FALSE,0.73
500780,10139,6,9,1,TRUE,A,96.8,FALSE,0.6
500781,10139,9,9,1,TRUE,C,88.7,FALSE,0.64
500782,10139,7,9,1,TRUE,B,88.1,FALSE,0.67
500783,10139,4,10,1,FALSE,F,68.9,FALSE,0.81
500784,10139,1,10,1,TRUE,A,76.0,FALSE,0.62
500785,10139,10,10,1,TRUE,A,91.8,FALSE,0.72
500786,10139,11,11,1,,,,FALSE,0.67
500787,10139,3,11,1,,,,FALSE,0.69
500788,10139,13,11,1,,,,FALSE,0.85
500789,10140,10,4,1,TRUE,B,93.3,FALSE,0.78
500790,10140,9,4,1,TRUE,A,88.6,FALSE,0.83
500791,10140,11,5,1,TRUE,A,90.0,FALSE,0.92
500792,10140,1,5,1,TRUE,A,93.1,FALSE,0.94
500793,10140,12,6,1,TRUE,C,75.7,FALSE,0.88
500794,10140,6,6,1,TRUE,A,85.8,FALSE,0.89
500795,10140,5,7,1,FALSE,D,64.2,FALSE,0.84
500796,10140,7,7,1,TRUE,B,78.8,FALSE,0.78
500797,10140,3,8,1,TRUE,B,76.8,FALSE,0.56
500798,10140,2,8,1,FALSE,F,50.2,FALSE,0.9
500799,10141,13,9,1,TRUE,C,93.2,FALSE,0.82
500800,10141,4,9,1,TRUE,B,91.4,FALSE,0.85
500801,10141,2,10,1,TRUE,A,86.3,FALSE,0.86
500802,10141,9,10,1,TRUE,B,87.8,FALSE,0.83
500803,10141,10,11,1,,,,FALSE,0.68
500804,10141,3,11,1,,,,FALSE,0.96
500805,10142,14,2,6,TRUE,B,87.4,FALSE,0.68
500806,10142,16,2,6,TRUE,A,91.1,FALSE,0.9
500807,10142,10,3,6,TRUE,C,78.3,FALSE,0.68
500808,10142,15,3,6,TRUE,B,83.7,FALSE,0.8
500809,10143,5,2,1,TRUE,B,94.4,FALSE,0.66
500810,10143,13,2,1,TRUE,B,81.5,FALSE,0.76
500811,10143,1,3,1,TRUE,A,81.1,FALSE,0.66
500812,10143,12,3,1,TRUE,B,94.5,FALSE,0.55
500813,10144,14,5,6,TRUE,B,88.2,FALSE,0.78
500814,10144,16,5,6,TRUE,B,81.4,FALSE,0.83
500815,10144,10,5,6,TRUE,B,77.6,FALSE,0.72
500816,10144,15,6,6,TRUE,B,79.3,FALSE,0.89
500817,10145,8,9,2,TRUE,C,79.9,FALSE,0.8
500818,10145,4,9,2,FALSE,D,56.9,FALSE,0.68
500819,10145,6,10,2,TRUE,B,80.3,FALSE,0.81
500820,10145,7,10,2,TRUE,A,88.3,FALSE,0.62
500821,10145,5,11,2,,,,FALSE,0.91
500822,10145,11,11,2,,,,FALSE,0.98
500823,10146,12,7,5,FALSE,D,54.5,FALSE,0.65
500824,10146,10,7,5,TRUE,A,79.0,FALSE,0.96
500825,10146,11,7,5,TRUE,C,75.1,FALSE,0.69
500826,10146,9,8,5,TRUE,B,89.4,FALSE,0.75
500827,10147,10,6,6,TRUE,C,85.6,FALSE,0.95
500828,10147,16,6,6,TRUE,A,93.0,FALSE,0.79
500829,10147,14,7,6,TRUE,B,96.2,FALSE,0.75
500830,10147,15,7,6,TRUE,A,83.2,FALSE,0.77
500831,10148,3,2,1,FALSE,D,57.3,FALSE,0.66
500832,10148,12,2,1,TRUE,B,80.5,FALSE,0.94
500833,10148,5,2,1,TRUE,B,91.5,FALSE,0.66
500834,10148,9,3,1,TRUE,A,85.9,FALSE,0.72
500835,10148,1,3,1,TRUE,B,84.1,FALSE,0.75
500836,10148,11,3,1,TRUE,B,85.2,FALSE,0.66
500837,10149,16,1,3,TRUE,A,81.2,FALSE,0.63
500838,10149,15,1,3,TRUE,B,90.5,FALSE,0.79
500839,10149,14,1,3,TRUE,B,75.9,FALSE,0.71
500840,10150,15,4,3,TRUE,C,77.2,FALSE,0.8
500841,10150,16,4,3,TRUE,B,87.6,FALSE,0.75
500842,10150,14,4,3,TRUE,B,95.6,FALSE,0.94
500843,10151,16,3,6,TRUE,A,76.6,FALSE,0.83
500844,10151,10,3,6,TRUE,C,93.8,FALSE,0.63
500845,10151,14,3,6,TRUE,A,97.6,FALSE,0.66
500846,10151,15,4,6,TRUE,C,79.7,FALSE,0.58
500847,10152,12,4,2,TRUE,A,79.5,FALSE,0.7
500848,10152,6,4,2,TRUE,A,81.5,FALSE,0.78
500849,10152,7,4,2,TRUE,A,84.5,FALSE,0.57
500850,10152,8,5,2,TRUE,B,78.2,FALSE,0.93
500851,10152,4,5,2,TRUE,A,81.7,FALSE,0.75
500852,10152,1,5,2,TRUE,A,92.1,FALSE,0.84
500853,10153,6,2,2,TRUE,C,88.2,FALSE,0.73
500854,10153,8,2,2,TRUE,B,98.1,FALSE,0.71
500855,10153,5,2,2,TRUE,C,92.2,FALSE,0.73
500856,10153,4,3,2,TRUE,A,97.5,FALSE,0.78
500857,10153,3,3,2,TRUE,A,94.3,FALSE,0.58
500858,10153,12,3,2,TRUE,A,95.2,FALSE,0.82
500859,10153,11,4,2,TRUE,B,84.0,FALSE,0.56
500860,10153,7,4,2,TRUE,A,93.0,FALSE,0.75
500861,10153,2,4,2,TRUE,B,78.5,FALSE,0.91
500862,10153,1,5,2,TRUE,B,90.6,FALSE,0.73
500863,10154,9,1,1,TRUE,A,76.2,FALSE,0.95
500864,10154,2,1,1,TRUE,A,82.1,FALSE,0.71
500865,10154,12,2,1,TRUE,B,96.3,FALSE,0.59
500866,10154,13,2,1,TRUE,B,94.7,FALSE,0.76
500867,10155,16,1,6,TRUE,A,97.1,FALSE,0.55
500868,10155,15,1,6,FALSE,D,67.7,FALSE,0.58
500869,10155,14,1,6,TRUE,B,90.1,FALSE,0.56
500870,10155,10,2,6,TRUE,B,94.2,FALSE,0.71
500871,10156,9,2,5,TRUE,B,89.1,FALSE,0.89
500872,10156,12,2,5,TRUE,C,87.3,FALSE,0.9
500873,10156,10,2,5,TRUE,A,88.6,FALSE,1.0
500874,10157,16,9,3,TRUE,C,85.6,FALSE,0.84
500875,10157,15,9,3,TRUE,A,93.3,FALSE,0.59
500876,10157,14,10,3,TRUE,A,84.5,FALSE,0.57
500877,10158,15,2,3,TRUE,A,79.6,FALSE,0.74
500878,10158,16,2,3,TRUE,A,98.8,FALSE,0.55
500879,10158,14,2,3,FALSE,D,70.7,FALSE,0.88
500880,10159,11,7,5,TRUE,A,86.8,FALSE,0.85
500881,10159,10,7,5,TRUE,C,83.2,FALSE,0.99
500882,10159,12,7,5,TRUE,B,97.9,FALSE,0.81
500883,10159,9,8,5,TRUE,C,96.6,FALSE,0.7
500884,10160,10,5,1,TRUE,B,97.6,FALSE,0.77
500885,10160,4,5,1,TRUE,B,84.7,FALSE,0.69
500886,10160,1,5,1,TRUE,A,77.6,FALSE,0.8
500887,10160,12,6,1,TRUE,A,80.3,FALSE,0.76
500888,10160,2,6,1,TRUE,B,77.4,FALSE,0.78
500889,10160,8,6,1,TRUE,B,84.6,FALSE,0.7
500890,10160,7,7,1,FALSE,D,52.3,FALSE,0.98
500891,10160,5,7,1,TRUE,A,93.6,FALSE,0.75
500892,10160,13,7,1,TRUE,B,78.7,FALSE,0.99
500893,10160,3,8,1,TRUE,B,83.9,FALSE,0.66
500894,10160,9,8,1,TRUE,B,86.8,FALSE,0.81
500895,10160,6,8,1,TRUE,B,95.4,FALSE,0.66
500896,10161,2,2,1,TRUE,A,86.8,FALSE,0.97
500897,10161,10,2,1,TRUE,A,91.7,FALSE,1.0
500898,10161,4,2,1,FALSE,F,52.7,FALSE,0.68
500899,10161,5,3,1,TRUE,C,91.3,FALSE,0.71
500900,10161,9,3,1,TRUE,B,76.0,FALSE,0.7
500901,10161,1,3,1,FALSE,F,63.4,FALSE,0.83
500902,10162,15,6,3,TRUE,B,86.8,FALSE,0.82
500903,10162,16,6,3,TRUE,B,87.6,FALSE,0.68
500904,10162,14,6,3,FALSE,D,64.0,FALSE,0.62
500905,10163,15,6,3,TRUE,A,91.5,FALSE,0.73
500906,10163,14,6,3,TRUE,B,78.9,FALSE,0.91
500907,10163,16,7,3,TRUE,B,87.2,FALSE,0.84
500908,10164,9,9,1,TRUE,A,77.8,FALSE,1.0
500909,10164,3,9,1,FALSE,D,67.1,FALSE,0.9
500910,10164,1,9,1,TRUE,C,88.9,FALSE,0.77
500911,10165,11,9,5,TRUE,A,86.4,FALSE,0.71
500912,10165,10,9,5,TRUE,A,83.3,FALSE,0.56
500913,10165,9,9,5,TRUE,A,81.1,FALSE,0.92
500914,10165,12,10,5,TRUE,C,98.2,FALSE,0.94
500915,10166,16,5,4,TRUE,B,85.1,FALSE,0.98
500916,10166,15,5,4,TRUE,A,95.8,FALSE,0.55
500917,10166,14,5,4,TRUE,B,97.9,FALSE,0.59
500918,10166,8,6,4,TRUE,A,83.0,FALSE,0.95
500919,10167,5,3,2,TRUE,B,83.2,FALSE,0.72
500920,10167,7,3,2,FALSE,F,60.7,FALSE,0.64
500921,10167,1,3,2,TRUE,C,90.8,FALSE,0.88
500922,10167,12,4,2,TRUE,B,84.4,FALSE,1.0
500923,10167,6,4,2,TRUE,B,89.7,FALSE,0.9
500924,10167,2,4,2,TRUE,C,75.9,FALSE,0.82
500925,10167,3,5,2,TRUE,B,98.9,FALSE,0.57
500926,10167,8,5,2,TRUE,C,84.8,FALSE,0.98
500927,10167,11,5,2,FALSE,D,69.9,FALSE,0.97
500928,10167,4,6,2,TRUE,A,89.6,FALSE,0.97
500929,10168,5,3,2,TRUE,A,87.7,FALSE,0.65
500930,10168,11,3,2,TRUE,A,80.7,FALSE,0.74
500931,10168,6,3,2,TRUE,B,94.3,FALSE,0.79
500932,10168,2,4,2,TRUE,A,97.6,FALSE,0.78
500933,10168,1,4,2,TRUE,C,94.1,FALSE,0.9
500934,10168,7,4,2,TRUE,B,90.9,FALSE,0.99
500935,10168,3,5,2,FALSE,D,65.5,FALSE,0.9
500936,10168,8,5,2,TRUE,B,97.2,FALSE,0.8
500937,10168,4,5,2,TRUE,A,88.1,FALSE,0.56
500938,10168,12,6,2,TRUE,A,82.9,FALSE,0.98
500939,10169,7,1,1,TRUE,B,77.3,FALSE,0.69
500940,10169,13,1,1,TRUE,A,88.2,FALSE,0.58
500941,10169,8,2,1,TRUE,A,77.9,FALSE,0.98
500942,10169,12,2,1,FALSE,D,68.3,FALSE,0.98
500943,10169,4,3,1,FALSE,F,59.9,FALSE,0.78
500944,10169,9,3,1,TRUE,B,87.8,FALSE,0.6
500945,10169,6,4,1,TRUE,A,81.7,FALSE,0.71
500946,10169,10,4,1,TRUE,A,79.2,FALSE,0.8
500947,10169,11,5,1,TRUE,B,75.4,FALSE,0.91
500948,10169,5,5,1,TRUE,A,77.1,FALSE,0.62
500949,10169,3,6,1,TRUE,C,87.5,FALSE,0.79
500950,10169,2,6,1,TRUE,C,97.2,FALSE,0.71
500951,10170,12,4,2,TRUE,C,93.6,FALSE,0.86
500952,10170,3,4,2,TRUE,C,92.9,FALSE,0.97
500953,10170,8,4,2,TRUE,B,88.4,FALSE,0.72
500954,10170,2,5,2,TRUE,A,79.8,FALSE,0.57
500955,10170,4,5,2,FALSE,F,63.1,FALSE,0.99
500956,10170,5,5,2,TRUE,B,90.6,FALSE,0.89
500957,10170,1,6,2,FALSE,D,56.3,FALSE,0.59
500958,10170,11,6,2,TRUE,B,89.3,FALSE,0.89
500959,10170,7,6,2,TRUE,B,86.4,FALSE,1.0
500960,10170,6,7,2,TRUE,B,83.2,FALSE,0.91
500961,10171,14,8,3,TRUE,B,94.7,FALSE,0.57
500962,10171,15,8,3,TRUE,C,97.5,FALSE,0.98
500963,10171,16,9,3,TRUE,B,81.2,FALSE,1.0
500964,10172,8,4,1,TRUE,C,82.9,FALSE,0.59
500965,10172,11,4,1,TRUE,B,87.6,FALSE,0.93
500966,10173,4,8,1,FALSE,F,56.2,FALSE,0.92
500967,10173,7,8,1,TRUE,C,88.9,FALSE,0.8
500968,10173,3,8,1,TRUE,A,90.8,FALSE,0.95
500969,10173,8,9,1,TRUE,B,76.0,FALSE,0.59
500970,10173,10,9,1,TRUE,A,92.8,FALSE,0.58
500971,10173,11,9,1,TRUE,A,89.1,FALSE,0.95
500972,10174,12,6,5,TRUE,B,81.3,FALSE,0.97
500973,10174,11,6,5,TRUE,B,80.9,FALSE,0.63
500974,10174,10,7,5,TRUE,A,88.7,FALSE,0.83
500975,10174,9,7,5,FALSE,F,53.8,FALSE,0.63
500976,10175,11,7,5,TRUE,C,81.6,FALSE,0.9
500977,10175,9,7,5,TRUE,A,88.1,FALSE,0.74
500978,10175,12,8,5,TRUE,B,84.3,FALSE,0.68
500979,10175,10,8,5,TRUE,B,98.4,FALSE,0.96
500980,10176,10,3,6,TRUE,B,78.0,FALSE,0.66
500981,10176,14,3,6,TRUE,A,75.0,FALSE,0.73
500982,10176,15,3,6,TRUE,A,81.1,FALSE,0.81
500983,10176,16,4,6,TRUE,C,88.9,FALSE,0.66
500984,10177,3,7,1,FALSE,F,53.5,FALSE,0.92
500985,10177,9,7,1,FALSE,F,50.8,FALSE,0.75
500986,10177,7,8,1,TRUE,A,90.6,FALSE,0.94
500987,10177,5,8,1,TRUE,C,84.9,FALSE,0.78
500988,10177,8,9,1,TRUE,C,90.9,FALSE,0.62
500989,10177,10,9,1,TRUE,C,79.5,FALSE,0.94
500990,10177,6,10,1,TRUE,B,86.8,FALSE,0.75
500991,10177,2,10,1,TRUE,A,85.4,FALSE,0.58
500992,10177,13,11,1,,,,FALSE,0.68
500993,10177,11,11,1,TRUE,B,78.4,FALSE,0.63
500994,10178,6,3,1,TRUE,B,81.5,FALSE,0.65
500995,10178,5,3,1,TRUE,A,75.4,FALSE,0.84
500996,10178,12,3,1,TRUE,B,98.7,FALSE,0.78
500997,10178,4,4,1,TRUE,C,77.6,FALSE,0.72
500998,10178,10,4,1,TRUE,C,77.4,FALSE,0.78
500999,10178,7,4,1,TRUE,A,84.7,FALSE,0.81
501000,10178,3,5,1,TRUE,B,80.8,FALSE,0.66
501001,10178,11,5,1,TRUE,B,98.0,FALSE,0.94
501002,10178,2,5,1,TRUE,A,97.2,FALSE,0.83
501003,10178,9,6,1,TRUE,A,75.1,FALSE,0.7
501004,10178,8,6,1,TRUE,B,88.3,FALSE,0.7
501005,10178,1,6,1,TRUE,C,79.5,FALSE,0.69
501006,10179,9,3,1,TRUE,B,96.4,FALSE,0.57
501007,10179,2,3,1,TRUE,A,86.3,FALSE,0.79
501008,10179,1,3,1,TRUE,B,85.3,FALSE,0.56
501009,10179,3,4,1,FALSE,F,62.9,FALSE,0.65
501010,10179,8,4,1,TRUE,B,79.9,FALSE,0.79
501011,10179,10,4,1,TRUE,B,77.5,FALSE,0.75
501012,10179,6,5,1,TRUE,A,92.7,FALSE,0.72
501013,10179,12,5,1,FALSE,D,48.3,FALSE,0.6
501014,10179,4,5,1,TRUE,B,89.1,FALSE,0.95
501015,10179,11,6,1,FALSE,F,72.4,FALSE,0.59
501016,10179,5,6,1,TRUE,C,89.4,FALSE,0.83
501017,10179,7,6,1,TRUE,C,76.1,FALSE,0.67
501018,10180,8,2,4,TRUE,B,80.2,FALSE,0.95
501019,10180,14,2,4,FALSE,F,61.3,FALSE,0.97
501020,10180,16,3,4,TRUE,B,85.3,FALSE,0.97
501021,10180,15,3,4,TRUE,A,88.4,FALSE,0.56
501022,10181,15,8,4,TRUE,A,79.1,FALSE,0.66
501023,10181,8,8,4,FALSE,F,52.7,FALSE,0.64
501024,10181,16,9,4,TRUE,B,76.5,FALSE,0.65
501025,10181,14,9,4,TRUE,C,77.8,FALSE,0.64
501026,10182,14,3,3,TRUE,A,91.5,FALSE,0.76
501027,10182,15,3,3,FALSE,F,57.9,FALSE,0.86
501028,10182,16,4,3,TRUE,A,77.6,FALSE,0.65
501029,10183,1,2,2,TRUE,B,98.9,FALSE,0.85
501030,10183,5,2,2,TRUE,A,85.8,FALSE,0.82
501031,10183,11,3,2,TRUE,B,81.7,FALSE,0.82
501032,10183,12,3,2,TRUE,A,94.2,FALSE,0.64
501033,10183,6,4,2,TRUE,B,93.5,FALSE,0.97
501034,10183,8,4,2,TRUE,C,77.8,FALSE,0.61
501035,10183,4,5,2,FALSE,F,67.5,FALSE,0.8
501036,10183,2,5,2,TRUE,C,90.6,FALSE,0.88
501037,10184,5,2,1,TRUE,B,77.0,FALSE,0.79
501038,10184,8,2,1,TRUE,A,83.0,FALSE,0.92
501039,10184,10,2,1,FALSE,F,60.9,FALSE,0.61
501040,10184,12,3,1,TRUE,A,91.8,FALSE,0.78
501041,10184,6,3,1,TRUE,C,76.7,FALSE,0.84
501042,10184,2,3,1,FALSE,D,68.1,FALSE,0.62
501043,10185,12,4,5,TRUE,C,93.7,FALSE,0.86
501044,10185,9,4,5,TRUE,A,92.4,FALSE,0.7
501045,10185,10,4,5,TRUE,B,94.4,FALSE,0.59
501046,10186,11,6,5,TRUE,B,87.9,FALSE,0.58
501047,10186,9,6,5,TRUE,A,98.2,FALSE,0.87
501048,10186,12,6,5,TRUE,C,82.5,FALSE,0.6
501049,10186,10,7,5,TRUE,B,90.5,FALSE,0.67
501050,10187,1,8,2,TRUE,A,76.8,FALSE,0.92
501051,10187,8,8,2,TRUE,A,89.9,FALSE,0.69
501052,10187,12,9,2,TRUE,B,87.2,FALSE,0.56
501053,10187,4,9,2,TRUE,B,75.1,FALSE,0.95
501054,10187,7,10,2,TRUE,A,90.3,FALSE,0.71
501055,10187,6,10,2,TRUE,B,87.7,FALSE,0.72
501056,10187,5,11,2,,,,FALSE,0.78
501057,10187,3,11,2,,,,TRUE,0.69
501058,10188,12,6,2,TRUE,B,89.5,FALSE,0.8
501059,10188,2,6,2,TRUE,A,93.9,FALSE,0.9
501060,10188,11,6,2,TRUE,B,97.9,FALSE,0.63
501061,10188,4,7,2,FALSE,F,55.1,FALSE,0.97
501062,10188,8,7,2,TRUE,B,81.1,FALSE,0.61
501063,10188,6,7,2,TRUE,A,87.7,FALSE,0.67
501064,10189,14,7,3,TRUE,B,97.8,FALSE,0.95
501065,10189,15,7,3,TRUE,C,79.7,FALSE,0.89
501066,10189,16,7,3,TRUE,B,76.5,FALSE,0.66
501067,10190,15,3,3,TRUE,B,89.9,FALSE,0.88
501068,10190,14,3,3,TRUE,C,90.5,FALSE,0.88
501069,10190,16,3,3,TRUE,A,78.8,FALSE,0.95
501070,10191,14,5,6,FALSE,D,73.4,FALSE,0.59
501071,10191,16,5,6,TRUE,B,94.7,FALSE,0.98
501072,10191,10,5,6,TRUE,B,78.8,FALSE,0.89
501073,10191,15,6,6,TRUE,B,76.0,FALSE,0.9
501074,10192,12,9,5,TRUE,C,95.8,FALSE,0.56
501075,10192,9,9,5,TRUE,B,84.1,FALSE,0.91
501076,10192,10,10,5,TRUE,B,87.3,FALSE,0.78
501077,10192,11,10,5,TRUE,C,93.5,FALSE,0.6
501078,10193,8,4,1,TRUE,C,75.9,FALSE,0.84
501079,10193,1,4,1,TRUE,A,82.0,FALSE,0.96
501080,10193,7,4,1,TRUE,B,93.4,FALSE,0.64
501081,10193,13,5,1,TRUE,C,89.1,FALSE,0.6
501082,10193,2,5,1,TRUE,A,94.4,FALSE,0.59
501083,10193,6,5,1,TRUE,B,85.9,FALSE,0.87
501084,10193,10,6,1,TRUE,B,88.1,FALSE,0.99
501085,10193,5,6,1,TRUE,C,77.2,FALSE,0.64
501086,10193,3,6,1,FALSE,D,58.7,FALSE,1.0
501087,10193,11,7,1,FALSE,F,58.7,FALSE,0.88
501088,10193,12,7,1,TRUE,B,97.0,FALSE,0.89
501089,10193,9,7,1,TRUE,B,98.1,FALSE,0.59
501090,10193,4,8,1,TRUE,B,95.6,FALSE,0.87
501091,10194,13,5,1,TRUE,B,95.1,FALSE,0.97
501092,10194,10,5,1,TRUE,B,84.1,FALSE,0.84
501093,10194,2,5,1,TRUE,B,92.5,FALSE,0.6
501094,10195,10,3,5,TRUE,A,94.0,FALSE,0.95
501095,10195,11,3,5,FALSE,F,63.9,FALSE,0.94
501096,10195,9,3,5,TRUE,A,88.8,FALSE,0.79
501097,10195,12,4,5,TRUE,B,84.5,FALSE,0.7
501098,10196,9,6,1,TRUE,B,81.6,FALSE,0.74
501099,10196,13,6,1,FALSE,D,72.7,FALSE,0.61
501100,10197,10,4,5,TRUE,B,93.7,FALSE,0.66
501101,10197,9,4,5,TRUE,C,85.3,FALSE,0.57
501102,10197,11,4,5,TRUE,A,77.8,FALSE,0.74
501103,10197,12,5,5,TRUE,A,97.5,FALSE,0.94
501104,10198,15,8,6,TRUE,A,96.2,FALSE,0.92
501105,10198,10,8,6,TRUE,C,84.3,FALSE,0.76
501106,10198,16,9,6,TRUE,A,92.9,FALSE,0.98
501107,10198,14,9,6,TRUE,B,81.1,FALSE,0.71
501108,10199,10,3,5,TRUE,B,86.6,FALSE,0.74
501109,10199,9,3,5,TRUE,B,96.7,FALSE,0.64
501110,10199,11,4,5,TRUE,C,81.3,FALSE,0.98
501111,10199,12,4,5,FALSE,F,56.0,FALSE,0.91
501112,10200,3,9,1,TRUE,C,84.0,FALSE,0.61
501113,10200,1,9,1,TRUE,C,83.9,FALSE,0.86
501114,10200,9,10,1,TRUE,B,76.1,FALSE,1.0
501115,10200,2,10,1,TRUE,B,76.6,FALSE,0.68
501116,10201,11,7,2,TRUE,C,84.0,FALSE,0.68
501117,10201,6,7,2,TRUE,B,89.5,FALSE,0.89
501118,10201,7,8,2,TRUE,B,93.3,FALSE,0.59
501119,10201,4,8,2,TRUE,B,78.5,FALSE,0.81
501120,10201,2,9,2,TRUE,A,88.7,FALSE,0.7
501121,10201,5,9,2,FALSE,D,48.6,FALSE,0.81
501122,10201,12,10,2,TRUE,A,95.6,FALSE,0.95
501123,10201,8,10,2,FALSE,F,70.2,FALSE,0.68
501124,10201,1,11,2,TRUE,B,84.7,FALSE,0.98
501125,10201,3,11,2,FALSE,D,48.6,FALSE,0.62
501126,10202,5,7,2,TRUE,A,98.9,FALSE,0.78
501127,10202,11,7,2,TRUE,B,91.1,FALSE,0.96
501128,10202,3,8,2,TRUE,B,96.6,FALSE,0.61
501129,10202,12,8,2,TRUE,B,93.2,FALSE,0.92
501130,10202,4,9,2,TRUE,C,98.0,FALSE,0.6
501131,10202,6,9,2,TRUE,B,91.7,FALSE,0.75
501132,10203,10,2,1,TRUE,A,84.8,FALSE,0.97
501133,10203,2,2,1,TRUE,B,88.5,FALSE,0.59
501134,10203,5,2,1,TRUE,A,96.2,FALSE,0.91
501135,10203,13,3,1,TRUE,A,83.1,FALSE,0.66
501136,10203,8,3,1,TRUE,B,81.4,FALSE,0.62
501137,10203,12,3,1,TRUE,B,93.6,FALSE,0.67
501138,10203,4,4,1,TRUE,A,95.5,FALSE,0.77
501139,10203,11,4,1,TRUE,B,75.2,FALSE,0.75
501140,10203,6,4,1,TRUE,A,96.2,FALSE,1.0
501141,10203,7,5,1,TRUE,B,98.5,FALSE,0.78
501142,10203,3,5,1,FALSE,D,65.6,FALSE,0.92
501143,10203,9,5,1,TRUE,A,75.6,FALSE,0.72
501144,10203,1,6,1,FALSE,F,65.1,FALSE,0.68
501145,10204,15,3,3,TRUE,A,85.9,FALSE,0.94
501146,10204,14,3,3,TRUE,B,95.9,FALSE,0.84
501147,10204,16,3,3,TRUE,B,76.2,FALSE,0.65
501148,10205,6,4,1,TRUE,B,93.3,FALSE,0.85
501149,10205,7,4,1,TRUE,B,83.3,FALSE,0.91
501150,10205,11,5,1,TRUE,C,86.8,FALSE,0.92
501151,10205,2,5,1,TRUE,A,97.2,FALSE,0.8
501152,10206,3,2,1,TRUE,B,97.9,FALSE,0.71
501153,10206,9,2,1,TRUE,B,79.9,FALSE,0.6
501154,10207,15,1,3,FALSE,F,70.4,FALSE,0.86
501155,10207,14,1,3,FALSE,D,52.3,FALSE,0.6
501156,10207,16,2,3,TRUE,B,80.7,FALSE,0.99
501157,10208,16,4,3,TRUE,B,88.8,FALSE,0.72
501158,10208,14,4,3,TRUE,C,85.7,FALSE,0.8
501159,10208,15,5,3,TRUE,C,89.2,FALSE,0.98
501160,10209,5,8,2,TRUE,B,76.3,FALSE,0.64
501161,10209,7,8,2,TRUE,B,77.4,FALSE,0.79
501162,10209,11,8,2,TRUE,C,96.7,FALSE,0.91
501163,10209,8,9,2,TRUE,A,79.1,FALSE,0.58
501164,10209,3,9,2,TRUE,B,90.3,FALSE,0.95
501165,10209,4,9,2,TRUE,A,94.9,FALSE,0.83
501166,10209,2,10,2,TRUE,B,97.3,FALSE,0.63
501167,10209,1,10,2,TRUE,B,92.6,FALSE,0.9
501168,10209,6,10,2,TRUE,B,85.5,FALSE,0.94
501169,10210,7,4,1,TRUE,C,85.8,FALSE,0.56
501170,10210,10,4,1,TRUE,C,89.1,FALSE,0.84
501171,10210,1,5,1,TRUE,A,97.3,FALSE,0.75
501172,10210,11,5,1,TRUE,B,84.7,FALSE,0.66
501173,10211,5,6,2,TRUE,A,79.1,FALSE,0.83
501174,10211,4,6,2,TRUE,B,78.8,FALSE,0.86
501175,10212,12,2,5,TRUE,C,97.5,FALSE,0.67
501176,10212,10,2,5,TRUE,B,92.6,FALSE,0.84
501177,10212,9,2,5,TRUE,B,76.7,FALSE,0.61
501178,10212,11,3,5,TRUE,B,98.3,FALSE,0.98
501179,10213,12,6,5,TRUE,B,81.9,FALSE,0.94
501180,10213,10,6,5,TRUE,A,78.0,FALSE,0.93
501181,10213,9,7,5,TRUE,C,97.8,FALSE,0.88
501182,10213,11,7,5,TRUE,C,88.0,FALSE,0.82
501183,10214,14,4,4,TRUE,B,96.2,FALSE,0.93
501184,10214,15,4,4,TRUE,A,88.3,FALSE,0.84
501185,10214,8,5,4,TRUE,B,85.8,FALSE,0.78
501186,10214,16,5,4,TRUE,A,93.0,FALSE,0.86
501187,10215,11,7,5,TRUE,B,88.1,FALSE,0.73
501188,10215,10,7,5,TRUE,C,93.5,FALSE,0.63
501189,10215,9,8,5,TRUE,B,85.8,FALSE,0.9
501190,10215,12,8,5,TRUE,C,76.5,FALSE,0.85
501191,10216,1,8,2,TRUE,A,95.1,FALSE,0.69
501192,10216,6,8,2,TRUE,C,86.9,FALSE,0.57
501193,10216,3,8,2,TRUE,B,82.6,FALSE,0.55
501194,10216,7,9,2,TRUE,A,91.4,FALSE,0.72
501195,10216,2,9,2,TRUE,C,96.2,FALSE,0.95
501196,10216,5,9,2,TRUE,B,98.9,FALSE,0.88
501197,10216,4,10,2,TRUE,A,86.0,FALSE,0.56
501198,10216,11,10,2,FALSE,F,55.4,FALSE,0.9
501199,10216,12,10,2,TRUE,B,84.0,FALSE,0.63
501200,10216,8,11,2,,,,FALSE,0.61
501201,10217,6,3,1,TRUE,C,81.3,FALSE,0.86
501202,10217,1,3,1,TRUE,B,87.8,FALSE,0.88
501203,10217,9,4,1,TRUE,B,79.3,FALSE,0.73
501204,10217,8,4,1,TRUE,B,79.1,FALSE,0.65
501205,10217,2,5,1,TRUE,B,83.2,FALSE,0.9
501206,10217,13,5,1,TRUE,B,80.4,FALSE,0.6
501207,10218,13,7,1,TRUE,B,81.9,FALSE,0.65
501208,10218,2,7,1,TRUE,A,90.1,FALSE,0.94
501209,10218,9,7,1,TRUE,A,94.8,FALSE,0.97
501210,10218,10,8,1,TRUE,B,86.5,FALSE,0.62
501211,10218,4,8,1,FALSE,D,70.0,FALSE,0.81
501212,10218,3,8,1,TRUE,B,75.9,FALSE,0.64
501213,10218,5,9,1,TRUE,B,82.8,FALSE,0.6
501214,10218,8,9,1,TRUE,A,79.9,FALSE,0.88
501215,10218,1,9,1,TRUE,B,96.3,FALSE,0.76
501216,10218,11,10,1,TRUE,A,87.6,FALSE,0.91
501217,10218,6,10,1,TRUE,A,82.6,FALSE,0.98
501218,10218,7,10,1,TRUE,C,95.3,FALSE,0.94
501219,10219,11,7,5,TRUE,B,79.3,FALSE,0.83
501220,10219,12,7,5,TRUE,B,77.9,FALSE,0.79
501221,10220,10,3,5,FALSE,F,57.5,FALSE,0.93
501222,10220,12,3,5,TRUE,B,95.6,FALSE,0.73
501223,10220,11,4,5,TRUE,B,97.4,FALSE,0.91
501224,10220,9,4,5,TRUE,A,85.3,FALSE,0.98
501225,10221,1,6,1,TRUE,C,92.8,FALSE,0.68
501226,10221,6,6,1,TRUE,B,92.6,FALSE,0.98
501227,10221,4,6,1,TRUE,C,82.6,FALSE,0.93
501228,10221,5,7,1,TRUE,B,87.0,FALSE,0.98
501229,10221,2,7,1,TRUE,C,98.2,FALSE,0.74
501230,10221,12,7,1,TRUE,A,78.3,FALSE,0.95
501231,10221,3,8,1,FALSE,D,69.2,FALSE,0.84
501232,10221,11,8,1,TRUE,A,96.1,FALSE,0.98
501233,10221,8,8,1,TRUE,A,96.1,FALSE,0.91
501234,10221,7,9,1,TRUE,A,76.7,FALSE,0.7
501235,10221,9,9,1,TRUE,C,87.5,FALSE,0.83
501236,10221,10,9,1,TRUE,A,79.4,FALSE,0.68
501237,10221,13,10,1,TRUE,B,87.5,FALSE,0.72
501238,10222,16,6,6,TRUE,B,80.3,FALSE,0.95
501239,10222,15,6,6,TRUE,B,92.3,FALSE,0.84
501240,10222,14,7,6,TRUE,B,75.2,FALSE,0.93
501241,10222,10,7,6,TRUE,B,91.9,FALSE,0.68
501242,10223,15,4,3,TRUE,A,94.4,FALSE,0.88
501243,10223,16,4,3,TRUE,A,76.5,FALSE,0.82
501244,10223,14,5,3,TRUE,C,90.5,FALSE,0.69
501245,10224,11,2,5,FALSE,F,50.4,FALSE,0.74
501246,10224,10,2,5,TRUE,B,79.9,FALSE,0.76
501247,10224,12,2,5,FALSE,D,52.4,FALSE,0.73
501248,10224,9,3,5,TRUE,A,91.0,FALSE,0.9
501249,10225,7,8,1,TRUE,B,97.6,FALSE,0.61
501250,10225,2,8,1,TRUE,C,94.6,FALSE,0.88
501251,10225,1,9,1,TRUE,A,90.8,FALSE,0.88
501252,10225,4,9,1,TRUE,A,88.2,FALSE,0.87
501253,10226,8,2,4,FALSE,F,66.1,FALSE,0.75
501254,10226,15,2,4,TRUE,B,80.2,FALSE,0.84
501255,10226,16,2,4,TRUE,A,98.0,FALSE,0.7
501256,10226,14,3,4,TRUE,B,88.8,FALSE,0.96
501257,10227,13,5,1,TRUE,A,78.5,FALSE,0.7
501258,10227,9,5,1,TRUE,B,98.1,FALSE,0.94
501259,10227,6,6,1,TRUE,B,82.7,FALSE,0.67
501260,10227,1,6,1,TRUE,B,92.4,FALSE,0.88
501261,10228,10,4,1,TRUE,B,77.8,FALSE,0.82
501262,10228,13,4,1,TRUE,A,89.0,FALSE,0.63
501263,10228,2,4,1,TRUE,A,76.7,FALSE,0.7
501264,10228,6,5,1,TRUE,B,89.3,FALSE,0.96
501265,10228,11,5,1,TRUE,C,80.1,FALSE,0.95
501266,10228,9,5,1,TRUE,B,88.9,FALSE,0.98
501267,10228,1,6,1,TRUE,A,78.1,FALSE,0.92
501268,10228,12,6,1,TRUE,B,77.4,FALSE,0.73
501269,10228,5,6,1,TRUE,B,95.7,FALSE,0.63
501270,10228,7,7,1,FALSE,D,49.2,FALSE,0.82
501271,10228,3,7,1,TRUE,B,96.2,FALSE,0.78
501272,10228,4,7,1,TRUE,C,85.5,FALSE,0.64
501273,10228,8,8,1,TRUE,B,91.9,FALSE,0.85
501274,10229,16,8,3,TRUE,A,84.5,FALSE,0.91
501275,10229,14,8,3,TRUE,A,94.0,FALSE,0.64
501276,10229,15,8,3,TRUE,B,82.3,FALSE,0.84
501277,10230,10,8,6,TRUE,A,95.9,FALSE,0.94
501278,10230,15,8,6,TRUE,A,97.3,FALSE,0.56
501279,10230,14,8,6,TRUE,C,88.9,FALSE,0.97
501280,10231,13,2,1,TRUE,A,98.8,FALSE,0.64
501281,10231,8,2,1,TRUE,A,77.2,FALSE,0.62
501282,10231,10,2,1,FALSE,F,52.0,FALSE,0.6
501283,10232,11,3,5,TRUE,A,90.8,FALSE,0.6
501284,10232,12,3,5,TRUE,A,91.2,FALSE,0.6
501285,10232,9,3,5,TRUE,A,78.1,FALSE,0.57
501286,10232,10,4,5,TRUE,A,75.8,FALSE,0.88
501287,10233,3,5,2,TRUE,A,80.0,FALSE,0.85
501288,10233,12,5,2,TRUE,B,96.0,FALSE,0.9
501289,10233,6,6,2,TRUE,B,93.3,FALSE,0.63
501290,10233,1,6,2,TRUE,B,75.5,FALSE,0.86
501291,10233,7,7,2,TRUE,B,78.4,FALSE,0.94
501292,10233,5,7,2,TRUE,A,82.8,FALSE,0.62
501293,10233,2,8,2,TRUE,B,78.1,FALSE,0.64
501294,10233,4,8,2,TRUE,B,98.9,FALSE,0.87
501295,10234,8,5,2,TRUE,B,80.5,FALSE,0.6
501296,10234,12,5,2,TRUE,B,85.2,FALSE,0.8
501297,10235,2,9,1,TRUE,A,86.6,FALSE,0.74
501298,10235,8,9,1,TRUE,A,78.9,FALSE,0.8
501299,10235,10,9,1,TRUE,B,79.0,FALSE,0.58
501300,10236,15,6,3,TRUE,B,89.2,FALSE,0.65
501301,10236,14,6,3,TRUE,C,81.8,FALSE,0.98
501302,10236,16,6,3,TRUE,A,82.7,FALSE,0.92
501303,10237,15,7,3,TRUE,A,95.8,FALSE,0.66
501304,10237,14,7,3,TRUE,B,89.8,FALSE,0.98
501305,10237,16,8,3,TRUE,B,93.4,FALSE,0.72
501306,10238,1,4,1,TRUE,A,81.0,FALSE,0.61
501307,10238,4,4,1,TRUE,A,86.1,FALSE,0.6
501308,10238,11,5,1,TRUE,B,93.5,FALSE,0.61
501309,10238,7,5,1,TRUE,C,94.3,FALSE,0.91
501310,10239,3,7,1,FALSE,D,50.6,FALSE,0.75
501311,10239,6,7,1,TRUE,C,75.7,FALSE,0.6
501312,10239,10,7,1,TRUE,A,76.5,FALSE,0.64
501313,10239,11,8,1,FALSE,F,60.0,FALSE,0.57
501314,10239,12,8,1,TRUE,A,83.0,FALSE,0.92
501315,10239,1,8,1,TRUE,B,98.3,FALSE,0.77
501316,10239,13,9,1,TRUE,A,84.6,FALSE,0.87
501317,10239,5,9,1,FALSE,F,62.9,FALSE,0.71
501318,10239,7,9,1,TRUE,B,91.2,FALSE,0.74
501319,10239,8,10,1,TRUE,A,81.1,FALSE,0.64
501320,10239,2,10,1,TRUE,C,83.0,FALSE,0.91
501321,10239,4,10,1,TRUE,A,89.6,FALSE,0.92
501322,10239,9,11,1,,,,FALSE,0.75
501323,10240,16,6,4,TRUE,A,76.5,FALSE,0.92
501324,10240,14,6,4,TRUE,A,86.4,FALSE,0.58
501325,10240,15,6,4,TRUE,A,85.0,FALSE,0.69
501326,10241,5,5,2,TRUE,A,96.9,FALSE,0.56
501327,10241,8,5,2,TRUE,B,89.1,FALSE,0.9
501328,10241,3,6,2,TRUE,B,94.7,FALSE,0.89
501329,10241,4,6,2,TRUE,B,90.1,FALSE,0.81
501330,10241,12,7,2,TRUE,C,91.0,FALSE,0.58
501331,10241,11,7,2,TRUE,B,76.0,FALSE,0.82
501332,10241,7,8,2,FALSE,D,63.6,FALSE,0.97
501333,10241,2,8,2,TRUE,B,89.5,FALSE,0.84
501334,10241,1,9,2,TRUE,B,79.8,FALSE,0.75
501335,10241,6,9,2,TRUE,B,84.9,FALSE,0.8
501336,10242,12,7,5,TRUE,B,78.6,FALSE,0.68
501337,10242,10,7,5,TRUE,B,86.5,FALSE,0.66
501338,10242,9,8,5,TRUE,B,93.3,FALSE,0.63
501339,10242,11,8,5,TRUE,C,98.2,FALSE,0.82
501340,10243,15,4,4,TRUE,C,75.4,FALSE,0.92
501341,10243,14,4,4,TRUE,C,96.2,FALSE,0.61
501342,10243,8,5,4,TRUE,B,76.2,FALSE,0.92
501343,10243,16,5,4,TRUE,A,79.1,FALSE,0.73
501344,10244,6,2,2,TRUE,B,77.0,FALSE,0.98
501345,10244,12,2,2,TRUE,C,87.9,FALSE,0.81
501346,10244,4,2,2,TRUE,A,90.9,FALSE,0.92
501347,10244,2,3,2,TRUE,B,98.3,FALSE,0.95
501348,10244,7,3,2,TRUE,A,78.3,FALSE,0.75
501349,10244,8,3,2,TRUE,B,83.5,FALSE,0.88
501350,10245,3,5,1,FALSE,D,60.5,FALSE,0.85
501351,10245,12,5,1,TRUE,A,79.3,FALSE,0.72
501352,10245,13,6,1,FALSE,F,63.7,FALSE,0.89
501353,10245,7,6,1,TRUE,B,97.4,FALSE,0.95
501354,10245,2,7,1,TRUE,A,89.2,FALSE,0.82
501355,10245,5,7,1,TRUE,A,96.7,FALSE,0.76
501356,10245,1,8,1,TRUE,C,88.9,FALSE,0.97
501357,10245,11,8,1,TRUE,B,90.2,FALSE,0.57
501358,10245,6,9,1,TRUE,B,92.1,FALSE,0.96
501359,10245,9,9,1,FALSE,F,63.3,FALSE,0.71
501360,10246,11,7,5,TRUE,C,91.2,FALSE,0.8
501361,10246,12,7,5,TRUE,B,92.3,FALSE,0.6
501362,10246,10,8,5,TRUE,C,88.9,FALSE,0.85
501363,10246,9,8,5,TRUE,A,82.0,FALSE,0.95
501364,10247,1,9,2,TRUE,A,87.3,FALSE,0.58
501365,10247,6,9,2,FALSE,F,62.8,FALSE,0.72
501366,10248,16,5,4,TRUE,A,88.0,FALSE,0.55
501367,10248,14,5,4,TRUE,A,98.0,FALSE,0.67
501368,10248,8,5,4,TRUE,A,91.7,FALSE,0.83
501369,10248,15,6,4,TRUE,B,78.3,FALSE,0.73
501370,10249,13,6,1,TRUE,C,77.7,FALSE,0.66
501371,10249,4,6,1,TRUE,C,98.7,FALSE,0.92
501372,10249,12,6,1,TRUE,C,96.0,FALSE,0.73
501373,10249,6,7,1,TRUE,B,86.4,FALSE,0.95
501374,10249,11,7,1,TRUE,A,98.5,FALSE,0.96
501375,10249,5,7,1,TRUE,B,87.3,FALSE,0.7
501376,10250,8,9,2,TRUE,A,82.6,FALSE,0.94
501377,10250,12,9,2,TRUE,B,81.6,FALSE,0.74
501378,10250,5,10,2,TRUE,C,86.3,FALSE,0.77
501379,10250,2,10,2,TRUE,B,92.9,FALSE,0.61
501380,10250,4,11,2,,,,FALSE,0.83
501381,10250,7,11,2,TRUE,B,92.5,FALSE,0.76
501382,10251,7,9,1,TRUE,B,84.5,FALSE,0.98
501383,10251,13,9,1,TRUE,B,89.8,FALSE,0.83
501384,10251,6,9,1,TRUE,B,91.8,FALSE,0.73
501385,10251,1,10,1,TRUE,B,85.6,FALSE,0.72
501386,10251,10,10,1,TRUE,A,96.4,FALSE,0.7
501387,10251,4,10,1,TRUE,C,98.5,FALSE,0.57
501388,10251,12,11,1,,,,FALSE,0.63
501389,10251,8,11,1,TRUE,A,98.9,FALSE,0.86
501390,10251,11,11,1,TRUE,A,83.4,FALSE,0.76
501391,10252,16,5,3,TRUE,B,87.9,FALSE,0.91
501392,10252,14,5,3,TRUE,B,82.5,FALSE,0.99
501393,10252,15,6,3,TRUE,B,77.4,FALSE,0.67
501394,10253,4,1,1,TRUE,A,81.0,FALSE,0.68
501395,10253,2,1,1,TRUE,B,84.0,FALSE,0.9
501396,10253,13,2,1,TRUE,B,88.4,FALSE,0.74
501397,10253,3,2,1,TRUE,B,82.8,FALSE,0.67
501398,10253,5,3,1,FALSE,D,68.9,FALSE,0.69
501399,10253,12,3,1,TRUE,B,86.8,FALSE,0.7
501400,10253,9,4,1,TRUE,B,88.7,FALSE,0.9
501401,10253,11,4,1,TRUE,B,79.6,FALSE,0.91
501402,10253,8,5,1,FALSE,D,51.5,FALSE,0.67
501403,10253,7,5,1,TRUE,A,84.2,FALSE,0.93
501404,10254,14,1,4,TRUE,C,77.6,FALSE,0.7
501405,10254,16,1,4,TRUE,A,80.5,FALSE,0.55
501406,10254,8,1,4,TRUE,A,85.2,FALSE,0.6
501407,10254,15,2,4,TRUE,B,79.3,FALSE,0.74
501408,10255,14,3,3,TRUE,B,93.3,FALSE,0.58
501409,10255,16,3,3,FALSE,D,50.1,FALSE,0.87
501410,10255,15,3,3,FALSE,D,57.8,FALSE,0.79
501411,10256,12,2,1,FALSE,F,71.1,FALSE,0.81
501412,10256,3,2,1,TRUE,A,83.6,FALSE,0.97
501413,10256,2,2,1,TRUE,C,78.2,FALSE,0.73
501414,10256,6,3,1,TRUE,B,78.9,FALSE,0.58
501415,10256,5,3,1,TRUE,A,97.1,FALSE,0.64
501416,10256,4,3,1,TRUE,B,92.6,FALSE,0.7
501417,10256,8,4,1,TRUE,C,91.7,FALSE,0.72
501418,10256,13,4,1,TRUE,B,76.2,FALSE,0.71
501419,10256,10,4,1,TRUE,B,79.1,FALSE,0.98
501420,10256,1,5,1,TRUE,C,78.1,FALSE,0.8
501421,10256,7,5,1,TRUE,B,87.1,FALSE,0.71
501422,10256,11,5,1,TRUE,A,97.8,FALSE,0.56
501423,10256,9,6,1,TRUE,C,81.1,FALSE,0.72
501424,10257,7,9,1,TRUE,C,89.8,FALSE,0.88
501425,10257,9,9,1,TRUE,C,97.6,FALSE,0.92
501426,10257,10,9,1,TRUE,B,85.5,FALSE,0.89
501427,10257,5,10,1,TRUE,C,82.0,FALSE,0.86
501428,10257,13,10,1,FALSE,F,52.5,FALSE,0.94
501429,10257,12,10,1,TRUE,A,84.1,FALSE,0.92
501430,10257,1,11,1,,,,TRUE,0.79
501431,10257,2,11,1,,,,FALSE,0.98
501432,10257,4,11,1,,,,FALSE,0.64
501433,10258,16,8,3,TRUE,A,87.1,FALSE,0.67
501434,10258,14,8,3,TRUE,A,82.9,FALSE,0.95
501435,10258,15,9,3,FALSE,F,70.6,FALSE,0.78
501436,10259,14,5,3,TRUE,A,81.9,FALSE,0.93
501437,10259,15,5,3,TRUE,B,79.1,FALSE,0.66
501438,10259,16,6,3,TRUE,B,83.6,FALSE,0.74
501439,10260,14,5,6,FALSE,F,63.9,FALSE,0.75
501440,10260,10,5,6,TRUE,C,77.6,FALSE,0.86
501441,10260,16,6,6,TRUE,C,94.2,FALSE,0.69
501442,10260,15,6,6,TRUE,B,78.0,FALSE,0.76
501443,10261,14,5,3,TRUE,B,94.3,FALSE,0.81
501444,10261,15,5,3,TRUE,A,87.7,FALSE,0.95
501445,10261,16,6,3,TRUE,B,89.4,FALSE,1.0
501446,10262,12,6,2,TRUE,A,75.9,FALSE,0.94
501447,10262,5,6,2,TRUE,B,88.0,FALSE,0.87
501448,10262,2,6,2,TRUE,A,78.2,FALSE,0.92
501449,10262,11,7,2,TRUE,A,89.2,FALSE,0.78
501450,10262,1,7,2,TRUE,A,94.0,FALSE,0.99
501451,10262,4,7,2,TRUE,B,90.8,FALSE,0.56
501452,10262,7,8,2,TRUE,B,78.8,FALSE,0.64
501453,10262,3,8,2,FALSE,F,70.9,FALSE,0.87
501454,10262,8,8,2,TRUE,A,80.1,FALSE,0.6
501455,10263,15,6,4,TRUE,A,75.1,FALSE,0.86
501456,10263,16,6,4,TRUE,A,85.4,FALSE,0.57
501457,10263,8,6,4,FALSE,D,70.2,FALSE,0.87
501458,10263,14,7,4,FALSE,D,62.5,FALSE,0.64
501459,10264,4,9,2,TRUE,A,89.2,FALSE,0.9
501460,10264,12,9,2,TRUE,B,93.8,FALSE,0.84
501461,10264,8,9,2,TRUE,B,82.4,FALSE,0.69
501462,10264,3,10,2,TRUE,A,77.3,FALSE,0.64
501463,10264,11,10,2,TRUE,B,75.4,FALSE,0.96
501464,10264,6,10,2,FALSE,D,69.6,FALSE,0.97
501465,10264,1,11,2,,,,FALSE,0.58
501466,10264,5,11,2,FALSE,D,59.5,FALSE,0.74
501467,10264,2,11,2,,,,FALSE,0.96
501468,10265,16,9,3,TRUE,A,95.2,FALSE,0.99
501469,10265,14,9,3,FALSE,D,59.8,FALSE,0.6
501470,10265,15,10,3,TRUE,B,97.1,FALSE,0.67
501471,10266,2,3,2,TRUE,B,79.9,FALSE,0.61
501472,10266,6,3,2,TRUE,B,88.6,FALSE,0.73
501473,10266,4,4,2,TRUE,A,86.0,FALSE,0.79
501474,10266,3,4,2,TRUE,B,88.4,FALSE,0.95
501475,10266,11,5,2,TRUE,C,86.3,FALSE,0.85
501476,10266,7,5,2,TRUE,B,89.7,FALSE,0.56
501477,10266,5,6,2,TRUE,B,85.3,FALSE,0.75
501478,10266,1,6,2,TRUE,B,85.9,FALSE,0.56
501479,10267,12,8,5,FALSE,D,71.3,FALSE,0.75
501480,10267,11,8,5,TRUE,B,87.5,FALSE,0.92
501481,10268,6,2,1,TRUE,A,82.5,FALSE,0.76
501482,10268,4,2,1,TRUE,C,91.9,FALSE,0.89
501483,10268,8,2,1,TRUE,A,84.2,FALSE,0.9
501484,10268,9,3,1,TRUE,C,91.2,FALSE,0.8
501485,10268,13,3,1,TRUE,B,89.6,FALSE,0.73
501486,10268,10,3,1,TRUE,A,81.4,FALSE,0.61
501487,10268,12,4,1,TRUE,B,83.0,FALSE,0.58
501488,10268,11,4,1,FALSE,D,66.7,FALSE,0.87
501489,10268,2,4,1,TRUE,A,97.0,FALSE,0.92
501490,10269,9,1,5,TRUE,B,95.0,FALSE,0.75
501491,10269,10,1,5,TRUE,B,75.1,FALSE,0.61
501492,10269,12,1,5,TRUE,A,83.8,FALSE,0.87
501493,10269,11,2,5,FALSE,F,67.4,FALSE,0.83
501494,10270,14,5,6,TRUE,A,76.3,FALSE,0.65
501495,10270,10,5,6,TRUE,B,95.3,FALSE,1.0
501496,10270,16,5,6,TRUE,B,97.1,FALSE,0.7
501497,10270,15,6,6,TRUE,A,93.9,FALSE,0.58
501498,10271,5,8,1,FALSE,D,72.9,FALSE,0.55
501499,10271,7,8,1,FALSE,F,68.8,FALSE,0.59
501500,10271,1,8,1,TRUE,B,98.4,FALSE,0.63
501501,10271,2,9,1,TRUE,C,94.4,FALSE,0.59
501502,10271,4,9,1,FALSE,F,50.1,FALSE,0.88
501503,10271,13,9,1,FALSE,D,69.6,FALSE,0.57
501504,10271,6,10,1,TRUE,A,79.8,FALSE,0.76
501505,10271,10,10,1,TRUE,C,89.2,FALSE,0.56
501506,10271,3,10,1,TRUE,C,81.2,FALSE,0.92
501507,10271,12,11,1,TRUE,B,88.8,FALSE,0.8
501508,10271,11,11,1,,,,FALSE,0.61
501509,10271,9,11,1,,,,FALSE,0.81
501510,10272,12,4,2,FALSE,F,64.5,FALSE,0.99
501511,10272,2,4,2,TRUE,B,82.5,FALSE,0.59
501512,10272,1,5,2,TRUE,A,92.4,FALSE,0.57
501513,10272,4,5,2,TRUE,B,78.7,FALSE,0.85
501514,10272,11,6,2,TRUE,A,91.4,FALSE,0.76
501515,10272,8,6,2,TRUE,C,98.3,FALSE,0.71
501516,10272,5,7,2,TRUE,A,93.3,FALSE,0.7
501517,10272,3,7,2,TRUE,A,85.1,FALSE,0.73
501518,10272,6,8,2,TRUE,A,88.1,FALSE,0.89
501519,10272,7,8,2,TRUE,A,89.1,FALSE,1.0
501520,10273,1,6,1,TRUE,B,88.0,FALSE,0.7
501521,10273,8,6,1,TRUE,B,85.7,FALSE,0.87
501522,10273,6,6,1,TRUE,B,85.8,FALSE,0.71
501523,10273,10,7,1,TRUE,A,84.5,FALSE,0.8
501524,10273,7,7,1,TRUE,A,75.2,FALSE,0.79
501525,10273,3,7,1,TRUE,A,93.4,FALSE,0.57
501526,10273,2,8,1,TRUE,A,82.4,FALSE,0.85
501527,10273,12,8,1,TRUE,A,96.3,FALSE,0.98
501528,10273,4,8,1,TRUE,B,86.1,FALSE,0.97
501529,10273,11,9,1,FALSE,F,74.0,FALSE,0.61
501530,10273,9,9,1,TRUE,B,91.9,FALSE,0.86
501531,10273,13,9,1,FALSE,F,66.6,FALSE,0.84
501532,10274,14,7,3,TRUE,B,97.1,FALSE,0.86
501533,10274,16,7,3,TRUE,A,79.3,FALSE,0.95
501534,10274,15,8,3,TRUE,B,79.4,FALSE,0.9
501535,10275,9,3,1,TRUE,A,92.3,FALSE,0.96
501536,10275,4,3,1,TRUE,C,94.2,FALSE,0.86
501537,10275,2,4,1,TRUE,B,90.2,FALSE,0.7
501538,10275,5,4,1,TRUE,B,76.1,FALSE,0.59
501539,10275,13,5,1,TRUE,A,79.6,FALSE,0.76
501540,10275,12,5,1,TRUE,C,97.3,FALSE,0.88
501541,10276,8,5,2,TRUE,C,98.3,FALSE,0.56
501542,10276,3,5,2,TRUE,A,88.9,FALSE,0.67
501543,10276,2,5,2,TRUE,A,75.8,FALSE,0.74
501544,10276,5,6,2,TRUE,B,91.8,FALSE,0.58
501545,10276,7,6,2,TRUE,A,90.0,FALSE,0.98
501546,10276,11,6,2,TRUE,B,83.1,FALSE,0.83
501547,10276,12,7,2,FALSE,D,62.4,FALSE,0.89
501548,10276,4,7,2,TRUE,B,84.0,FALSE,0.7
501549,10276,1,7,2,FALSE,F,58.2,FALSE,0.58
501550,10276,6,8,2,TRUE,B,88.7,FALSE,0.56
501551,10277,4,4,2,TRUE,C,81.3,FALSE,0.95
501552,10277,2,4,2,TRUE,C,87.0,FALSE,0.86
501553,10277,3,4,2,TRUE,C,98.0,FALSE,0.64
501554,10277,6,5,2,TRUE,C,82.4,FALSE,0.98
501555,10277,12,5,2,TRUE,A,80.4,FALSE,0.73
501556,10277,5,5,2,TRUE,A,93.2,FALSE,0.7
501557,10277,8,6,2,FALSE,D,52.2,FALSE,0.92
501558,10277,11,6,2,FALSE,D,53.6,FALSE,0.69
501559,10277,7,6,2,TRUE,B,84.4,FALSE,0.6
501560,10277,1,7,2,TRUE,A,79.4,FALSE,0.83
501561,10278,6,5,2,TRUE,A,75.8,FALSE,0.84
501562,10278,8,5,2,TRUE,A,95.1,FALSE,0.71
501563,10279,3,3,1,TRUE,B,94.1,FALSE,0.97
501564,10279,8,3,1,TRUE,B,91.3,FALSE,0.7
501565,10279,4,4,1,TRUE,B,88.5,FALSE,0.75
501566,10279,6,4,1,TRUE,A,95.7,FALSE,0.63
501567,10279,10,5,1,TRUE,B,93.5,FALSE,0.63
501568,10279,13,5,1,FALSE,F,73.2,FALSE,0.74
501569,10279,2,6,1,TRUE,A,79.3,FALSE,0.95
501570,10279,5,6,1,TRUE,B,83.9,FALSE,0.63
501571,10280,3,8,2,FALSE,F,57.1,FALSE,0.65
501572,10280,4,8,2,TRUE,A,75.1,FALSE,0.74
501573,10280,7,8,2,TRUE,B,77.4,FALSE,0.88
501574,10281,15,2,3,TRUE,A,87.6,FALSE,0.79
501575,10281,16,2,3,TRUE,C,92.3,FALSE,0.71
501576,10281,14,2,3,FALSE,F,50.8,FALSE,0.78
501577,10282,1,9,1,TRUE,B,77.3,FALSE,0.78
501578,10282,8,9,1,TRUE,B,93.0,FALSE,0.96
501579,10282,7,9,1,TRUE,C,93.4,FALSE,0.82
501580,10282,13,10,1,FALSE,D,62.5,FALSE,0.82
501581,10282,3,10,1,FALSE,D,72.0,FALSE,0.95
501582,10282,5,10,1,TRUE,B,81.6,FALSE,0.94
501583,10283,10,8,5,TRUE,A,86.4,FALSE,0.57
501584,10283,12,8,5,TRUE,B,89.8,FALSE,0.61
501585,10283,11,9,5,TRUE,A,98.5,FALSE,0.85
501586,10283,9,9,5,TRUE,B,81.0,FALSE,0.68
501587,10284,10,8,5,TRUE,B,93.0,FALSE,0.89
501588,10284,9,8,5,FALSE,D,73.7,FALSE,0.81
501589,10284,12,8,5,TRUE,C,91.8,FALSE,0.61
501590,10284,11,9,5,TRUE,A,75.3,FALSE,0.84
501591,10285,16,5,3,TRUE,A,80.3,FALSE,0.61
501592,10285,15,5,3,TRUE,A,83.6,FALSE,0.86
501593,10285,14,5,3,FALSE,F,57.8,FALSE,0.57
501594,10286,10,6,1,TRUE,C,76.4,FALSE,0.91
501595,10286,5,6,1,TRUE,B,94.9,FALSE,0.76
501596,10286,11,7,1,TRUE,B,89.0,FALSE,0.79
501597,10286,8,7,1,TRUE,A,76.7,FALSE,0.84
501598,10286,12,8,1,TRUE,C,77.2,FALSE,0.95
501599,10286,4,8,1,TRUE,B,92.8,FALSE,0.68
501600,10286,1,9,1,TRUE,A,76.0,FALSE,0.81
501601,10286,6,9,1,TRUE,A,80.2,FALSE,0.67
501602,10286,7,10,1,TRUE,B,92.8,FALSE,0.58
501603,10286,2,10,1,TRUE,B,78.9,FALSE,0.59
501604,10286,9,11,1,TRUE,A,85.1,FALSE,0.78
501605,10286,3,11,1,,,,FALSE,0.93
501606,10287,6,3,1,TRUE,B,81.9,FALSE,0.69
501607,10287,3,3,1,FALSE,D,73.5,FALSE,0.99
501608,10288,6,7,2,TRUE,A,78.1,FALSE,0.72
501609,10288,7,7,2,TRUE,A,95.0,FALSE,0.68
501610,10288,2,7,2,TRUE,B,80.2,FALSE,0.85
501611,10288,1,8,2,TRUE,C,92.7,FALSE,0.8
501612,10288,3,8,2,TRUE,A,91.2,FALSE,0.86
501613,10288,8,8,2,TRUE,A,90.3,FALSE,0.79
501614,10289,5,3,1,TRUE,B,91.4,FALSE,0.65
501615,10289,1,3,1,TRUE,A,94.3,FALSE,0.87
501616,10289,4,3,1,TRUE,B,81.8,FALSE,0.99
501617,10289,3,4,1,FALSE,F,57.7,FALSE,0.71
501618,10289,13,4,1,TRUE,A,80.9,FALSE,0.98
501619,10289,6,4,1,FALSE,F,66.2,FALSE,0.59
501620,10289,9,5,1,TRUE,B,95.4,FALSE,0.77
501621,10289,7,5,1,FALSE,D,73.9,FALSE,0.72
501622,10289,2,5,1,TRUE,C,92.5,FALSE,0.8
501623,10289,12,6,1,TRUE,B,82.9,FALSE,0.73
501624,10289,11,6,1,TRUE,B,92.3,FALSE,0.87
501625,10289,10,6,1,TRUE,B,97.0,FALSE,0.98
501626,10289,8,7,1,TRUE,B,80.8,FALSE,0.8
501627,10290,14,5,4,TRUE,A,87.1,FALSE,0.74
501628,10290,8,5,4,TRUE,A,78.0,FALSE,0.7
501629,10290,15,6,4,TRUE,A,87.9,FALSE,0.81
501630,10290,16,6,4,TRUE,B,97.5,FALSE,0.78
501631,10291,1,6,1,TRUE,A,95.5,FALSE,0.56
501632,10291,8,6,1,TRUE,A,81.6,FALSE,0.72
501633,10291,2,6,1,TRUE,B,98.7,FALSE,0.63
501634,10291,4,7,1,FALSE,F,69.5,FALSE,1.0
501635,10291,5,7,1,TRUE,B,90.6,FALSE,0.64
501636,10291,9,7,1,TRUE,B,78.8,FALSE,0.92
501637,10291,11,8,1,TRUE,B,82.6,FALSE,0.65
501638,10291,13,8,1,TRUE,B,85.9,FALSE,0.65
501639,10291,12,8,1,TRUE,C,80.4,FALSE,0.96
501640,10291,10,9,1,FALSE,F,65.0,FALSE,0.77
501641,10291,7,9,1,TRUE,A,83.6,FALSE,0.61
501642,10291,3,9,1,FALSE,D,57.7,FALSE,0.59
501643,10292,8,1,2,TRUE,B,87.1,FALSE,0.67
501644,10292,1,1,2,TRUE,C,90.6,FALSE,0.77
501645,10292,4,1,2,FALSE,F,53.1,FALSE,0.94
501646,10292,12,2,2,TRUE,C,91.2,FALSE,0.79
501647,10292,3,2,2,TRUE,A,96.0,FALSE,0.65
501648,10292,7,2,2,TRUE,B,85.9,FALSE,0.74
501649,10292,2,3,2,TRUE,A,84.8,FALSE,0.76
501650,10292,6,3,2,TRUE,C,96.9,FALSE,0.92
501651,10292,5,3,2,TRUE,B,90.1,FALSE,0.92
501652,10292,11,4,2,TRUE,A,97.4,FALSE,0.56
501653,10293,14,1,3,TRUE,A,98.6,FALSE,0.56
501654,10293,16,1,3,TRUE,A,95.6,FALSE,0.88
501655,10293,15,1,3,FALSE,D,52.9,FALSE,0.85
501656,10294,16,1,4,TRUE,B,80.4,FALSE,0.86
501657,10294,8,1,4,TRUE,B,97.0,FALSE,0.79
501658,10295,16,6,4,TRUE,B,79.8,FALSE,0.71
501659,10295,8,6,4,TRUE,B,87.4,FALSE,0.63
501660,10295,15,6,4,TRUE,A,89.4,FALSE,0.81
501661,10296,13,9,1,TRUE,B,93.5,FALSE,0.65
501662,10296,12,9,1,TRUE,B,96.4,FALSE,0.82
501663,10296,1,10,1,FALSE,D,57.6,FALSE,0.86
501664,10296,7,10,1,TRUE,A,93.8,FALSE,0.9
501665,10297,6,6,1,TRUE,B,86.0,FALSE,0.63
501666,10297,9,6,1,TRUE,A,93.9,FALSE,0.89
501667,10298,2,5,2,FALSE,F,65.0,FALSE,0.95
501668,10298,12,5,2,TRUE,A,88.4,FALSE,0.87
501669,10298,5,5,2,TRUE,C,86.8,FALSE,0.75
501670,10298,11,6,2,TRUE,B,81.3,FALSE,0.9
501671,10298,6,6,2,TRUE,B,82.8,FALSE,0.61
501672,10298,8,6,2,TRUE,A,98.3,FALSE,0.99
501673,10298,1,7,2,TRUE,A,78.4,FALSE,0.96
501674,10298,7,7,2,TRUE,B,90.2,FALSE,0.68
501675,10298,4,7,2,TRUE,C,83.3,FALSE,0.94
501676,10298,3,8,2,TRUE,C,92.2,FALSE,1.0
501677,10299,9,3,1,FALSE,D,58.3,FALSE,0.94
501678,10299,10,3,1,TRUE,A,95.5,FALSE,0.79
501679,10299,8,4,1,TRUE,B,91.4,FALSE,0.67
501680,10299,13,4,1,TRUE,C,75.2,FALSE,0.69
501681,10299,5,5,1,TRUE,A,97.8,FALSE,0.84
501682,10299,2,5,1,TRUE,C,75.3,FALSE,0.58
501683,10299,4,6,1,TRUE,C,79.2,FALSE,0.58
501684,10299,1,6,1,TRUE,A,90.9,FALSE,0.81
501685,10299,7,7,1,TRUE,B,90.8,FALSE,0.58
501686,10299,6,7,1,TRUE,A,94.0,FALSE,0.71
501687,10299,12,8,1,TRUE,A,76.7,FALSE,0.97
501688,10299,3,8,1,TRUE,B,83.8,FALSE,0.99
501689,10300,16,3,3,TRUE,B,97.0,FALSE,0.7
501690,10300,14,3,3,TRUE,C,88.7,FALSE,0.59
501691,10300,15,3,3,TRUE,A,89.2,FALSE,0.82
501692,10301,9,2,5,TRUE,A,76.4,FALSE,0.92
501693,10301,10,2,5,FALSE,F,52.5,FALSE,0.85
501694,10301,11,3,5,FALSE,D,70.9,FALSE,0.59
501695,10301,12,3,5,TRUE,B,77.2,FALSE,0.58
501696,10302,15,1,3,TRUE,B,97.7,FALSE,0.76
501697,10302,16,1,3,TRUE,A,85.9,FALSE,0.8
501698,10302,14,1,3,TRUE,A,80.2,FALSE,0.74
501699,10303,10,6,5,TRUE,B,79.4,FALSE,0.84
501700,10303,11,6,5,TRUE,B,75.7,FALSE,0.86
501701,10303,9,6,5,TRUE,B,87.8,FALSE,0.84
501702,10303,12,7,5,TRUE,C,80.7,FALSE,0.97
501703,10304,7,8,1,TRUE,B,91.1,FALSE,0.84
501704,10304,6,8,1,TRUE,A,78.0,FALSE,0.62
501705,10305,15,5,3,TRUE,B,93.6,FALSE,0.91
501706,10305,14,5,3,TRUE,C,81.8,FALSE,0.76
501707,10305,16,6,3,TRUE,C,86.5,FALSE,0.57
501708,10306,1,8,2,TRUE,B,89.2,FALSE,0.95
501709,10306,5,8,2,FALSE,D,69.5,FALSE,0.95
501710,10306,2,9,2,TRUE,B,98.8,FALSE,0.94
501711,10306,11,9,2,FALSE,D,58.7,FALSE,0.69
501712,10306,6,10,2,TRUE,B,79.8,FALSE,0.88
501713,10306,12,10,2,TRUE,B,88.6,FALSE,0.63
501714,10307,4,7,2,TRUE,B,76.2,FALSE,0.82
501715,10307,11,7,2,TRUE,B,79.3,FALSE,0.6
501716,10307,7,7,2,TRUE,C,86.1,FALSE,0.64
501717,10307,3,8,2,TRUE,B,98.7,FALSE,0.83
501718,10307,5,8,2,TRUE,B,89.9,FALSE,0.93
501719,10307,6,8,2,TRUE,B,89.7,FALSE,0.97
501720,10308,14,7,6,TRUE,B,82.9,FALSE,0.94
501721,10308,15,7,6,TRUE,A,82.0,FALSE,0.69
501722,10308,16,8,6,TRUE,B,76.8,FALSE,0.83
501723,10308,10,8,6,TRUE,B,97.3,FALSE,0.66
501724,10309,6,9,1,TRUE,C,95.1,FALSE,0.8
501725,10309,1,9,1,TRUE,B,76.1,FALSE,0.78
501726,10309,7,10,1,TRUE,C,92.4,FALSE,0.97
501727,10309,12,10,1,TRUE,B,91.1,FALSE,0.84
501728,10309,3,11,1,,,,FALSE,0.59
501729,10309,9,11,1,TRUE,B,98.9,FALSE,0.75
501730,10310,15,8,3,TRUE,B,93.3,FALSE,0.7
501731,10310,16,8,3,TRUE,A,87.4,FALSE,0.68
501732,10310,14,8,3,TRUE,B,84.9,FALSE,0.76
501733,10311,4,3,2,TRUE,A,82.3,FALSE,0.62
501734,10311,8,3,2,TRUE,A,88.6,FALSE,0.61
501735,10311,6,3,2,TRUE,A,83.5,FALSE,0.9
501736,10311,5,4,2,TRUE,B,95.7,FALSE,0.94
501737,10311,7,4,2,TRUE,B,87.7,FALSE,0.73
501738,10311,2,4,2,TRUE,C,83.1,FALSE,0.93
501739,10311,1,5,2,TRUE,B,88.3,FALSE,0.99
501740,10311,11,5,2,FALSE,F,63.1,FALSE,0.97
501741,10311,3,5,2,TRUE,B,83.7,FALSE,0.64
501742,10311,12,6,2,TRUE,A,84.5,FALSE,0.59
501743,10312,5,1,1,TRUE,B,79.7,FALSE,0.68
501744,10312,7,1,1,TRUE,A,80.0,FALSE,0.56
501745,10312,11,1,1,TRUE,B,85.8,FALSE,0.74
501746,10313,10,9,1,TRUE,A,98.0,FALSE,0.95
501747,10313,4,9,1,TRUE,B,90.5,FALSE,0.75
501748,10313,6,10,1,TRUE,A,86.2,FALSE,1.0
501749,10313,2,10,1,TRUE,A,95.2,FALSE,0.62
501750,10313,3,11,1,TRUE,A,83.8,FALSE,0.62
501751,10313,5,11,1,TRUE,B,81.7,FALSE,0.7
501752,10314,9,9,1,TRUE,A,84.6,FALSE,0.65
501753,10314,13,9,1,TRUE,A,80.5,FALSE,0.64
501754,10315,6,9,1,TRUE,B,89.6,FALSE,0.89
501755,10315,5,9,1,TRUE,A,96.6,FALSE,0.63
501756,10315,9,9,1,TRUE,A,80.1,FALSE,0.97
501757,10315,1,10,1,TRUE,B,80.5,FALSE,0.8
501758,10315,3,10,1,TRUE,A,86.7,FALSE,0.56
501759,10315,4,10,1,TRUE,A,97.0,FALSE,0.57
501760,10316,3,4,2,TRUE,A,78.2,FALSE,0.95
501761,10316,4,4,2,FALSE,D,69.5,FALSE,0.96
501762,10316,2,5,2,TRUE,B,96.2,FALSE,0.88
501763,10316,6,5,2,TRUE,B,95.0,FALSE,0.84
501764,10317,4,7,1,TRUE,B,80.5,FALSE,0.62
501765,10317,11,7,1,TRUE,B,90.1,FALSE,0.78
501766,10317,1,8,1,TRUE,B,79.3,FALSE,0.82
501767,10317,3,8,1,TRUE,C,89.0,FALSE,0.7
501768,10317,13,9,1,TRUE,C,87.8,FALSE,0.66
501769,10317,9,9,1,TRUE,A,92.7,FALSE,0.77
501770,10318,11,1,5,FALSE,F,50.2,FALSE,0.6
501771,10318,9,1,5,TRUE,A,87.3,FALSE,0.86
501772,10318,12,2,5,TRUE,C,88.3,FALSE,0.83
501773,10318,10,2,5,TRUE,A,96.4,FALSE,0.75
501774,10319,8,2,4,FALSE,F,64.6,FALSE,0.82
501775,10319,16,2,4,TRUE,B,89.1,FALSE,0.83
501776,10319,15,2,4,TRUE,B,79.3,FALSE,0.88
501777,10319,14,3,4,TRUE,A,77.6,FALSE,0.63
501778,10320,9,4,5,TRUE,B,80.3,FALSE,0.63
501779,10320,11,4,5,FALSE,F,70.6,FALSE,0.61
501780,10320,12,5,5,TRUE,B,84.0,FALSE,0.86
501781,10320,10,5,5,TRUE,B,96.1,FALSE,0.93
501782,10321,12,5,5,TRUE,B,79.7,FALSE,0.68
501783,10321,11,5,5,TRUE,A,96.7,FALSE,0.69
501784,10321,9,5,5,TRUE,B,87.0,FALSE,0.81
501785,10321,10,6,5,TRUE,A,81.5,FALSE,0.91
501786,10322,11,4,1,TRUE,A,91.8,FALSE,0.73
501787,10322,4,4,1,TRUE,B,80.0,FALSE,0.88
501788,10322,8,4,1,TRUE,B,81.4,FALSE,0.96
501789,10322,2,5,1,TRUE,A,94.1,FALSE,0.96
501790,10322,3,5,1,TRUE,A,75.4,FALSE,0.95
501791,10322,5,5,1,TRUE,B,77.0,FALSE,0.61
501792,10322,13,6,1,TRUE,A,88.7,FALSE,0.62
501793,10322,12,6,1,TRUE,B,76.7,FALSE,0.65
501794,10322,9,6,1,TRUE,C,82.6,FALSE,0.87
501795,10322,7,7,1,TRUE,B,85.5,FALSE,0.85
501796,10322,10,7,1,TRUE,A,90.5,FALSE,0.92
501797,10322,6,7,1,TRUE,A,90.9,FALSE,0.57
501798,10323,16,7,3,TRUE,A,90.0,FALSE,0.84
501799,10323,14,7,3,TRUE,A,77.3,FALSE,0.88
501800,10323,15,7,3,TRUE,A,87.9,FALSE,0.57
501801,10324,15,2,3,TRUE,C,76.5,FALSE,0.59
501802,10324,14,2,3,TRUE,A,77.3,FALSE,0.9
501803,10324,16,3,3,TRUE,C,82.1,FALSE,0.96
501804,10325,1,7,1,TRUE,B,89.0,FALSE,0.7
501805,10325,10,7,1,TRUE,B,76.4,FALSE,0.99
501806,10326,8,7,2,TRUE,C,87.5,FALSE,0.98
501807,10326,12,7,2,TRUE,B,81.8,FALSE,0.89
501808,10326,5,7,2,TRUE,B,77.9,FALSE,0.88
501809,10326,6,8,2,TRUE,A,90.8,FALSE,0.82
501810,10326,2,8,2,TRUE,A,85.5,FALSE,0.63
501811,10326,4,8,2,FALSE,F,48.5,FALSE,0.57
501812,10327,7,4,1,TRUE,B,94.8,FALSE,0.81
501813,10327,8,4,1,TRUE,B,89.7,FALSE,0.86
501814,10327,11,5,1,FALSE,F,52.2,FALSE,0.6
501815,10327,1,5,1,TRUE,B,76.4,FALSE,0.74
501816,10327,12,6,1,FALSE,F,66.2,FALSE,0.87
501817,10327,6,6,1,FALSE,F,57.2,FALSE,0.89
501818,10327,13,7,1,TRUE,B,79.6,FALSE,0.63
501819,10327,2,7,1,TRUE,A,82.7,FALSE,0.7
501820,10327,4,8,1,FALSE,F,54.4,FALSE,0.8
501821,10327,9,8,1,FALSE,F,57.4,FALSE,0.97
501822,10328,15,7,3,TRUE,A,93.4,FALSE,0.58
501823,10328,14,7,3,TRUE,A,91.7,FALSE,0.92
501824,10328,16,8,3,TRUE,A,97.4,FALSE,0.63
501825,10329,14,2,4,TRUE,A,98.0,FALSE,0.92
501826,10329,8,2,4,TRUE,B,92.9,FALSE,0.7
501827,10329,16,3,4,TRUE,B,90.1,FALSE,0.96
501828,10329,15,3,4,TRUE,A,93.4,FALSE,0.73
501829,10330,12,2,2,TRUE,A,94.0,FALSE,0.96
501830,10330,6,2,2,TRUE,C,78.7,FALSE,0.79
501831,10330,11,2,2,TRUE,B,98.3,FALSE,0.95
501832,10330,8,3,2,TRUE,A,89.4,FALSE,0.79
501833,10330,1,3,2,TRUE,C,97.5,FALSE,0.97
501834,10330,3,3,2,FALSE,D,73.2,FALSE,0.77
501835,10331,4,2,2,TRUE,A,80.9,FALSE,0.83
501836,10331,5,2,2,TRUE,B,85.7,FALSE,0.6
501837,10331,11,2,2,TRUE,B,91.7,FALSE,0.99
501838,10331,12,3,2,TRUE,C,95.5,FALSE,0.66
501839,10331,3,3,2,TRUE,B,83.4,FALSE,0.63
501840,10331,6,3,2,TRUE,C,98.8,FALSE,0.62
501841,10331,8,4,2,TRUE,B,83.8,FALSE,0.79
501842,10331,7,4,2,TRUE,B,89.7,FALSE,0.81
501843,10331,1,4,2,TRUE,A,82.8,FALSE,0.69
501844,10331,2,5,2,TRUE,A,88.6,FALSE,0.7
501845,10332,13,5,1,TRUE,B,93.4,FALSE,0.74
501846,10332,12,5,1,TRUE,B,82.3,FALSE,0.81
501847,10332,11,5,1,TRUE,A,75.5,FALSE,0.8
501848,10332,9,6,1,TRUE,C,82.4,FALSE,0.77
501849,10332,2,6,1,TRUE,B,91.5,FALSE,0.68
501850,10332,3,6,1,TRUE,A,97.9,FALSE,0.91
501851,10332,6,7,1,TRUE,A,95.3,FALSE,0.73
501852,10332,8,7,1,TRUE,B,95.1,FALSE,0.97
501853,10332,1,7,1,TRUE,B,84.6,FALSE,0.79
501854,10332,7,8,1,TRUE,B,98.9,FALSE,0.9
501855,10332,5,8,1,TRUE,B,81.4,FALSE,0.55
501856,10332,10,8,1,TRUE,B,90.9,FALSE,0.91
501857,10332,4,9,1,TRUE,A,82.8,FALSE,0.6
501858,10333,5,8,2,TRUE,B,76.5,FALSE,0.63
501859,10333,11,8,2,TRUE,B,81.1,FALSE,0.6
501860,10333,8,9,2,TRUE,B,88.4,FALSE,0.81
501861,10333,6,9,2,TRUE,A,91.0,FALSE,0.7
501862,10333,12,10,2,TRUE,B,94.6,FALSE,0.66
501863,10333,4,10,2,TRUE,C,86.4,FALSE,1.0
501864,10333,2,11,2,,,,FALSE,0.56
501865,10333,7,11,2,,,,FALSE,0.56
501866,10334,2,2,1,TRUE,B,97.8,FALSE,0.68
501867,10334,8,2,1,TRUE,A,93.4,FALSE,0.92
501868,10335,6,6,1,TRUE,A,90.4,FALSE,0.56
501869,10335,2,6,1,TRUE,B,79.9,FALSE,0.95
501870,10335,3,6,1,FALSE,D,54.1,FALSE,0.69
501871,10335,10,7,1,TRUE,B,78.2,FALSE,0.97
501872,10335,13,7,1,TRUE,B,81.6,FALSE,0.98
501873,10335,4,7,1,TRUE,B,97.3,FALSE,0.62
501874,10336,16,4,3,TRUE,B,78.0,FALSE,0.96
501875,10336,15,4,3,TRUE,B,85.5,FALSE,0.61
501876,10336,14,5,3,TRUE,A,93.4,FALSE,0.97
501877,10337,15,4,3,FALSE,D,54.2,FALSE,0.75
501878,10337,16,4,3,FALSE,D,61.2,FALSE,0.96
501879,10337,14,5,3,TRUE,B,81.9,FALSE,0.72
501880,10338,16,9,3,TRUE,A,95.4,FALSE,0.79
501881,10338,15,9,3,TRUE,A,86.7,FALSE,0.99
501882,10338,14,10,3,TRUE,A,92.5,FALSE,0.6
501883,10339,3,5,1,TRUE,C,90.4,FALSE,0.99
501884,10339,5,5,1,TRUE,B,85.2,FALSE,0.79
501885,10339,9,6,1,TRUE,B,80.9,FALSE,0.8
501886,10339,13,6,1,TRUE,B,82.7,FALSE,0.63
501887,10340,7,5,1,TRUE,A,77.0,FALSE,0.57
501888,10340,2,5,1,TRUE,C,87.7,FALSE,0.57
501889,10340,12,5,1,TRUE,B,77.2,FALSE,0.75
501890,10340,4,6,1,TRUE,B,80.5,FALSE,0.84
501891,10340,1,6,1,TRUE,B,78.4,FALSE,0.94
501892,10340,8,6,1,TRUE,B,95.5,FALSE,0.6
501893,10340,9,7,1,TRUE,B,86.1,FALSE,0.81
501894,10340,13,7,1,TRUE,B,98.5,FALSE,0.64
501895,10340,6,7,1,TRUE,A,96.6,FALSE,0.57
501896,10340,3,8,1,FALSE,F,61.5,FALSE,0.65
501897,10340,5,8,1,FALSE,F,53.7,FALSE,0.94
501898,10340,11,8,1,FALSE,F,53.3,FALSE,0.74
501899,10341,16,7,3,TRUE,B,79.2,FALSE,0.58
501900,10341,15,7,3,TRUE,B,86.5,FALSE,0.64
501901,10341,14,7,3,TRUE,A,88.3,FALSE,0.69
501902,10342,5,9,2,TRUE,B,86.6,FALSE,0.57
501903,10342,7,9,2,TRUE,B,95.7,FALSE,0.74
501904,10342,12,9,2,TRUE,B,82.0,FALSE,0.77
501905,10342,11,10,2,TRUE,B,85.6,FALSE,0.97
501906,10342,8,10,2,TRUE,A,84.5,FALSE,0.99
501907,10342,4,10,2,FALSE,F,69.5,FALSE,0.81
501908,10342,1,11,2,TRUE,B,90.1,FALSE,0.67
501909,10342,3,11,2,,,,FALSE,0.81
501910,10342,6,11,2,,,,TRUE,0.82
501911,10343,12,1,2,FALSE,D,50.2,FALSE,0.85
501912,10343,11,1,2,TRUE,C,81.9,FALSE,0.68
501913,10343,3,2,2,TRUE,B,97.5,FALSE,0.68
501914,10343,2,2,2,TRUE,C,96.6,FALSE,0.83
501915,10344,1,1,2,TRUE,A,87.4,FALSE,0.93
501916,10344,11,1,2,FALSE,D,51.8,FALSE,0.89
501917,10344,7,1,2,TRUE,C,87.9,FALSE,0.95
501918,10344,4,2,2,TRUE,A,95.1,FALSE,0.68
501919,10344,3,2,2,TRUE,B,90.3,FALSE,0.95
501920,10344,5,2,2,TRUE,B,97.2,FALSE,0.79
501921,10344,2,3,2,TRUE,B,81.3,FALSE,0.91
501922,10344,12,3,2,TRUE,A,94.1,FALSE,0.74
501923,10344,6,3,2,TRUE,B,78.8,FALSE,0.99
501924,10344,8,4,2,TRUE,A,79.4,FALSE,0.84
501925,10345,2,9,2,TRUE,B,86.8,FALSE,0.59
501926,10345,3,9,2,TRUE,A,83.1,FALSE,0.95
501927,10345,8,10,2,FALSE,F,69.0,FALSE,0.93
501928,10345,1,10,2,TRUE,B,88.9,FALSE,0.69
501929,10345,5,11,2,,,,FALSE,0.64
501930,10345,12,11,2,,,,FALSE,0.85
501931,10346,10,2,6,FALSE,D,70.1,FALSE,0.64
501932,10346,15,2,6,TRUE,C,75.5,FALSE,0.6
501933,10346,16,3,6,TRUE,A,93.9,FALSE,0.55
501934,10346,14,3,6,TRUE,B,87.8,FALSE,0.99
501935,10347,12,9,5,FALSE,F,67.1,FALSE,0.81
501936,10347,10,9,5,TRUE,B,82.9,FALSE,0.91
501937,10347,9,10,5,TRUE,A,92.2,FALSE,0.68
501938,10347,11,10,5,FALSE,F,51.6,FALSE,0.87
501939,10348,3,2,1,TRUE,B,87.2,FALSE,0.73
501940,10348,1,2,1,TRUE,B,83.5,FALSE,0.58
501941,10348,5,2,1,FALSE,D,56.8,FALSE,0.99
501942,10348,12,3,1,TRUE,B,95.2,FALSE,0.59
501943,10348,10,3,1,TRUE,C,82.0,FALSE,0.66
501944,10348,13,3,1,TRUE,B,95.7,FALSE,0.66
501945,10349,15,9,4,TRUE,A,96.1,FALSE,0.72
501946,10349,14,9,4,TRUE,B,98.0,FALSE,0.57
501947,10349,16,10,4,TRUE,A,87.2,FALSE,0.76
501948,10349,8,10,4,TRUE,A,75.7,FALSE,0.8
501949,10350,4,7,1,FALSE,D,66.6,FALSE,0.58
501950,10350,8,7,1,TRUE,C,90.0,FALSE,0.76
501951,10350,5,8,1,TRUE,A,90.2,FALSE,0.7
501952,10350,9,8,1,TRUE,B,90.2,FALSE,0.73
501953,10350,10,9,1,TRUE,A,98.4,FALSE,0.57
501954,10350,3,9,1,TRUE,A,88.1,FALSE,0.77
501955,10351,3,7,2,TRUE,B,81.3,FALSE,0.85
501956,10351,11,7,2,TRUE,B,87.7,FALSE,0.65
501957,10351,8,8,2,TRUE,A,80.1,FALSE,0.81
501958,10351,7,8,2,TRUE,B,76.1,FALSE,0.73
501959,10351,6,9,2,TRUE,C,95.7,FALSE,0.94
501960,10351,12,9,2,TRUE,A,91.6,FALSE,0.81
501961,10351,2,10,2,TRUE,B,87.9,FALSE,0.97
501962,10351,5,10,2,TRUE,B,93.4,FALSE,0.89
501963,10351,1,11,2,TRUE,B,80.7,FALSE,0.79
501964,10351,4,11,2,,,,FALSE,0.75
501965,10352,11,2,5,TRUE,A,98.6,FALSE,0.89
501966,10352,12,2,5,TRUE,C,94.7,FALSE,0.89
501967,10352,9,2,5,FALSE,F,56.1,FALSE,0.82
501968,10352,10,3,5,TRUE,B,96.6,FALSE,0.77
501969,10353,1,2,1,FALSE,F,54.6,FALSE,0.87
501970,10353,3,2,1,TRUE,A,89.9,FALSE,0.97
501971,10353,5,3,1,TRUE,C,87.3,FALSE,0.94
501972,10353,11,3,1,TRUE,A,79.5,FALSE,0.73
501973,10353,7,4,1,TRUE,A,93.9,FALSE,0.97
501974,10353,2,4,1,TRUE,A,95.3,FALSE,0.95
501975,10353,10,5,1,TRUE,B,92.4,FALSE,0.75
501976,10353,4,5,1,FALSE,D,55.1,FALSE,0.58
501977,10354,16,2,3,TRUE,A,91.9,FALSE,0.8
501978,10354,15,2,3,TRUE,A,83.9,FALSE,0.93
501979,10354,14,2,3,TRUE,B,76.4,FALSE,0.87
501980,10355,15,5,4,TRUE,B,88.1,FALSE,0.56
501981,10355,8,5,4,TRUE,A,88.4,FALSE,0.88
501982,10355,14,6,4,TRUE,B,95.8,FALSE,0.73
501983,10355,16,6,4,TRUE,B,84.0,FALSE,0.93
501984,10356,11,6,1,TRUE,A,89.9,FALSE,0.64
501985,10356,9,6,1,TRUE,C,85.4,FALSE,0.72
501986,10356,4,6,1,FALSE,D,48.3,FALSE,0.75
501987,10357,4,8,2,TRUE,B,76.7,FALSE,0.64
501988,10357,2,8,2,TRUE,A,89.0,FALSE,0.7
501989,10357,5,8,2,TRUE,A,82.5,FALSE,0.59
501990,10357,8,9,2,TRUE,B,83.0,FALSE,0.98
501991,10357,6,9,2,FALSE,D,60.2,FALSE,0.59
501992,10357,11,9,2,TRUE,B,75.8,FALSE,0.63
501993,10357,7,10,2,FALSE,D,53.4,FALSE,0.8
501994,10357,12,10,2,TRUE,A,86.3,FALSE,0.84
501995,10357,1,10,2,TRUE,A,79.5,FALSE,0.91
501996,10357,3,11,2,TRUE,B,92.0,FALSE,0.88
501997,10358,5,6,1,FALSE,F,73.8,FALSE,0.89
501998,10358,6,6,1,TRUE,A,93.9,FALSE,0.63
501999,10358,11,6,1,TRUE,A,90.6,FALSE,0.61
502000,10358,9,7,1,TRUE,B,96.9,FALSE,0.89
502001,10358,7,7,1,TRUE,C,92.6,FALSE,0.88
502002,10358,1,7,1,TRUE,B,82.3,FALSE,0.91
502003,10358,4,8,1,TRUE,B,79.3,FALSE,0.56
502004,10358,10,8,1,TRUE,C,85.1,FALSE,0.71
502005,10358,3,8,1,FALSE,D,72.4,FALSE,0.73
502006,10358,12,9,1,TRUE,B,89.5,FALSE,0.87
502007,10358,8,9,1,FALSE,F,73.6,FALSE,0.67
502008,10358,2,9,1,TRUE,B,91.6,FALSE,0.79
502009,10359,8,7,1,TRUE,B,88.0,FALSE,1.0
502010,10359,12,7,1,TRUE,B,92.6,FALSE,0.95
502011,10359,4,8,1,TRUE,B,88.3,FALSE,0.85
502012,10359,10,8,1,TRUE,A,86.1,FALSE,0.96
502013,10360,2,8,2,TRUE,A,88.4,FALSE,0.99
502014,10360,6,8,2,TRUE,B,75.8,FALSE,0.83
502015,10360,8,8,2,TRUE,B,77.1,FALSE,0.57
502016,10360,1,9,2,TRUE,B,92.7,FALSE,0.97
502017,10360,7,9,2,TRUE,A,97.6,FALSE,0.73
502018,10360,4,9,2,TRUE,A,90.0,FALSE,0.9
502019,10360,3,10,2,TRUE,B,81.7,FALSE,0.78
502020,10360,5,10,2,TRUE,A,97.7,FALSE,0.78
502021,10360,12,10,2,FALSE,D,63.2,FALSE,0.69
502022,10360,11,11,2,,,,FALSE,0.63
502023,10361,12,9,1,FALSE,F,61.7,FALSE,0.91
502024,10361,7,9,1,TRUE,B,98.9,FALSE,0.66
502025,10362,8,2,1,TRUE,B,95.4,FALSE,0.81
502026,10362,6,2,1,TRUE,A,78.7,FALSE,0.61
502027,10362,5,2,1,TRUE,C,97.4,FALSE,0.92
502028,10362,4,3,1,TRUE,B,97.7,FALSE,0.88
502029,10362,7,3,1,TRUE,B,89.8,FALSE,0.55
502030,10362,3,3,1,TRUE,B,83.1,FALSE,1.0
502031,10362,12,4,1,TRUE,B,97.6,FALSE,0.74
502032,10362,13,4,1,TRUE,A,84.3,FALSE,0.57
502033,10362,9,4,1,TRUE,B,94.6,FALSE,0.78
502034,10362,11,5,1,TRUE,A,81.0,FALSE,0.95
502035,10362,1,5,1,TRUE,B,80.9,FALSE,0.59
502036,10362,10,5,1,TRUE,B,96.2,FALSE,0.59
502037,10362,2,6,1,TRUE,C,90.5,FALSE,0.67
502038,10363,8,4,2,TRUE,A,82.8,FALSE,0.67
502039,10363,6,4,2,TRUE,B,85.7,FALSE,0.97
502040,10364,9,5,1,TRUE,C,96.1,FALSE,0.56
502041,10364,3,5,1,FALSE,F,68.3,FALSE,0.86
502042,10364,6,5,1,TRUE,A,78.3,FALSE,0.78
502043,10364,1,6,1,TRUE,A,93.4,FALSE,0.62
502044,10364,2,6,1,TRUE,B,78.4,FALSE,0.71
502045,10364,8,6,1,TRUE,C,86.9,FALSE,0.7
502046,10364,4,7,1,FALSE,D,54.0,FALSE,0.84
502047,10364,7,7,1,TRUE,A,82.5,FALSE,0.7
502048,10364,12,7,1,TRUE,A,75.2,FALSE,0.62
502049,10364,11,8,1,FALSE,F,68.4,FALSE,0.8
502050,10364,5,8,1,TRUE,C,88.2,FALSE,0.74
502051,10364,13,8,1,FALSE,D,52.7,FALSE,0.71
502052,10364,10,9,1,FALSE,D,65.6,FALSE,0.6
502053,10365,2,6,1,TRUE,A,80.8,FALSE,0.76
502054,10365,6,6,1,FALSE,F,67.1,FALSE,0.64
502055,10365,7,6,1,TRUE,C,88.6,FALSE,0.74
502056,10366,10,4,5,TRUE,B,81.3,FALSE,0.87
502057,10366,12,4,5,FALSE,D,67.4,FALSE,0.89
502058,10367,8,5,1,TRUE,A,82.2,FALSE,0.6
502059,10367,9,5,1,TRUE,B,80.7,FALSE,0.77
502060,10367,13,5,1,TRUE,A,90.0,FALSE,0.98
502061,10367,10,6,1,TRUE,B,95.3,FALSE,0.66
502062,10367,2,6,1,TRUE,B,85.1,FALSE,1.0
502063,10367,6,6,1,TRUE,B,78.9,FALSE,0.89
502064,10368,16,7,4,TRUE,B,75.1,FALSE,0.93
502065,10368,14,7,4,TRUE,B,84.3,FALSE,0.97
502066,10368,8,7,4,TRUE,A,97.9,FALSE,0.67
502067,10368,15,8,4,FALSE,D,72.5,FALSE,0.95
502068,10369,14,4,4,TRUE,B,81.5,FALSE,0.68
502069,10369,15,4,4,TRUE,A,76.9,FALSE,0.81
502070,10369,16,4,4,TRUE,A,83.7,FALSE,0.74
502071,10369,8,5,4,TRUE,B,94.4,FALSE,0.78
502072,10370,9,7,1,TRUE,B,92.7,FALSE,0.8
502073,10370,12,7,1,TRUE,B,78.6,FALSE,0.91
502074,10370,1,8,1,TRUE,C,81.1,FALSE,0.89
502075,10370,13,8,1,FALSE,F,54.8,FALSE,0.56
502076,10370,2,9,1,TRUE,B,91.6,FALSE,0.84
502077,10370,10,9,1,TRUE,C,78.0,FALSE,0.87
502078,10370,7,10,1,TRUE,B,79.7,FALSE,0.59
502079,10370,6,10,1,TRUE,C,81.0,FALSE,0.74
502080,10370,4,11,1,,,,FALSE,0.68
502081,10370,11,11,1,,,,FALSE,0.58
502082,10371,12,6,1,TRUE,A,79.4,FALSE,0.92
502083,10371,6,6,1,TRUE,C,79.7,FALSE,0.68
502084,10371,2,6,1,TRUE,A,79.5,FALSE,0.6
502085,10372,11,2,5,TRUE,A,87.7,FALSE,0.92
502086,10372,10,2,5,TRUE,C,78.4,FALSE,0.88
502087,10372,9,2,5,TRUE,A,84.2,FALSE,0.64
502088,10372,12,3,5,FALSE,F,66.5,FALSE,0.82
502089,10373,6,7,2,TRUE,C,80.8,FALSE,0.77
502090,10373,8,7,2,TRUE,C,94.7,FALSE,0.8
502091,10373,4,8,2,FALSE,D,67.8,FALSE,0.95
502092,10373,5,8,2,TRUE,B,98.7,FALSE,0.86
502093,10373,7,9,2,TRUE,A,93.0,FALSE,0.87
502094,10373,3,9,2,TRUE,B,89.0,FALSE,0.93
502095,10373,12,10,2,TRUE,B,94.7,FALSE,0.94
502096,10373,2,10,2,TRUE,A,90.1,FALSE,0.64
502097,10374,14,8,3,TRUE,A,79.0,FALSE,0.56
502098,10374,16,8,3,TRUE,C,88.4,FALSE,0.94
502099,10374,15,8,3,TRUE,B,92.9,FALSE,0.61
502100,10375,9,3,1,TRUE,A,95.0,FALSE,0.95
502101,10375,5,3,1,TRUE,B,96.1,FALSE,0.84
502102,10375,3,3,1,TRUE,A,86.5,FALSE,0.79
502103,10375,6,4,1,TRUE,A,95.1,FALSE,0.75
502104,10375,7,4,1,TRUE,A,95.7,FALSE,0.63
502105,10375,11,4,1,TRUE,C,75.4,FALSE,0.87
502106,10375,12,5,1,TRUE,B,83.4,FALSE,0.56
502107,10375,2,5,1,TRUE,B,81.2,FALSE,0.64
502108,10375,13,5,1,TRUE,B,80.1,FALSE,0.98
502109,10375,4,6,1,FALSE,D,69.8,FALSE,0.81
502110,10375,1,6,1,TRUE,C,84.2,FALSE,0.89
502111,10375,10,6,1,TRUE,B,95.3,FALSE,0.73
502112,10375,8,7,1,TRUE,B,84.3,FALSE,0.86
502113,10376,13,5,1,FALSE,D,58.7,FALSE,0.92
502114,10376,8,5,1,TRUE,A,75.1,FALSE,0.65
502115,10376,11,6,1,TRUE,C,98.5,FALSE,0.79
502116,10376,1,6,1,TRUE,B,93.8,FALSE,0.93
502117,10376,9,7,1,TRUE,B,91.7,FALSE,0.79
502118,10376,3,7,1,TRUE,B,78.3,FALSE,0.93
502119,10376,5,8,1,TRUE,A,80.3,FALSE,0.69
502120,10376,4,8,1,FALSE,F,59.2,FALSE,0.92
502121,10376,12,9,1,TRUE,A,80.5,FALSE,0.6
502122,10376,10,9,1,TRUE,C,84.0,FALSE,0.71
502123,10376,7,10,1,TRUE,B,88.2,FALSE,0.86
502124,10376,2,10,1,TRUE,A,94.1,FALSE,0.85
502125,10377,14,1,3,TRUE,A,77.2,FALSE,0.7
502126,10377,15,1,3,TRUE,B,96.1,FALSE,0.96
502127,10377,16,2,3,TRUE,A,93.4,FALSE,0.77
502128,10378,16,1,4,TRUE,C,83.1,FALSE,0.89
502129,10378,15,1,4,TRUE,A,78.3,FALSE,0.96
502130,10378,14,1,4,TRUE,A,82.9,FALSE,0.61
502131,10378,8,2,4,TRUE,B,93.4,FALSE,0.78
502132,10379,7,1,2,TRUE,B,78.7,FALSE,0.75
502133,10379,3,1,2,TRUE,B,98.8,FALSE,0.74
502134,10379,8,1,2,TRUE,B,78.4,FALSE,0.58
502135,10379,11,2,2,FALSE,F,60.2,FALSE,0.92
502136,10379,1,2,2,TRUE,B,83.7,FALSE,0.89
502137,10379,4,2,2,TRUE,A,98.9,FALSE,0.77
502138,10379,2,3,2,TRUE,B,80.2,FALSE,0.69
502139,10379,5,3,2,TRUE,A,87.7,FALSE,0.95
502140,10379,12,3,2,TRUE,B,76.7,FALSE,0.78
502141,10379,6,4,2,TRUE,A,86.0,FALSE,0.72
502142,10380,11,2,1,TRUE,A,82.2,FALSE,0.75
502143,10380,1,2,1,TRUE,B,78.3,FALSE,0.84
502144,10380,8,3,1,TRUE,B,80.0,FALSE,0.98
502145,10380,2,3,1,TRUE,B,92.0,FALSE,0.64
502146,10380,4,4,1,TRUE,B,97.1,FALSE,0.74
502147,10380,9,4,1,TRUE,A,89.5,FALSE,0.95
502148,10380,12,5,1,TRUE,B,87.1,FALSE,0.82
502149,10380,7,5,1,TRUE,A,91.1,FALSE,0.91
502150,10380,5,6,1,TRUE,B,97.5,FALSE,0.82
502151,10380,6,6,1,TRUE,B,76.4,FALSE,0.9
502152,10381,3,3,1,TRUE,B,77.0,FALSE,0.82
502153,10381,8,3,1,TRUE,A,97.8,FALSE,0.69
502154,10381,12,3,1,TRUE,B,92.7,FALSE,0.75
502155,10381,2,4,1,TRUE,B,87.0,FALSE,0.77
502156,10381,7,4,1,TRUE,B,81.1,FALSE,0.93
502157,10381,11,4,1,TRUE,A,95.7,FALSE,0.92
502158,10381,9,5,1,TRUE,A,78.5,FALSE,0.76
502159,10381,10,5,1,TRUE,A,93.0,FALSE,0.75
502160,10381,6,5,1,TRUE,A,76.4,FALSE,0.63
502161,10381,1,6,1,TRUE,A,86.6,FALSE,0.89
502162,10381,5,6,1,TRUE,C,94.9,FALSE,0.95
502163,10381,4,6,1,TRUE,B,77.9,FALSE,0.6
502164,10381,13,7,1,FALSE,F,68.6,FALSE,0.83
502165,10382,3,6,1,TRUE,A,97.9,FALSE,0.64
502166,10382,4,6,1,TRUE,A,79.3,FALSE,0.95
502167,10383,12,4,2,FALSE,F,62.4,FALSE,0.75
502168,10383,6,4,2,TRUE,A,93.2,FALSE,0.91
502169,10384,5,3,2,TRUE,B,79.4,FALSE,0.63
502170,10384,12,3,2,TRUE,A,84.0,FALSE,0.93
502171,10384,11,4,2,TRUE,B,85.6,FALSE,0.68
502172,10384,6,4,2,TRUE,B,98.5,FALSE,0.55
502173,10384,3,5,2,TRUE,C,88.5,FALSE,0.73
502174,10384,1,5,2,TRUE,A,81.2,FALSE,0.95
502175,10384,8,6,2,TRUE,B,89.7,FALSE,0.7
502176,10384,4,6,2,TRUE,B,80.3,FALSE,0.65
502177,10384,7,7,2,TRUE,B,78.8,FALSE,0.63
502178,10384,2,7,2,TRUE,B,78.8,FALSE,0.6
502179,10385,16,5,3,TRUE,B,82.2,FALSE,0.92
502180,10385,14,5,3,FALSE,D,69.9,FALSE,0.75
502181,10385,15,6,3,TRUE,B,94.8,FALSE,0.94
502182,10386,13,4,1,FALSE,D,70.7,FALSE,0.69
502183,10386,2,4,1,FALSE,D,67.8,FALSE,0.89
502184,10386,1,4,1,TRUE,A,75.5,FALSE,0.8
502185,10386,7,5,1,TRUE,B,97.1,FALSE,0.98
502186,10386,10,5,1,TRUE,A,89.3,FALSE,0.63
502187,10386,12,5,1,FALSE,D,57.8,FALSE,0.95
502188,10386,3,6,1,FALSE,D,48.9,FALSE,0.79
502189,10386,8,6,1,TRUE,A,89.0,FALSE,0.95
502190,10386,4,6,1,TRUE,A,79.6,FALSE,0.63
502191,10386,6,7,1,TRUE,A,80.9,FALSE,0.57
502192,10386,5,7,1,TRUE,B,96.7,FALSE,0.7
502193,10386,11,7,1,TRUE,C,77.7,FALSE,0.65
502194,10386,9,8,1,TRUE,C,82.9,FALSE,0.86
502195,10387,16,6,6,TRUE,B,88.3,FALSE,0.68
502196,10387,15,6,6,TRUE,A,90.0,FALSE,0.64
502197,10387,10,7,6,TRUE,B,95.4,FALSE,0.96
502198,10387,14,7,6,TRUE,B,78.2,FALSE,0.56
502199,10388,15,8,3,TRUE,B,98.2,FALSE,0.89
502200,10388,14,8,3,FALSE,F,71.2,FALSE,0.75
502201,10388,16,8,3,TRUE,B,89.4,FALSE,0.96
502202,10389,6,1,1,TRUE,B,89.1,FALSE,0.62
502203,10389,11,1,1,TRUE,B,84.2,FALSE,0.9
502204,10389,9,2,1,TRUE,A,77.2,FALSE,0.96
502205,10389,5,2,1,TRUE,A,98.7,FALSE,0.81
502206,10389,4,3,1,TRUE,C,85.7,FALSE,0.65
502207,10389,7,3,1,TRUE,B,80.6,FALSE,0.61
502208,10389,8,4,1,TRUE,B,97.8,FALSE,0.69
502209,10389,2,4,1,TRUE,B,87.2,FALSE,0.66
502210,10390,12,9,2,TRUE,C,78.8,FALSE,0.95
502211,10390,11,9,2,TRUE,A,82.6,FALSE,0.67
502212,10391,10,3,6,TRUE,B,80.5,FALSE,0.71
502213,10391,16,3,6,TRUE,C,81.5,FALSE,0.9
502214,10392,15,4,4,TRUE,B,95.2,FALSE,0.93
502215,10392,8,4,4,TRUE,C,89.2,FALSE,0.61
502216,10392,16,4,4,TRUE,B,98.4,FALSE,0.86
502217,10392,14,5,4,TRUE,A,78.2,FALSE,0.78
502218,10393,16,5,3,TRUE,B,82.7,FALSE,0.91
502219,10393,15,5,3,TRUE,A,92.7,FALSE,0.69
502220,10393,14,5,3,TRUE,B,86.8,FALSE,0.77
502221,10394,15,3,4,TRUE,B,93.2,FALSE,0.82
502222,10394,14,3,4,TRUE,B,83.5,FALSE,0.94
502223,10394,16,4,4,TRUE,B,79.0,FALSE,0.87
502224,10394,8,4,4,TRUE,B,98.0,FALSE,0.58
502225,10395,1,5,1,TRUE,A,78.2,FALSE,0.56
502226,10395,3,5,1,TRUE,A,84.5,FALSE,0.85
502227,10395,8,6,1,TRUE,A,83.7,FALSE,0.94
502228,10395,2,6,1,TRUE,B,82.7,FALSE,0.59
502229,10395,5,7,1,TRUE,A,79.1,FALSE,0.63
502230,10395,10,7,1,TRUE,A,75.2,FALSE,0.79
502231,10395,7,8,1,TRUE,C,94.1,FALSE,0.73
502232,10395,4,8,1,TRUE,B,98.7,FALSE,0.63
502233,10395,12,9,1,TRUE,B,89.1,FALSE,0.95
502234,10395,13,9,1,TRUE,A,77.2,FALSE,0.91
502235,10395,11,10,1,TRUE,B,81.6,FALSE,0.81
502236,10395,6,10,1,TRUE,A,75.3,FALSE,0.82
502237,10396,5,2,1,TRUE,A,83.7,FALSE,0.63
502238,10396,10,2,1,TRUE,A,81.8,FALSE,0.56
502239,10397,3,8,2,TRUE,A,79.3,FALSE,0.68
502240,10397,12,8,2,TRUE,B,77.1,FALSE,0.65
502241,10397,7,9,2,TRUE,B,91.7,FALSE,0.98
502242,10397,11,9,2,TRUE,B,78.4,FALSE,0.85
502243,10398,9,2,5,TRUE,B,91.4,FALSE,0.92
502244,10398,12,2,5,FALSE,F,73.8,FALSE,0.73
502245,10398,10,2,5,TRUE,B,87.6,FALSE,0.55
502246,10398,11,3,5,TRUE,A,80.5,FALSE,0.64
502247,10399,6,7,2,TRUE,B,96.3,FALSE,0.6
502248,10399,1,7,2,TRUE,B,94.0,FALSE,0.68
502249,10399,3,8,2,FALSE,F,59.5,FALSE,0.97
502250,10399,5,8,2,TRUE,B,84.3,FALSE,0.95
502251,10400,1,6,1,TRUE,B,91.6,FALSE,0.82
502252,10400,13,6,1,FALSE,D,73.7,FALSE,0.95
502253,10400,12,6,1,TRUE,B,86.4,FALSE,0.6
502254,10401,10,3,5,TRUE,A,88.6,FALSE,0.68
502255,10401,11,3,5,TRUE,B,96.2,FALSE,0.8
502256,10401,9,3,5,TRUE,B,81.4,FALSE,0.58
502257,10401,12,4,5,TRUE,B,80.3,FALSE,0.74
502258,10402,12,5,5,TRUE,A,88.7,FALSE,0.62
502259,10402,10,5,5,TRUE,B,93.5,FALSE,0.89
502260,10402,9,6,5,TRUE,B,93.3,FALSE,0.8
502261,10402,11,6,5,FALSE,F,66.2,FALSE,0.64
502262,10403,14,5,3,TRUE,A,98.5,FALSE,0.82
502263,10403,16,5,3,TRUE,C,96.0,FALSE,0.95
502264,10404,14,9,4,TRUE,A,92.4,FALSE,0.69
502265,10404,15,9,4,TRUE,A,75.4,FALSE,0.81
502266,10404,16,10,4,TRUE,B,87.8,FALSE,0.85
502267,10404,8,10,4,FALSE,D,60.9,FALSE,0.88
502268,10405,16,1,3,TRUE,B,96.8,FALSE,0.67
502269,10405,14,1,3,TRUE,B,84.5,FALSE,0.59
502270,10405,15,2,3,TRUE,B,95.2,FALSE,0.95
502271,10406,3,1,2,TRUE,A,96.2,FALSE,0.78
502272,10406,1,1,2,TRUE,B,92.9,FALSE,0.57
502273,10406,12,1,2,FALSE,F,60.0,FALSE,0.81
502274,10406,11,2,2,FALSE,D,68.5,FALSE,0.7
502275,10406,4,2,2,TRUE,B,90.6,FALSE,0.72
502276,10406,6,2,2,TRUE,B,80.7,FALSE,0.89
502277,10406,2,3,2,TRUE,A,83.1,FALSE,0.65
502278,10406,8,3,2,TRUE,B,81.4,FALSE,0.82
502279,10406,7,3,2,TRUE,B,75.6,FALSE,0.84
502280,10407,11,9,5,TRUE,A,96.3,FALSE,0.8
502281,10407,12,9,5,FALSE,D,67.4,FALSE,0.73
502282,10407,9,9,5,TRUE,C,96.9,FALSE,0.68
502283,10407,10,10,5,FALSE,D,48.4,FALSE,0.78
502284,10408,4,7,2,TRUE,C,79.9,FALSE,0.92
502285,10408,8,7,2,TRUE,B,91.6,FALSE,0.89
502286,10408,12,7,2,TRUE,B,75.6,FALSE,0.91
502287,10408,1,8,2,TRUE,C,95.4,FALSE,0.84
502288,10408,3,8,2,TRUE,A,78.3,FALSE,0.86
502289,10408,5,8,2,FALSE,D,65.1,FALSE,0.89
502290,10409,6,6,1,TRUE,C,88.9,FALSE,0.95
502291,10409,3,6,1,FALSE,F,53.1,FALSE,0.9
502292,10409,11,7,1,TRUE,C,89.8,FALSE,1.0
502293,10409,5,7,1,TRUE,B,97.3,FALSE,0.6
502294,10409,12,8,1,FALSE,F,66.5,FALSE,0.9
502295,10409,10,8,1,TRUE,C,77.2,FALSE,0.96
502296,10409,4,9,1,FALSE,D,59.2,FALSE,0.82
502297,10409,1,9,1,TRUE,A,89.1,FALSE,0.56
502298,10410,7,4,1,TRUE,B,93.6,FALSE,0.99
502299,10410,1,4,1,TRUE,B,98.9,FALSE,0.63
502300,10410,11,4,1,TRUE,B,94.7,FALSE,0.64
502301,10411,12,7,2,TRUE,C,93.8,FALSE,0.86
502302,10411,1,7,2,TRUE,B,86.2,FALSE,0.6
502303,10412,12,2,1,TRUE,B,95.4,FALSE,0.96
502304,10412,13,2,1,TRUE,C,96.6,FALSE,0.78
502305,10412,4,2,1,TRUE,B,79.8,FALSE,0.9
502306,10413,11,3,5,TRUE,B,84.9,FALSE,0.57
502307,10413,12,3,5,TRUE,B,79.9,FALSE,0.83
502308,10413,10,3,5,FALSE,F,64.9,FALSE,0.75
502309,10413,9,4,5,TRUE,B,87.7,FALSE,0.98
502310,10414,12,3,1,FALSE,D,65.1,FALSE,0.59
502311,10414,2,3,1,TRUE,B,75.1,FALSE,0.86
502312,10414,13,3,1,TRUE,B,96.2,FALSE,0.94
502313,10414,4,4,1,FALSE,D,60.5,FALSE,0.61
502314,10414,8,4,1,TRUE,A,87.7,FALSE,0.66
502315,10414,1,4,1,TRUE,A,76.4,FALSE,1.0
502316,10414,7,5,1,TRUE,B,91.1,FALSE,0.68
502317,10414,6,5,1,TRUE,B,94.3,FALSE,0.83
502318,10414,10,5,1,TRUE,B,81.1,FALSE,0.86
502319,10414,5,6,1,TRUE,A,96.6,FALSE,0.63
502320,10414,11,6,1,TRUE,C,82.1,FALSE,0.97
502321,10414,3,6,1,FALSE,D,52.3,FALSE,0.65
502322,10414,9,7,1,TRUE,A,89.1,FALSE,0.98
502323,10415,11,3,5,TRUE,B,96.8,FALSE,0.75
502324,10415,9,3,5,TRUE,A,97.2,FALSE,0.66
502325,10415,10,3,5,TRUE,A,93.3,FALSE,0.61
502326,10416,11,2,2,TRUE,B,85.2,FALSE,0.89
502327,10416,12,2,2,TRUE,B,94.6,FALSE,0.9
502328,10416,6,2,2,TRUE,A,75.4,FALSE,0.94
502329,10416,1,3,2,TRUE,B,81.5,FALSE,0.8
502330,10416,8,3,2,TRUE,B,96.0,FALSE,0.75
502331,10416,2,3,2,TRUE,B,87.4,FALSE,0.97
502332,10417,6,8,1,TRUE,B,78.1,FALSE,0.69
502333,10417,9,8,1,TRUE,C,98.2,FALSE,0.96
502334,10417,2,8,1,TRUE,B,76.2,FALSE,0.63
502335,10417,5,9,1,TRUE,B,79.4,FALSE,0.8
502336,10417,12,9,1,FALSE,D,58.1,FALSE,0.58
502337,10417,1,9,1,TRUE,B,97.4,FALSE,0.73
502338,10417,8,10,1,TRUE,B,83.3,FALSE,0.99
502339,10417,10,10,1,TRUE,C,97.8,FALSE,0.92
502340,10417,11,10,1,TRUE,C,92.7,FALSE,0.8
502341,10418,1,7,1,TRUE,B,80.9,FALSE,0.63
502342,10418,3,7,1,TRUE,B,95.8,FALSE,0.95
502343,10419,3,4,1,FALSE,D,71.7,FALSE,0.68
502344,10419,8,4,1,TRUE,B,90.8,FALSE,0.97
502345,10419,11,4,1,FALSE,F,64.3,FALSE,0.98
502346,10420,16,8,3,TRUE,B,92.5,FALSE,0.58
502347,10420,14,8,3,TRUE,B,75.4,FALSE,0.92
502348,10420,15,8,3,TRUE,C,78.7,FALSE,0.93
502349,10421,2,4,1,TRUE,C,82.9,FALSE,0.84
502350,10421,5,4,1,FALSE,D,52.8,FALSE,0.92
502351,10421,11,4,1,FALSE,D,72.6,FALSE,0.74
502352,10421,13,5,1,TRUE,B,77.5,FALSE,0.8
502353,10421,4,5,1,TRUE,B,78.0,FALSE,0.97
502354,10421,12,5,1,TRUE,A,88.1,FALSE,0.84
502355,10421,6,6,1,TRUE,A,84.7,FALSE,0.95
502356,10421,7,6,1,FALSE,F,65.4,FALSE,0.83
502357,10421,9,6,1,FALSE,D,64.3,FALSE,0.6
502358,10422,9,6,5,TRUE,C,93.3,FALSE,0.84
502359,10422,10,6,5,TRUE,A,95.4,FALSE,0.69
502360,10422,11,7,5,TRUE,B,82.4,FALSE,0.6
502361,10422,12,7,5,TRUE,A,80.4,FALSE,0.85
502362,10423,3,6,1,FALSE,D,61.1,FALSE,0.58
502363,10423,12,6,1,TRUE,C,93.2,FALSE,0.63
502364,10423,13,6,1,FALSE,F,66.3,FALSE,0.82
502365,10423,5,7,1,TRUE,B,79.6,FALSE,0.57
502366,10423,4,7,1,TRUE,B,79.4,FALSE,0.93
502367,10423,9,7,1,TRUE,B,95.3,FALSE,0.8
502368,10423,1,8,1,FALSE,D,55.2,FALSE,0.56
502369,10423,2,8,1,TRUE,A,87.8,FALSE,0.9
502370,10423,7,8,1,TRUE,A,76.6,FALSE,0.86
502371,10423,6,9,1,TRUE,B,82.7,FALSE,0.58
502372,10423,10,9,1,TRUE,C,75.8,FALSE,0.8
502373,10423,11,9,1,TRUE,B,83.6,FALSE,0.86
502374,10423,8,10,1,TRUE,B,79.0,FALSE,0.82
502375,10424,8,6,2,TRUE,B,87.2,FALSE,0.71
502376,10424,7,6,2,TRUE,A,92.5,FALSE,0.69
502377,10424,11,6,2,TRUE,C,81.3,FALSE,0.91
502378,10424,1,7,2,TRUE,B,83.8,FALSE,0.85
502379,10424,3,7,2,TRUE,B,76.1,FALSE,0.92
502380,10424,12,7,2,FALSE,F,55.5,FALSE,0.95
502381,10424,4,8,2,TRUE,B,92.2,FALSE,0.95
502382,10424,6,8,2,TRUE,A,81.6,FALSE,1.0
502383,10424,5,8,2,TRUE,C,97.2,FALSE,0.8
502384,10424,2,9,2,TRUE,A,94.3,FALSE,0.86
502385,10425,9,1,1,TRUE,C,92.8,FALSE,0.75
502386,10425,2,1,1,TRUE,B,78.6,FALSE,0.62
502387,10425,6,2,1,TRUE,B,77.2,FALSE,0.68
502388,10425,8,2,1,TRUE,A,89.4,FALSE,0.88
502389,10425,11,3,1,TRUE,A,85.0,FALSE,0.57
502390,10425,13,3,1,FALSE,D,74.0,FALSE,0.67
502391,10425,5,4,1,FALSE,F,72.0,FALSE,0.89
502392,10425,4,4,1,TRUE,B,86.7,FALSE,0.87
502393,10425,1,5,1,TRUE,A,86.6,FALSE,0.82
502394,10425,3,5,1,FALSE,F,65.9,FALSE,0.82
502395,10425,12,6,1,TRUE,C,88.0,FALSE,0.92
502396,10425,7,6,1,TRUE,A,98.5,FALSE,0.59
502397,10426,10,3,6,TRUE,B,77.3,FALSE,0.67
502398,10426,14,3,6,TRUE,A,76.1,FALSE,0.91
502399,10426,16,3,6,TRUE,A,90.8,FALSE,0.82
502400,10426,15,4,6,TRUE,B,82.1,FALSE,0.91
502401,10427,6,3,2,TRUE,C,81.5,FALSE,0.68
502402,10427,8,3,2,TRUE,A,91.8,FALSE,0.94
502403,10427,7,4,2,TRUE,A,91.3,FALSE,0.96
502404,10427,4,4,2,TRUE,A,76.9,FALSE,0.68
502405,10427,5,5,2,TRUE,B,94.7,FALSE,0.7
502406,10427,2,5,2,TRUE,B,81.5,FALSE,0.91
502407,10427,11,6,2,TRUE,B,78.2,FALSE,0.63
502408,10427,1,6,2,TRUE,B,93.2,FALSE,0.97
502409,10428,9,1,1,TRUE,A,96.8,FALSE,0.65
502410,10428,8,1,1,TRUE,B,84.6,FALSE,0.97
502411,10428,12,2,1,FALSE,D,54.2,FALSE,0.73
502412,10428,11,2,1,TRUE,A,75.2,FALSE,0.61
502413,10428,10,3,1,TRUE,C,90.4,FALSE,0.83
502414,10428,5,3,1,TRUE,B,75.2,FALSE,0.81
502415,10428,13,4,1,FALSE,F,53.7,FALSE,0.82
502416,10428,2,4,1,TRUE,C,76.4,FALSE,0.66
502417,10429,11,6,5,FALSE,F,54.9,FALSE,0.86
502418,10429,10,6,5,TRUE,B,86.0,FALSE,0.81
502419,10429,12,6,5,TRUE,A,83.8,FALSE,0.81
502420,10429,9,7,5,TRUE,A,98.3,FALSE,0.57
502421,10430,15,9,4,TRUE,B,94.6,FALSE,0.97
502422,10430,16,9,4,TRUE,B,81.2,FALSE,0.99
502423,10430,14,9,4,TRUE,B,78.3,FALSE,0.68
502424,10430,8,10,4,TRUE,C,89.5,FALSE,0.68
502425,10431,7,3,1,TRUE,B,96.3,FALSE,0.89
502426,10431,3,3,1,TRUE,A,84.7,FALSE,0.82
502427,10431,11,4,1,TRUE,B,78.6,FALSE,0.83
502428,10431,12,4,1,FALSE,D,66.5,FALSE,0.56
502429,10431,8,5,1,TRUE,B,84.8,FALSE,0.93
502430,10431,5,5,1,TRUE,B,85.2,FALSE,0.55
502431,10431,13,6,1,TRUE,B,90.4,FALSE,0.96
502432,10431,1,6,1,TRUE,B,78.1,FALSE,0.91
502433,10431,10,7,1,FALSE,F,61.3,FALSE,0.58
502434,10431,2,7,1,TRUE,A,91.3,FALSE,0.75
502435,10432,10,6,6,TRUE,B,76.3,FALSE,0.75
502436,10432,16,6,6,TRUE,B,78.1,FALSE,0.69
502437,10433,15,3,3,TRUE,B,85.6,FALSE,0.58
502438,10433,16,3,3,TRUE,C,81.3,FALSE,0.71
502439,10433,14,4,3,TRUE,C,94.5,FALSE,0.97
502440,10434,15,1,4,TRUE,C,78.0,FALSE,0.59
502441,10434,14,1,4,TRUE,B,87.6,FALSE,0.79
502442,10434,16,1,4,TRUE,B,92.8,FALSE,0.93
502443,10434,8,2,4,TRUE,B,80.2,FALSE,0.72
502444,10435,7,8,1,TRUE,A,76.2,FALSE,0.99
502445,10435,1,8,1,TRUE,B,91.7,FALSE,0.91
502446,10435,13,9,1,FALSE,F,55.0,FALSE,0.91
502447,10435,10,9,1,TRUE,A,79.5,FALSE,0.82
502448,10435,5,10,1,TRUE,A,80.8,FALSE,0.93
502449,10435,12,10,1,FALSE,D,66.7,FALSE,0.65
502450,10436,9,2,1,TRUE,B,97.4,FALSE,0.72
502451,10436,6,2,1,TRUE,B,90.7,FALSE,0.62
502452,10436,13,3,1,TRUE,C,80.7,FALSE,0.62
502453,10436,8,3,1,TRUE,C,95.8,FALSE,0.61
502454,10437,7,2,1,TRUE,B,79.2,FALSE,0.68
502455,10437,12,2,1,TRUE,C,82.1,FALSE,0.58
502456,10437,8,2,1,TRUE,B,78.6,FALSE,0.55
502457,10437,5,3,1,TRUE,B,83.0,FALSE,0.94
502458,10437,9,3,1,TRUE,B,81.4,FALSE,0.61
502459,10437,6,3,1,TRUE,B,97.0,FALSE,0.7
502460,10438,15,3,4,FALSE,D,66.9,FALSE,0.9
502461,10438,16,3,4,TRUE,A,80.1,FALSE,0.63
502462,10439,5,8,1,TRUE,A,87.1,FALSE,0.98
502463,10439,9,8,1,TRUE,B,82.2,FALSE,0.56
502464,10439,1,8,1,TRUE,B,75.1,FALSE,0.71
502465,10439,2,9,1,TRUE,B,94.1,FALSE,0.83
502466,10439,6,9,1,TRUE,B,87.1,FALSE,0.61
502467,10439,12,9,1,TRUE,A,92.5,FALSE,0.84
502468,10439,4,10,1,TRUE,A,82.1,FALSE,0.61
502469,10439,8,10,1,TRUE,C,75.4,FALSE,0.94
502470,10439,10,10,1,TRUE,B,93.2,FALSE,0.63
502471,10439,3,11,1,,,,FALSE,0.55
502472,10439,11,11,1,TRUE,A,75.3,FALSE,0.66
502473,10439,7,11,1,TRUE,B,90.9,FALSE,0.84
502474,10440,9,1,5,TRUE,B,88.8,FALSE,0.69
502475,10440,11,1,5,TRUE,A,89.1,FALSE,0.79
502476,10440,10,1,5,TRUE,B,89.1,FALSE,0.86
502477,10440,12,2,5,TRUE,C,95.1,FALSE,0.68
502478,10441,12,3,5,TRUE,B,89.9,FALSE,0.92
502479,10441,11,3,5,FALSE,F,55.4,FALSE,0.61
502480,10442,14,8,3,TRUE,A,78.2,FALSE,0.99
502481,10442,16,8,3,TRUE,A,84.1,FALSE,0.6
502482,10442,15,9,3,TRUE,B,89.1,FALSE,0.91
502483,10443,7,4,1,TRUE,C,85.5,FALSE,0.99
502484,10443,4,4,1,TRUE,A,78.3,FALSE,0.92
502485,10443,8,5,1,TRUE,B,91.9,FALSE,0.97
502486,10443,9,5,1,TRUE,C,94.8,FALSE,0.62
502487,10444,4,2,1,TRUE,B,88.1,FALSE,0.58
502488,10444,3,2,1,TRUE,B,98.3,FALSE,0.58
502489,10444,1,2,1,TRUE,A,84.2,FALSE,0.99
502490,10444,10,3,1,TRUE,B,92.4,FALSE,0.84
502491,10444,6,3,1,TRUE,B,86.2,FALSE,0.82
502492,10444,5,3,1,TRUE,B,98.2,FALSE,0.56
502493,10444,13,4,1,TRUE,C,87.4,FALSE,0.75
502494,10444,2,4,1,TRUE,B,93.6,FALSE,0.64
502495,10444,11,4,1,TRUE,A,80.8,FALSE,0.94
502496,10444,9,5,1,TRUE,A,85.7,FALSE,0.73
502497,10444,8,5,1,FALSE,F,70.2,FALSE,0.81
502498,10444,12,5,1,FALSE,D,50.2,FALSE,0.61
502499,10445,1,5,2,TRUE,B,87.5,FALSE,0.7
502500,10445,8,5,2,TRUE,B,83.6,FALSE,0.71
502501,10445,12,5,2,TRUE,B,79.1,FALSE,0.74
502502,10445,5,6,2,FALSE,D,49.4,FALSE,0.7
502503,10445,4,6,2,TRUE,B,85.0,FALSE,0.94
502504,10445,11,6,2,TRUE,A,76.4,FALSE,0.74
502505,10445,3,7,2,TRUE,A,82.8,FALSE,0.63
502506,10445,6,7,2,TRUE,A,82.3,FALSE,0.9
502507,10445,7,7,2,TRUE,B,86.3,FALSE,0.55
502508,10445,2,8,2,TRUE,A,95.0,FALSE,0.79
502509,10446,3,5,1,TRUE,B,76.1,FALSE,0.68
502510,10446,8,5,1,TRUE,A,78.7,FALSE,0.78
502511,10446,2,6,1,TRUE,C,79.2,FALSE,0.7
502512,10446,5,6,1,FALSE,F,64.1,FALSE,0.56
502513,10447,4,5,2,FALSE,D,64.0,FALSE,0.94
502514,10447,7,5,2,TRUE,B,96.5,FALSE,0.61
502515,10447,6,6,2,TRUE,B,98.8,FALSE,0.67
502516,10447,1,6,2,TRUE,B,84.3,FALSE,0.79
502517,10447,11,7,2,TRUE,B,96.9,FALSE,0.64
502518,10447,3,7,2,TRUE,C,84.1,FALSE,0.77
502519,10447,8,8,2,TRUE,A,98.4,FALSE,0.81
502520,10447,2,8,2,TRUE,A,90.3,FALSE,0.81
502521,10447,5,9,2,TRUE,B,96.3,FALSE,0.92
502522,10447,12,9,2,TRUE,C,76.1,FALSE,0.99
502523,10448,7,8,2,TRUE,B,93.3,FALSE,0.78
502524,10448,4,8,2,TRUE,B,95.9,FALSE,0.64
502525,10448,8,8,2,TRUE,A,76.0,FALSE,0.8
502526,10448,6,9,2,TRUE,B,86.0,FALSE,0.79
502527,10448,12,9,2,TRUE,A,89.6,FALSE,0.85
502528,10448,2,9,2,FALSE,D,71.7,FALSE,1.0
502529,10448,11,10,2,TRUE,A,92.3,FALSE,0.55
502530,10448,5,10,2,TRUE,B,92.4,FALSE,0.69
502531,10448,3,10,2,TRUE,C,96.0,FALSE,0.78
502532,10448,1,11,2,,,,FALSE,0.66
502533,10449,15,3,3,FALSE,D,65.0,FALSE,0.87
502534,10449,16,3,3,TRUE,B,79.0,FALSE,0.93
502535,10449,14,4,3,TRUE,A,87.4,FALSE,0.93
502536,10450,6,4,2,TRUE,A,94.5,FALSE,0.76
502537,10450,12,4,2,TRUE,A,82.1,FALSE,0.95
502538,10450,3,5,2,TRUE,B,94.7,FALSE,0.69
502539,10450,5,5,2,TRUE,A,89.2,FALSE,0.97
502540,10450,2,6,2,TRUE,B,80.7,FALSE,0.88
502541,10450,7,6,2,TRUE,B,86.4,FALSE,0.83
502542,10451,15,8,3,TRUE,C,80.5,FALSE,0.92
502543,10451,14,8,3,FALSE,D,66.7,FALSE,0.69
502544,10451,16,8,3,TRUE,B,94.2,FALSE,0.83
502545,10452,11,1,5,TRUE,C,88.9,FALSE,0.67
502546,10452,10,1,5,TRUE,B,85.7,FALSE,0.69
502547,10452,9,1,5,TRUE,B,87.6,FALSE,0.79
502548,10452,12,2,5,TRUE,C,95.2,FALSE,0.64
502549,10453,16,3,4,TRUE,B,76.4,FALSE,0.69
502550,10453,8,3,4,TRUE,C,89.6,FALSE,0.83
502551,10453,15,3,4,TRUE,A,94.8,FALSE,0.78
502552,10453,14,4,4,TRUE,A,85.6,FALSE,0.79
502553,10454,16,7,6,TRUE,B,80.7,FALSE,0.86
502554,10454,10,7,6,TRUE,C,97.5,FALSE,0.82
502555,10454,14,8,6,TRUE,A,83.0,FALSE,0.8
502556,10454,15,8,6,TRUE,B,77.4,FALSE,0.84
502557,10455,15,2,4,TRUE,A,94.6,FALSE,0.84
502558,10455,14,2,4,TRUE,B,97.0,FALSE,0.87
502559,10455,16,3,4,TRUE,A,89.3,FALSE,0.57
502560,10455,8,3,4,TRUE,A,80.3,FALSE,0.82
502561,10456,1,1,2,TRUE,A,97.1,FALSE,0.87
502562,10456,11,1,2,FALSE,D,61.0,FALSE,0.78
502563,10456,6,2,2,TRUE,C,87.4,FALSE,0.94
502564,10456,8,2,2,TRUE,B,79.6,FALSE,0.86
502565,10456,5,3,2,FALSE,F,60.9,FALSE,0.88
502566,10456,12,3,2,TRUE,C,95.2,FALSE,0.95
502567,10456,2,4,2,TRUE,B,82.7,FALSE,0.83
502568,10456,4,4,2,TRUE,B,93.4,FALSE,0.85
502569,10456,7,5,2,FALSE,F,51.4,FALSE,0.79
502570,10456,3,5,2,TRUE,C,91.2,FALSE,0.65
502571,10457,4,2,1,FALSE,F,71.4,FALSE,0.84
502572,10457,7,2,1,TRUE,A,93.1,FALSE,0.99
502573,10457,9,3,1,TRUE,A,95.4,FALSE,0.73
502574,10457,2,3,1,TRUE,C,77.7,FALSE,0.89
502575,10457,6,4,1,TRUE,B,93.6,FALSE,0.58
502576,10457,8,4,1,FALSE,D,64.9,FALSE,0.83
502577,10458,10,7,5,TRUE,C,94.3,FALSE,0.67
502578,10458,11,7,5,TRUE,B,82.0,FALSE,0.99
502579,10458,12,8,5,TRUE,A,82.0,FALSE,0.92
502580,10458,9,8,5,TRUE,B,95.5,FALSE,0.92
502581,10459,6,7,2,TRUE,B,95.8,FALSE,0.81
502582,10459,11,7,2,TRUE,A,85.9,FALSE,0.82
502583,10459,1,7,2,TRUE,B,78.5,FALSE,0.66
502584,10459,8,8,2,TRUE,C,98.1,FALSE,0.64
502585,10459,3,8,2,FALSE,F,62.9,FALSE,0.7
502586,10459,5,8,2,TRUE,B,91.9,FALSE,0.84
502587,10459,12,9,2,TRUE,A,80.4,FALSE,0.69
502588,10459,4,9,2,TRUE,B,98.8,FALSE,0.58
502589,10459,7,9,2,TRUE,B,92.7,FALSE,0.66
502590,10459,2,10,2,TRUE,B,84.3,FALSE,0.96
502591,10460,9,6,5,TRUE,C,84.3,FALSE,0.61
502592,10460,12,6,5,TRUE,B,88.7,FALSE,0.68
502593,10460,10,7,5,TRUE,B,90.1,FALSE,0.88
502594,10460,11,7,5,TRUE,B,89.6,FALSE,0.58
502595,10461,3,2,2,TRUE,A,81.9,FALSE,0.65
502596,10461,4,2,2,TRUE,C,95.1,FALSE,0.77
502597,10461,11,3,2,TRUE,B,76.4,FALSE,0.66
502598,10461,5,3,2,TRUE,B,91.7,FALSE,0.68
502599,10461,8,4,2,TRUE,C,78.1,FALSE,0.94
502600,10461,7,4,2,TRUE,C,81.9,FALSE,1.0
502601,10461,2,5,2,TRUE,A,93.5,FALSE,0.92
502602,10461,12,5,2,TRUE,B,95.5,FALSE,0.99
502603,10461,6,6,2,TRUE,C,88.8,FALSE,0.81
502604,10461,1,6,2,TRUE,B,79.5,FALSE,0.95
502605,10462,9,7,1,TRUE,B,97.0,FALSE,0.63
502606,10462,3,7,1,TRUE,A,75.8,FALSE,0.61
502607,10462,5,7,1,TRUE,B,80.3,FALSE,0.81
502608,10462,1,8,1,FALSE,F,71.8,FALSE,0.88
502609,10462,6,8,1,TRUE,B,88.3,FALSE,0.77
502610,10462,10,8,1,TRUE,B,75.4,FALSE,0.94
502611,10462,4,9,1,TRUE,C,82.9,FALSE,0.69
502612,10462,12,9,1,TRUE,B,77.9,FALSE,0.56
502613,10462,2,9,1,TRUE,B,80.9,FALSE,0.58
502614,10463,12,8,2,TRUE,A,86.8,FALSE,0.72
502615,10463,8,8,2,FALSE,D,63.4,FALSE,0.88
502616,10463,1,8,2,TRUE,C,96.4,FALSE,0.7
502617,10463,11,9,2,TRUE,A,78.8,FALSE,0.77
502618,10463,2,9,2,TRUE,B,95.4,FALSE,0.92
502619,10463,3,9,2,TRUE,A,76.1,FALSE,0.97
502620,10463,4,10,2,TRUE,B,97.1,FALSE,0.7
502621,10463,6,10,2,TRUE,B,92.8,FALSE,0.7
502622,10463,7,10,2,TRUE,B,98.5,FALSE,0.9
502623,10463,5,11,2,,,,FALSE,0.77
502624,10464,7,9,1,TRUE,A,92.7,FALSE,0.72
502625,10464,13,9,1,TRUE,A,88.9,FALSE,0.62
502626,10464,8,9,1,TRUE,B,81.3,FALSE,0.76
502627,10464,11,10,1,TRUE,B,89.2,FALSE,0.65
502628,10464,6,10,1,TRUE,B,91.5,FALSE,0.56
502629,10464,2,10,1,TRUE,B,80.9,FALSE,0.84
502630,10464,10,11,1,,,,FALSE,0.79
502631,10464,5,11,1,,,,FALSE,0.86
502632,10464,1,11,1,,,,FALSE,0.81
502633,10465,13,8,1,TRUE,B,88.2,FALSE,0.76
502634,10465,1,8,1,TRUE,C,91.1,FALSE,0.79
502635,10466,2,7,2,TRUE,C,94.7,FALSE,0.64
502636,10466,11,7,2,TRUE,B,92.3,FALSE,0.97
502637,10466,12,7,2,FALSE,F,67.6,FALSE,0.73
502638,10466,6,8,2,FALSE,F,53.2,FALSE,0.98
502639,10466,1,8,2,TRUE,C,83.0,FALSE,0.86
502640,10466,4,8,2,TRUE,C,91.7,FALSE,0.7
502641,10467,15,3,3,TRUE,A,77.3,FALSE,0.56
502642,10467,16,3,3,TRUE,B,75.9,FALSE,0.58
502643,10467,14,4,3,TRUE,A,89.1,FALSE,0.56
502644,10468,11,5,5,TRUE,A,87.5,FALSE,0.61
502645,10468,9,5,5,TRUE,B,75.9,FALSE,0.65
502646,10468,10,5,5,TRUE,C,78.1,FALSE,0.63
502647,10468,12,6,5,TRUE,A,78.4,FALSE,0.59
502648,10469,6,4,1,TRUE,A,80.5,FALSE,0.71
502649,10469,4,4,1,TRUE,A,97.9,FALSE,0.91
502650,10469,13,5,1,FALSE,D,67.3,FALSE,0.7
502651,10469,5,5,1,TRUE,B,91.3,FALSE,0.61
502652,10469,3,6,1,TRUE,B,87.0,FALSE,0.9
502653,10469,8,6,1,TRUE,A,85.6,FALSE,0.63
502654,10469,7,7,1,TRUE,A,85.3,FALSE,0.67
502655,10469,9,7,1,TRUE,B,92.5,FALSE,0.98
502656,10469,2,8,1,TRUE,C,93.0,FALSE,0.85
502657,10469,1,8,1,TRUE,A,95.8,FALSE,0.67
502658,10470,1,1,2,TRUE,B,79.3,FALSE,0.99
502659,10470,3,1,2,TRUE,B,94.5,FALSE,0.93
502660,10470,8,1,2,TRUE,B,93.3,FALSE,0.98
502661,10471,16,5,3,TRUE,B,89.9,FALSE,0.74
502662,10471,14,5,3,TRUE,B,86.3,FALSE,0.65
502663,10471,15,6,3,TRUE,B,89.0,FALSE,0.62
502664,10472,9,8,5,TRUE,B,91.0,FALSE,0.64
502665,10472,11,8,5,TRUE,B,91.5,FALSE,0.61
502666,10472,10,9,5,TRUE,B,93.4,FALSE,0.95
502667,10472,12,9,5,TRUE,A,78.7,FALSE,0.94
502668,10473,6,6,1,TRUE,A,85.0,FALSE,0.89
502669,10473,2,6,1,TRUE,B,80.4,FALSE,0.65
502670,10473,11,7,1,TRUE,B,84.9,FALSE,0.78
502671,10473,13,7,1,TRUE,A,91.1,FALSE,0.74
502672,10473,4,8,1,FALSE,F,67.3,FALSE,0.68
502673,10473,9,8,1,TRUE,B,90.3,FALSE,0.82
502674,10473,1,9,1,TRUE,C,88.1,FALSE,0.58
502675,10473,5,9,1,FALSE,F,70.7,FALSE,0.6
502676,10473,3,10,1,TRUE,A,87.4,FALSE,0.86
502677,10473,10,10,1,TRUE,B,80.9,FALSE,0.91
502678,10473,8,11,1,,,,FALSE,0.62
502679,10473,7,11,1,,,,FALSE,0.79
502680,10474,6,6,2,TRUE,B,77.9,FALSE,0.73
502681,10474,11,6,2,TRUE,B,93.4,FALSE,0.73
502682,10475,14,5,6,TRUE,C,98.8,FALSE,0.62
502683,10475,15,5,6,TRUE,B,82.1,FALSE,0.64
502684,10475,10,5,6,TRUE,B,89.3,FALSE,0.61
502685,10475,16,6,6,TRUE,B,95.7,FALSE,0.83
502686,10476,10,7,5,TRUE,C,81.3,FALSE,0.59
502687,10476,12,7,5,TRUE,B,79.4,FALSE,0.87
502688,10476,9,8,5,TRUE,B,82.0,FALSE,0.59
502689,10476,11,8,5,TRUE,A,98.7,FALSE,0.74
502690,10477,3,7,1,FALSE,F,58.6,FALSE,0.81
502691,10477,8,7,1,TRUE,A,89.0,FALSE,0.64
502692,10477,5,7,1,TRUE,A,98.3,FALSE,0.76
502693,10477,10,8,1,TRUE,C,95.0,FALSE,0.91
502694,10477,13,8,1,TRUE,A,81.6,FALSE,0.68
502695,10477,7,8,1,TRUE,C,88.1,FALSE,0.67
502696,10477,1,9,1,TRUE,B,97.9,FALSE,0.77
502697,10477,2,9,1,TRUE,B,76.8,FALSE,0.96
502698,10477,11,9,1,FALSE,D,58.6,FALSE,0.81
502699,10477,6,10,1,TRUE,A,90.9,FALSE,0.9
502700,10477,12,10,1,FALSE,F,56.2,FALSE,0.95
502701,10477,4,10,1,FALSE,D,62.0,FALSE,0.93
502702,10477,9,11,1,,,,FALSE,0.56
502703,10478,15,9,4,TRUE,A,77.9,FALSE,0.67
502704,10478,8,9,4,TRUE,B,97.4,FALSE,0.8
502705,10478,16,10,4,TRUE,A,98.9,FALSE,0.69
502706,10478,14,10,4,FALSE,D,49.6,FALSE,0.8
502707,10479,11,9,5,TRUE,A,84.2,FALSE,0.7
502708,10479,12,9,5,TRUE,A,95.5,FALSE,0.91
502709,10479,10,10,5,TRUE,C,96.0,FALSE,0.59
502710,10479,9,10,5,TRUE,A,97.2,FALSE,1.0
502711,10480,14,3,3,TRUE,B,78.9,FALSE,0.8
502712,10480,16,3,3,TRUE,A,81.9,FALSE,0.61
502713,10480,15,3,3,TRUE,B,95.4,FALSE,0.69
502714,10481,15,5,4,TRUE,B,85.5,FALSE,0.72
502715,10481,14,5,4,TRUE,A,95.6,FALSE,0.82
502716,10481,16,6,4,TRUE,A,93.9,FALSE,0.57
502717,10481,8,6,4,TRUE,A,82.2,FALSE,0.85
502718,10482,4,2,2,FALSE,D,54.3,FALSE,0.65
502719,10482,3,2,2,FALSE,D,63.8,FALSE,0.98
502720,10482,8,2,2,TRUE,B,76.6,FALSE,0.66
502721,10483,7,2,1,TRUE,C,94.4,FALSE,0.76
502722,10483,2,2,1,TRUE,B,91.9,FALSE,0.78
502723,10483,4,3,1,TRUE,B,83.6,FALSE,0.82
502724,10483,5,3,1,TRUE,B,98.6,FALSE,0.65
502725,10483,1,4,1,TRUE,B,83.9,FALSE,1.0
502726,10483,9,4,1,TRUE,B,83.2,FALSE,0.71
502727,10484,3,4,1,TRUE,B,93.3,FALSE,0.73
502728,10484,8,4,1,FALSE,F,58.1,FALSE,0.76
502729,10484,9,4,1,TRUE,C,77.0,FALSE,0.96
502730,10484,1,5,1,TRUE,B,80.3,FALSE,0.78
502731,10484,13,5,1,TRUE,A,85.1,FALSE,0.67
502732,10484,12,5,1,TRUE,A,87.3,FALSE,0.94
502733,10484,2,6,1,FALSE,D,64.8,FALSE,0.73
502734,10484,5,6,1,TRUE,A,91.1,FALSE,0.77
502735,10484,10,6,1,TRUE,B,75.2,FALSE,0.63
502736,10484,6,7,1,TRUE,B,77.7,FALSE,0.94
502737,10484,4,7,1,TRUE,A,78.4,FALSE,0.8
502738,10484,7,7,1,TRUE,B,88.3,FALSE,0.56
502739,10485,14,2,4,TRUE,B,83.6,FALSE,0.82
502740,10485,8,2,4,TRUE,A,75.0,FALSE,0.57
502741,10485,15,2,4,TRUE,B,81.4,FALSE,0.91
502742,10485,16,3,4,TRUE,A,96.4,FALSE,0.87
502743,10486,9,3,1,TRUE,A,85.5,FALSE,0.84
502744,10486,10,3,1,TRUE,B,83.6,FALSE,0.8
502745,10486,7,3,1,FALSE,F,68.0,FALSE,0.56
502746,10487,15,7,3,FALSE,D,55.9,FALSE,0.96
502747,10487,14,7,3,TRUE,B,82.9,FALSE,0.58
502748,10487,16,7,3,TRUE,B,93.2,FALSE,0.89
502749,10488,8,1,4,TRUE,B,84.8,FALSE,0.68
502750,10488,15,1,4,TRUE,A,78.1,FALSE,0.63
502751,10488,16,1,4,TRUE,B,91.2,FALSE,0.65
502752,10488,14,2,4,TRUE,B,93.1,FALSE,0.99
502753,10489,15,4,3,TRUE,B,86.2,FALSE,0.9
502754,10489,14,4,3,TRUE,C,77.3,FALSE,0.83
502755,10489,16,4,3,TRUE,A,85.7,FALSE,0.92
502756,10490,11,1,1,TRUE,B,88.1,FALSE,0.63
502757,10490,13,1,1,TRUE,B,75.0,FALSE,0.82
502758,10490,2,2,1,TRUE,C,90.3,FALSE,0.68
502759,10490,4,2,1,TRUE,B,87.5,FALSE,0.74
502760,10490,8,3,1,TRUE,B,92.5,FALSE,0.7
502761,10490,3,3,1,TRUE,B,80.6,FALSE,0.72
502762,10490,5,4,1,TRUE,B,77.0,FALSE,0.61
502763,10490,9,4,1,TRUE,B,97.2,FALSE,0.85
502764,10490,6,5,1,FALSE,F,63.5,FALSE,0.61
502765,10490,1,5,1,TRUE,B,75.5,FALSE,0.64
502766,10490,12,6,1,TRUE,A,89.8,FALSE,0.84
502767,10490,10,6,1,TRUE,B,82.1,FALSE,0.76
502768,10491,16,3,3,TRUE,B,94.5,FALSE,0.68
502769,10491,14,3,3,TRUE,B,92.9,FALSE,0.63
502770,10491,15,3,3,TRUE,A,75.1,FALSE,0.67
502771,10492,10,7,5,TRUE,A,82.9,FALSE,0.97
502772,10492,9,7,5,TRUE,B,77.6,FALSE,0.7
502773,10492,11,7,5,TRUE,B,95.3,FALSE,0.97
502774,10492,12,8,5,TRUE,B,95.0,FALSE,0.91
502775,10493,15,3,3,TRUE,A,85.9,FALSE,1.0
502776,10493,16,3,3,TRUE,B,90.8,FALSE,0.91
502777,10493,14,4,3,TRUE,A,82.0,FALSE,0.97
502778,10494,5,9,1,TRUE,B,96.2,FALSE,0.82
502779,10494,8,9,1,TRUE,B,77.4,FALSE,0.98
502780,10494,4,9,1,TRUE,A,94.9,FALSE,0.69
502781,10494,12,10,1,TRUE,A,88.0,FALSE,0.96
502782,10494,10,10,1,TRUE,A,80.8,FALSE,0.95
502783,10494,1,10,1,TRUE,A,80.0,FALSE,0.73
502784,10494,13,11,1,TRUE,A,93.0,FALSE,0.6
502785,10494,7,11,1,,,,TRUE,0.79
502786,10494,3,11,1,,,,FALSE,0.57
502787,10495,3,7,2,TRUE,A,77.0,FALSE,0.55
502788,10495,11,7,2,TRUE,B,79.4,FALSE,0.84
502789,10495,4,7,2,TRUE,A,84.0,FALSE,0.93
502790,10495,7,8,2,TRUE,B,92.2,FALSE,0.87
502791,10495,6,8,2,FALSE,D,67.5,FALSE,0.99
502792,10495,8,8,2,TRUE,B,92.5,FALSE,1.0
502793,10495,5,9,2,TRUE,A,78.4,FALSE,0.68
502794,10495,12,9,2,TRUE,A,92.4,FALSE,0.61
502795,10495,1,9,2,TRUE,C,98.1,FALSE,0.83
502796,10495,2,10,2,TRUE,A,93.8,FALSE,0.68
502797,10496,14,5,3,TRUE,B,95.1,FALSE,0.56
502798,10496,16,5,3,TRUE,B,89.8,FALSE,0.64
502799,10496,15,6,3,TRUE,A,96.9,FALSE,0.85
502800,10497,14,7,4,TRUE,A,76.4,FALSE,0.85
502801,10497,16,7,4,TRUE,A,93.2,FALSE,0.61
502802,10497,15,7,4,TRUE,A,78.8,FALSE,0.92
502803,10497,8,8,4,TRUE,A,86.4,FALSE,0.73
502804,10498,10,8,5,TRUE,A,76.7,FALSE,0.73
502805,10498,12,8,5,TRUE,B,91.3,FALSE,0.56
502806,10498,11,8,5,TRUE,B,86.5,FALSE,0.64
502807,10498,9,9,5,TRUE,C,78.6,FALSE,0.77
502808,10499,7,3,2,TRUE,A,87.0,FALSE,0.68
502809,10499,12,3,2,FALSE,F,56.2,FALSE,0.57
502810,10499,5,4,2,TRUE,B,80.9,FALSE,0.9
502811,10499,8,4,2,TRUE,B,93.1,FALSE,0.96
502812,10499,4,5,2,FALSE,F,54.4,FALSE,0.64
502813,10499,2,5,2,TRUE,C,83.3,FALSE,0.83
502814,10499,1,6,2,TRUE,A,84.1,FALSE,0.61
502815,10499,3,6,2,TRUE,C,98.1,FALSE,0.67
502816,10500,2,2,1,FALSE,F,68.6,FALSE,0.92
502817,10500,10,2,1,TRUE,B,78.9,FALSE,0.73
502818,10500,6,2,1,TRUE,A,85.7,FALSE,0.94
502819,10501,15,2,4,TRUE,B,81.7,FALSE,0.65
502820,10501,8,2,4,TRUE,B,81.0,FALSE,0.85
502821,10501,14,2,4,TRUE,B,93.0,FALSE,0.76
502822,10501,16,3,4,TRUE,B,87.7,FALSE,0.68
502823,10502,15,5,6,TRUE,C,88.9,FALSE,0.72
502824,10502,16,5,6,TRUE,C,82.4,FALSE,0.61
502825,10502,14,5,6,FALSE,F,58.9,FALSE,0.99
502826,10502,10,6,6,TRUE,B,84.2,FALSE,0.94
502827,10503,11,6,2,TRUE,B,80.6,FALSE,0.87
502828,10503,6,6,2,TRUE,A,89.0,FALSE,0.67
502829,10503,12,6,2,TRUE,A,95.8,FALSE,0.61
502830,10503,5,7,2,FALSE,D,59.5,FALSE,0.96
502831,10503,4,7,2,FALSE,D,68.8,FALSE,0.95
502832,10503,2,7,2,TRUE,C,98.6,FALSE,0.97
502833,10504,15,3,3,TRUE,C,98.3,FALSE,0.81
502834,10504,14,3,3,TRUE,A,78.3,FALSE,0.94
502835,10504,16,4,3,TRUE,B,90.7,FALSE,0.56
502836,10505,6,6,1,TRUE,C,96.1,FALSE,0.58
502837,10505,7,6,1,TRUE,B,91.9,FALSE,0.58
502838,10505,1,7,1,TRUE,C,86.7,FALSE,0.75
502839,10505,8,7,1,TRUE,A,84.8,FALSE,0.85
502840,10505,5,8,1,TRUE,B,93.8,FALSE,0.74
502841,10505,13,8,1,FALSE,F,49.8,FALSE,0.95
502842,10505,12,9,1,TRUE,A,75.6,FALSE,0.95
502843,10505,2,9,1,TRUE,B,87.4,FALSE,0.96
502844,10506,16,8,3,TRUE,A,95.9,FALSE,0.64
502845,10506,15,8,3,TRUE,B,85.1,FALSE,0.85
502846,10506,14,8,3,TRUE,B,97.7,FALSE,0.62
502847,10507,16,3,4,TRUE,B,75.2,FALSE,0.84
502848,10507,14,3,4,TRUE,B,97.0,FALSE,0.94
502849,10507,15,4,4,TRUE,B,75.6,FALSE,0.96
502850,10507,8,4,4,TRUE,A,92.2,FALSE,0.6
502851,10508,6,6,2,TRUE,A,96.0,FALSE,0.6
502852,10508,7,6,2,TRUE,B,84.4,FALSE,0.71
502853,10508,12,7,2,TRUE,C,92.2,FALSE,0.84
502854,10508,2,7,2,TRUE,B,76.2,FALSE,0.88
502855,10508,1,8,2,TRUE,C,93.2,FALSE,0.57
502856,10508,11,8,2,TRUE,B,76.6,FALSE,0.58
502857,10508,8,9,2,TRUE,B,83.4,FALSE,0.95
502858,10508,5,9,2,TRUE,B,91.5,FALSE,0.64
502859,10508,3,10,2,TRUE,B,77.5,FALSE,0.84
502860,10508,4,10,2,TRUE,B,86.0,FALSE,0.78
502861,10509,8,7,1,TRUE,B,85.8,FALSE,0.57
502862,10509,11,7,1,TRUE,A,89.6,FALSE,0.95
502863,10509,9,7,1,TRUE,B,90.8,FALSE,0.95
502864,10509,6,8,1,TRUE,C,88.4,FALSE,0.64
502865,10509,13,8,1,TRUE,A,85.5,FALSE,0.71
502866,10509,3,8,1,TRUE,B,85.2,FALSE,0.99
502867,10509,5,9,1,FALSE,D,63.0,FALSE,0.92
502868,10509,7,9,1,TRUE,C,83.5,FALSE,0.87
502869,10509,2,9,1,TRUE,B,79.8,FALSE,0.58
502870,10509,12,10,1,TRUE,A,92.3,FALSE,0.7
502871,10509,10,10,1,TRUE,A,80.0,FALSE,0.67
502872,10509,1,10,1,TRUE,B,76.6,FALSE,0.74
502873,10510,16,4,3,TRUE,A,83.8,FALSE,0.99
502874,10510,14,4,3,TRUE,B,89.2,FALSE,0.62
502875,10510,15,4,3,TRUE,A,84.6,FALSE,0.59
502876,10511,16,8,4,TRUE,B,87.9,FALSE,0.97
502877,10511,14,8,4,TRUE,A,86.6,FALSE,0.55
502878,10511,15,8,4,TRUE,A,79.9,FALSE,0.9
502879,10512,16,1,3,TRUE,B,86.1,FALSE,0.89
502880,10512,14,1,3,TRUE,C,88.4,FALSE,0.65
502881,10512,15,2,3,TRUE,C,90.3,FALSE,0.87
502882,10513,11,2,5,TRUE,A,82.2,FALSE,0.99
502883,10513,9,2,5,FALSE,F,62.4,FALSE,0.97
502884,10513,12,3,5,FALSE,D,72.2,FALSE,0.61
502885,10513,10,3,5,TRUE,B,75.2,FALSE,0.89
502886,10514,15,7,3,TRUE,C,86.3,FALSE,0.98
502887,10514,16,7,3,TRUE,B,96.1,FALSE,0.68
502888,10514,14,8,3,TRUE,B,91.6,FALSE,0.84
502889,10515,3,8,2,FALSE,D,69.8,FALSE,0.61
502890,10515,11,8,2,TRUE,A,82.0,FALSE,0.95
502891,10515,2,8,2,TRUE,C,83.4,FALSE,0.77
502892,10515,6,9,2,TRUE,B,90.9,FALSE,0.59
502893,10515,8,9,2,TRUE,C,97.3,FALSE,0.96
502894,10515,5,9,2,TRUE,B,91.3,FALSE,0.83
502895,10516,1,9,1,TRUE,B,92.4,FALSE,0.79
502896,10516,3,9,1,TRUE,B,81.9,FALSE,0.56
502897,10517,14,8,3,TRUE,B,94.8,FALSE,0.98
502898,10517,15,8,3,TRUE,C,84.1,FALSE,0.71
502899,10517,16,8,3,TRUE,C,90.0,FALSE,0.63
502900,10518,7,8,1,FALSE,D,51.0,FALSE,0.9
502901,10518,6,8,1,TRUE,B,77.0,FALSE,0.57
502902,10518,11,8,1,TRUE,B,76.1,FALSE,0.87
502903,10518,12,9,1,TRUE,A,85.1,FALSE,0.78
502904,10518,3,9,1,FALSE,F,57.2,FALSE,0.85
502905,10518,8,9,1,TRUE,B,96.8,FALSE,0.76
502906,10518,9,10,1,TRUE,A,95.5,FALSE,0.69
502907,10518,1,10,1,TRUE,B,92.1,FALSE,0.77
502908,10518,4,10,1,FALSE,D,52.9,FALSE,0.81
502909,10518,5,11,1,,,,FALSE,0.66
502910,10518,13,11,1,,,,FALSE,0.84
502911,10518,10,11,1,TRUE,A,80.8,FALSE,0.56
502912,10519,1,6,1,TRUE,B,95.6,FALSE,0.96
502913,10519,11,6,1,TRUE,A,87.0,FALSE,0.68
502914,10519,13,7,1,FALSE,F,48.9,FALSE,0.56
502915,10519,6,7,1,TRUE,B,76.2,FALSE,0.85
502916,10519,5,8,1,TRUE,A,75.4,FALSE,0.82
502917,10519,12,8,1,TRUE,A,83.1,FALSE,0.92
502918,10519,10,9,1,TRUE,C,77.7,FALSE,0.64
502919,10519,9,9,1,TRUE,C,90.5,FALSE,0.64
502920,10519,7,10,1,TRUE,C,96.6,FALSE,0.96
502921,10519,3,10,1,TRUE,A,92.1,FALSE,0.92
502922,10520,13,3,1,TRUE,A,87.8,FALSE,0.63
502923,10520,6,3,1,TRUE,B,97.8,FALSE,0.86
502924,10520,3,3,1,TRUE,B,83.0,FALSE,0.89
502925,10520,7,4,1,TRUE,C,76.2,FALSE,0.65
502926,10520,8,4,1,TRUE,C,92.0,FALSE,0.75
502927,10520,5,4,1,TRUE,B,80.8,FALSE,0.73
502928,10520,9,5,1,TRUE,B,90.4,FALSE,0.9
502929,10520,4,5,1,FALSE,D,74.0,FALSE,0.78
502930,10520,10,5,1,TRUE,B,98.6,FALSE,0.69
502931,10521,3,2,1,TRUE,C,80.1,FALSE,0.66
502932,10521,7,2,1,TRUE,A,85.4,FALSE,0.82
502933,10521,4,2,1,TRUE,A,82.0,FALSE,0.59
502934,10521,11,3,1,TRUE,B,78.0,FALSE,0.61
502935,10521,9,3,1,TRUE,B,80.6,FALSE,0.88
502936,10521,2,3,1,TRUE,C,75.7,FALSE,0.6
502937,10521,10,4,1,TRUE,C,85.3,FALSE,0.94
502938,10521,6,4,1,TRUE,A,86.5,FALSE,0.85
502939,10521,1,4,1,TRUE,B,98.0,FALSE,0.97
502940,10521,13,5,1,TRUE,C,87.6,FALSE,0.85
502941,10521,5,5,1,FALSE,D,67.2,FALSE,0.95
502942,10521,12,5,1,TRUE,B,78.9,FALSE,0.63
502943,10521,8,6,1,TRUE,B,85.2,FALSE,0.75
502944,10522,3,7,1,TRUE,C,90.4,FALSE,0.95
502945,10522,5,7,1,TRUE,B,89.6,FALSE,0.68
502946,10522,2,7,1,TRUE,B,94.4,FALSE,0.79
502947,10522,7,8,1,TRUE,B,83.2,FALSE,0.77
502948,10522,11,8,1,TRUE,B,82.7,FALSE,0.93
502949,10522,13,8,1,TRUE,A,75.6,FALSE,0.96
502950,10523,4,9,2,TRUE,B,93.7,FALSE,0.77
502951,10523,2,9,2,TRUE,A,88.7,FALSE,0.82
502952,10523,5,9,2,TRUE,B,83.5,FALSE,0.71
502953,10524,5,8,2,FALSE,F,65.2,FALSE,0.55
502954,10524,12,8,2,TRUE,B,81.3,FALSE,0.87
502955,10524,4,8,2,FALSE,D,73.0,FALSE,0.71
502956,10525,6,7,1,TRUE,B,76.5,FALSE,0.73
502957,10525,13,7,1,TRUE,A,86.8,FALSE,0.81
502958,10525,10,8,1,TRUE,C,84.6,FALSE,0.82
502959,10525,7,8,1,TRUE,A,79.3,FALSE,0.93
502960,10525,9,9,1,TRUE,A,80.1,FALSE,0.84
502961,10525,2,9,1,FALSE,F,52.4,FALSE,0.56
502962,10526,16,4,3,TRUE,A,94.5,FALSE,0.96
502963,10526,14,4,3,TRUE,B,85.2,FALSE,0.87
502964,10526,15,4,3,TRUE,B,83.7,FALSE,0.98
502965,10527,14,9,3,TRUE,C,82.8,FALSE,0.59
502966,10527,15,9,3,TRUE,B,81.7,FALSE,0.98
502967,10527,16,9,3,TRUE,B,83.8,FALSE,0.86
502968,10528,14,5,3,TRUE,B,88.0,FALSE,0.91
502969,10528,16,5,3,TRUE,B,82.3,FALSE,0.65
502970,10528,15,5,3,TRUE,B,76.6,FALSE,0.84
502971,10529,14,6,3,TRUE,C,87.3,FALSE,0.89
502972,10529,15,6,3,TRUE,B,79.8,FALSE,0.8
502973,10529,16,7,3,TRUE,B,90.9,FALSE,0.84
502974,10530,15,7,6,TRUE,B,80.2,FALSE,0.92
502975,10530,14,7,6,TRUE,A,80.8,FALSE,0.94
502976,10530,16,8,6,TRUE,B,86.3,FALSE,0.76
502977,10530,10,8,6,TRUE,B,96.6,FALSE,0.66
502978,10531,8,1,2,TRUE,A,95.8,FALSE,0.71
502979,10531,2,1,2,TRUE,B,94.0,FALSE,0.91
502980,10531,1,1,2,TRUE,B,92.3,FALSE,0.63
502981,10531,5,2,2,TRUE,C,86.1,FALSE,0.92
502982,10531,3,2,2,FALSE,F,53.2,FALSE,0.96
502983,10531,12,2,2,TRUE,B,93.2,FALSE,0.57
502984,10531,6,3,2,TRUE,C,80.5,FALSE,0.77
502985,10531,4,3,2,FALSE,D,73.7,FALSE,0.67
502986,10531,11,3,2,TRUE,C,83.3,FALSE,0.99
502987,10531,7,4,2,FALSE,F,62.8,FALSE,0.58
502988,10532,4,3,1,TRUE,A,98.0,FALSE,0.69
502989,10532,13,3,1,TRUE,A,96.2,FALSE,0.96
502990,10532,5,3,1,TRUE,C,93.5,FALSE,0.85
502991,10533,2,9,1,TRUE,A,75.7,FALSE,0.73
502992,10533,3,9,1,FALSE,D,60.2,FALSE,0.62
502993,10533,11,9,1,TRUE,A,91.2,FALSE,0.91
502994,10533,5,10,1,TRUE,B,91.6,FALSE,0.71
502995,10533,7,10,1,TRUE,C,79.6,FALSE,0.85
502996,10533,9,10,1,TRUE,A,83.2,FALSE,0.67
502997,10533,1,11,1,TRUE,C,94.2,FALSE,0.59
502998,10533,12,11,1,,,,FALSE,0.96
502999,10533,6,11,1,TRUE,C,82.5,FALSE,0.65
503000,10534,16,4,3,TRUE,A,79.5,FALSE,0.74
503001,10534,14,4,3,TRUE,B,85.6,FALSE,0.59
503002,10534,15,4,3,TRUE,C,95.3,FALSE,0.69
503003,10535,3,6,2,TRUE,B,75.7,FALSE,0.79
503004,10535,1,6,2,TRUE,B,93.8,FALSE,0.73
503005,10535,5,6,2,FALSE,F,64.4,FALSE,0.74
503006,10535,4,7,2,TRUE,B,89.5,FALSE,0.66
503007,10535,2,7,2,TRUE,B,80.6,FALSE,0.82
503008,10535,12,7,2,TRUE,B,85.5,FALSE,0.97
503009,10536,12,8,5,TRUE,B,89.8,FALSE,0.79
503010,10536,9,8,5,TRUE,C,78.0,FALSE,0.87
503011,10536,10,8,5,TRUE,A,80.5,FALSE,0.98
503012,10536,11,9,5,TRUE,A,80.2,FALSE,0.92
503013,10537,10,5,6,TRUE,A,90.6,FALSE,0.62
503014,10537,16,5,6,TRUE,B,80.8,FALSE,0.71
503015,10537,15,5,6,TRUE,A,78.5,FALSE,0.9
503016,10538,6,1,1,TRUE,B,77.6,FALSE,0.68
503017,10538,1,1,1,FALSE,D,55.5,FALSE,0.64
503018,10538,12,1,1,FALSE,F,70.5,FALSE,0.84
503019,10538,10,2,1,TRUE,B,96.2,FALSE,0.65
503020,10538,11,2,1,TRUE,C,96.3,FALSE,0.84
503021,10538,7,2,1,TRUE,B,98.6,FALSE,0.77
503022,10538,9,3,1,TRUE,A,77.6,FALSE,0.73
503023,10538,8,3,1,TRUE,C,77.8,FALSE,0.97
503024,10538,3,3,1,TRUE,B,84.4,FALSE,0.91
503025,10538,5,4,1,TRUE,A,80.1,FALSE,0.78
503026,10538,13,4,1,TRUE,B,78.4,FALSE,0.59
503027,10538,2,4,1,FALSE,F,61.3,FALSE,0.92
503028,10538,4,5,1,FALSE,F,50.6,FALSE,0.73
503029,10539,3,6,1,TRUE,A,85.8,FALSE,0.75
503030,10539,12,6,1,TRUE,C,95.4,FALSE,0.83
503031,10539,13,6,1,TRUE,A,84.0,FALSE,0.58
503032,10539,5,7,1,TRUE,A,76.2,FALSE,0.55
503033,10539,1,7,1,TRUE,B,84.1,FALSE,0.66
503034,10539,10,7,1,TRUE,A,89.7,FALSE,0.89
503035,10539,9,8,1,TRUE,A,83.3,FALSE,0.63
503036,10539,7,8,1,TRUE,B,84.6,FALSE,0.57
503037,10539,11,8,1,TRUE,A,76.1,FALSE,0.82
503038,10539,4,9,1,TRUE,B,79.9,FALSE,0.86
503039,10539,8,9,1,TRUE,C,83.4,FALSE,0.58
503040,10539,6,9,1,TRUE,B,78.5,FALSE,0.79
503041,10539,2,10,1,FALSE,F,50.0,FALSE,0.92
503042,10540,15,5,3,TRUE,B,76.2,FALSE,0.6
503043,10540,14,5,3,TRUE,A,84.0,FALSE,0.8
503044,10540,16,5,3,TRUE,A,75.1,FALSE,0.79
503045,10541,10,4,1,TRUE,B,93.7,FALSE,0.65
503046,10541,11,4,1,TRUE,B,80.7,FALSE,0.85
503047,10541,13,4,1,TRUE,C,90.6,FALSE,0.77
503048,10541,8,5,1,TRUE,A,84.1,FALSE,0.76
503049,10541,2,5,1,TRUE,C,92.0,FALSE,0.77
503050,10541,5,5,1,TRUE,A,76.1,FALSE,0.71
503051,10541,7,6,1,FALSE,F,66.4,FALSE,0.9
503052,10541,1,6,1,TRUE,B,96.9,FALSE,0.6
503053,10541,12,6,1,TRUE,A,88.5,FALSE,0.91
503054,10541,4,7,1,TRUE,B,95.1,FALSE,0.6
503055,10541,6,7,1,TRUE,B,75.2,FALSE,0.59
503056,10541,3,7,1,FALSE,F,68.6,FALSE,0.83
503057,10541,9,8,1,TRUE,B,82.3,FALSE,0.97
503058,10542,6,2,2,TRUE,A,85.3,FALSE,0.66
503059,10542,1,2,2,TRUE,A,91.4,FALSE,0.86
503060,10542,2,3,2,TRUE,A,87.0,FALSE,0.93
503061,10542,12,3,2,TRUE,A,83.5,FALSE,0.61
503062,10542,11,4,2,TRUE,B,94.9,FALSE,0.79
503063,10542,4,4,2,TRUE,B,83.9,FALSE,0.64
503064,10542,5,5,2,FALSE,D,62.4,FALSE,0.89
503065,10542,3,5,2,TRUE,C,76.1,FALSE,0.61
503066,10542,8,6,2,TRUE,B,97.3,FALSE,0.85
503067,10542,7,6,2,TRUE,B,82.2,FALSE,0.95
503068,10543,9,9,1,TRUE,C,79.2,FALSE,0.6
503069,10543,11,9,1,TRUE,A,87.3,FALSE,0.82
503070,10543,2,9,1,TRUE,A,92.7,FALSE,0.95
503071,10544,12,4,2,TRUE,A,86.6,FALSE,0.65
503072,10544,11,4,2,TRUE,A,93.7,FALSE,0.55
503073,10544,2,5,2,TRUE,C,80.3,FALSE,0.82
503074,10544,6,5,2,TRUE,A,84.6,FALSE,0.86
503075,10544,4,6,2,FALSE,F,57.1,FALSE,0.89
503076,10544,3,6,2,FALSE,F,73.2,FALSE,0.85
503077,10544,1,7,2,TRUE,B,97.4,FALSE,0.7
503078,10544,8,7,2,TRUE,B,76.5,FALSE,0.57
503079,10544,5,8,2,TRUE,B,91.5,FALSE,0.59
503080,10544,7,8,2,TRUE,B,79.1,FALSE,0.62
503081,10545,15,7,6,TRUE,C,77.7,FALSE,0.81
503082,10545,16,7,6,TRUE,A,84.6,FALSE,0.93
503083,10546,1,8,2,TRUE,B,85.8,FALSE,0.58
503084,10546,2,8,2,TRUE,A,95.8,FALSE,0.77
503085,10546,4,9,2,FALSE,D,62.4,FALSE,0.91
503086,10546,3,9,2,TRUE,C,83.5,FALSE,0.59
503087,10546,11,10,2,TRUE,A,90.9,FALSE,0.74
503088,10546,7,10,2,TRUE,C,90.2,FALSE,0.93
503089,10547,10,3,6,TRUE,A,79.8,FALSE,0.63
503090,10547,14,3,6,TRUE,B,97.9,FALSE,0.75
503091,10547,15,3,6,TRUE,B,95.8,FALSE,0.6
503092,10548,2,4,1,TRUE,C,92.1,FALSE,0.81
503093,10548,9,4,1,TRUE,A,84.4,FALSE,0.86
503094,10548,3,4,1,FALSE,F,53.5,FALSE,0.77
503095,10548,6,5,1,TRUE,A,86.9,FALSE,0.91
503096,10548,1,5,1,TRUE,A,77.8,FALSE,0.91
503097,10548,11,5,1,TRUE,A,85.1,FALSE,0.91
503098,10548,12,6,1,TRUE,B,86.3,FALSE,0.7
503099,10548,8,6,1,TRUE,A,93.1,FALSE,0.69
503100,10548,4,6,1,TRUE,B,76.4,FALSE,0.85
503101,10548,7,7,1,TRUE,B,93.0,FALSE,0.78
503102,10548,13,7,1,TRUE,C,80.4,FALSE,0.74
503103,10548,5,7,1,TRUE,C,95.8,FALSE,0.82
503104,10548,10,8,1,TRUE,A,93.2,FALSE,0.62
503105,10549,15,7,4,TRUE,B,78.5,FALSE,0.9
503106,10549,14,7,4,TRUE,B,77.5,FALSE,0.58
503107,10549,8,7,4,TRUE,B,92.8,FALSE,0.8
503108,10549,16,8,4,TRUE,B,90.1,FALSE,0.92
503109,10550,10,2,1,TRUE,C,94.8,FALSE,0.9
503110,10550,11,2,1,TRUE,B,80.6,FALSE,0.73
503111,10550,5,2,1,TRUE,A,89.5,FALSE,0.95
503112,10550,9,3,1,TRUE,B,89.3,FALSE,0.85
503113,10550,6,3,1,TRUE,A,98.0,FALSE,0.84
503114,10550,1,3,1,TRUE,B,90.9,FALSE,0.95
503115,10550,8,4,1,TRUE,C,86.2,FALSE,0.67
503116,10550,13,4,1,TRUE,C,88.5,FALSE,0.83
503117,10550,4,4,1,TRUE,B,91.9,FALSE,0.77
503118,10551,3,5,1,TRUE,B,85.9,FALSE,0.86
503119,10551,12,5,1,FALSE,D,65.3,FALSE,0.99
503120,10551,8,6,1,TRUE,A,79.3,FALSE,0.84
503121,10551,10,6,1,TRUE,B,92.6,FALSE,0.59
503122,10552,5,2,2,TRUE,A,96.6,FALSE,0.95
503123,10552,3,2,2,FALSE,D,68.9,FALSE,0.67
503124,10552,6,2,2,TRUE,B,98.3,FALSE,0.62
503125,10552,2,3,2,TRUE,C,75.7,FALSE,0.68
503126,10552,8,3,2,TRUE,A,93.1,FALSE,0.86
503127,10552,1,3,2,TRUE,C,84.9,FALSE,0.95
503128,10552,7,4,2,FALSE,D,65.6,FALSE,0.85
503129,10552,4,4,2,TRUE,B,85.0,FALSE,0.55
503130,10552,11,4,2,TRUE,B,81.8,FALSE,0.77
503131,10552,12,5,2,TRUE,C,87.9,FALSE,0.58
503132,10553,16,2,3,TRUE,A,94.9,FALSE,0.69
503133,10553,15,2,3,TRUE,C,77.2,FALSE,0.83
503134,10554,8,8,1,TRUE,A,89.2,FALSE,0.57
503135,10554,5,8,1,TRUE,B,80.8,FALSE,0.87
503136,10554,11,9,1,TRUE,B,90.9,FALSE,0.82
503137,10554,4,9,1,TRUE,A,88.7,FALSE,0.65
503138,10555,13,7,1,FALSE,F,65.3,FALSE,0.68
503139,10555,4,7,1,TRUE,B,91.2,FALSE,0.89
503140,10555,3,7,1,TRUE,B,79.6,FALSE,0.85
503141,10555,1,8,1,TRUE,A,80.5,FALSE,0.67
503142,10555,8,8,1,TRUE,C,77.5,FALSE,0.79
503143,10555,11,8,1,TRUE,C,89.7,FALSE,0.57
503144,10555,6,9,1,TRUE,B,94.4,FALSE,0.63
503145,10555,9,9,1,TRUE,B,88.5,FALSE,0.97
503146,10555,12,9,1,TRUE,B,88.3,FALSE,0.56
503147,10556,12,6,5,TRUE,B,83.3,FALSE,0.84
503148,10556,10,6,5,TRUE,B,94.4,FALSE,0.82
503149,10556,9,6,5,TRUE,C,97.1,FALSE,0.94
503150,10557,13,7,1,FALSE,F,60.1,FALSE,0.55
503151,10557,8,7,1,TRUE,B,94.2,FALSE,0.67
503152,10557,6,8,1,TRUE,A,97.8,FALSE,0.97
503153,10557,1,8,1,TRUE,B,92.7,FALSE,0.84
503154,10557,9,9,1,TRUE,B,87.4,FALSE,0.74
503155,10557,2,9,1,TRUE,B,89.7,FALSE,0.76
503156,10558,10,9,5,TRUE,A,95.5,FALSE,0.94
503157,10558,9,9,5,TRUE,A,85.4,FALSE,0.59
503158,10558,11,10,5,TRUE,A,85.6,FALSE,0.59
503159,10558,12,10,5,TRUE,B,80.2,FALSE,0.67
503160,10559,1,1,1,TRUE,C,76.8,FALSE,0.78
503161,10559,11,1,1,TRUE,B,91.5,FALSE,0.77
503162,10559,10,1,1,TRUE,C,88.5,FALSE,0.86
503163,10560,11,2,1,TRUE,A,92.0,FALSE,0.77
503164,10560,2,2,1,TRUE,C,78.3,FALSE,0.89
503165,10560,12,3,1,TRUE,B,79.3,FALSE,0.75
503166,10560,9,3,1,TRUE,B,91.9,FALSE,0.63
503167,10560,8,4,1,TRUE,B,85.7,FALSE,0.98
503168,10560,3,4,1,TRUE,C,82.9,FALSE,0.94
503169,10560,1,5,1,TRUE,B,95.9,FALSE,0.74
503170,10560,10,5,1,TRUE,B,84.0,FALSE,0.78
503171,10561,16,2,3,TRUE,A,81.9,FALSE,0.89
503172,10561,15,2,3,TRUE,A,88.4,FALSE,0.85
503173,10561,14,3,3,TRUE,A,87.3,FALSE,0.56
503174,10562,6,5,1,TRUE,A,95.6,FALSE,0.96
503175,10562,4,5,1,TRUE,B,86.8,FALSE,0.79
503176,10562,9,6,1,TRUE,A,76.2,FALSE,0.72
503177,10562,11,6,1,TRUE,A,76.2,FALSE,0.89
503178,10562,12,7,1,TRUE,B,82.3,FALSE,0.65
503179,10562,10,7,1,TRUE,B,84.7,FALSE,0.72
503180,10562,5,8,1,TRUE,A,80.9,FALSE,0.79
503181,10562,7,8,1,TRUE,A,78.6,FALSE,0.72
503182,10562,8,9,1,TRUE,C,77.1,FALSE,0.93
503183,10562,3,9,1,TRUE,A,85.8,FALSE,0.93
503184,10562,13,10,1,TRUE,B,82.2,FALSE,0.76
503185,10562,1,10,1,TRUE,B,79.2,FALSE,0.95
503186,10563,16,3,6,TRUE,B,91.7,FALSE,0.83
503187,10563,15,3,6,TRUE,B,97.0,FALSE,0.77
503188,10563,14,4,6,TRUE,B,93.8,FALSE,0.83
503189,10563,10,4,6,TRUE,B,90.6,FALSE,0.93
503190,10564,11,6,2,TRUE,B,86.2,FALSE,0.76
503191,10564,1,6,2,FALSE,F,71.0,FALSE,0.98
503192,10564,8,7,2,TRUE,A,86.2,FALSE,0.69
503193,10564,5,7,2,TRUE,A,79.8,FALSE,0.58
503194,10565,2,2,1,TRUE,B,83.6,FALSE,0.62
503195,10565,5,2,1,TRUE,B,92.3,FALSE,0.66
503196,10565,10,2,1,TRUE,C,94.2,FALSE,0.85
503197,10565,3,3,1,TRUE,A,83.2,FALSE,0.96
503198,10565,6,3,1,TRUE,B,78.1,FALSE,0.74
503199,10565,12,3,1,FALSE,F,66.0,FALSE,0.94
503200,10565,7,4,1,FALSE,F,60.3,FALSE,0.58
503201,10565,9,4,1,TRUE,B,94.6,FALSE,1.0
503202,10565,1,4,1,TRUE,A,94.8,FALSE,0.59
503203,10565,11,5,1,TRUE,B,89.3,FALSE,0.82
503204,10565,4,5,1,TRUE,A,82.5,FALSE,0.59
503205,10565,8,5,1,TRUE,B,96.3,FALSE,0.65
503206,10566,9,2,5,TRUE,B,92.5,FALSE,0.75
503207,10566,11,2,5,TRUE,C,87.3,FALSE,0.73
503208,10566,10,2,5,TRUE,C,75.0,FALSE,0.76
503209,10566,12,3,5,TRUE,C,84.6,FALSE,0.94
503210,10567,16,4,3,TRUE,C,92.8,FALSE,0.61
503211,10567,14,4,3,TRUE,B,98.5,FALSE,0.72
503212,10567,15,5,3,TRUE,B,89.9,FALSE,0.87
503213,10568,6,7,1,TRUE,B,90.0,FALSE,0.63
503214,10568,5,7,1,TRUE,B,81.1,FALSE,0.58
503215,10568,2,7,1,TRUE,B,87.8,FALSE,0.56
503216,10568,10,8,1,TRUE,A,85.8,FALSE,0.65
503217,10568,8,8,1,TRUE,B,77.2,FALSE,0.88
503218,10568,7,8,1,TRUE,B,79.0,FALSE,0.68
503219,10568,11,9,1,TRUE,A,78.1,FALSE,0.7
503220,10568,9,9,1,TRUE,C,77.5,FALSE,0.94
503221,10568,3,9,1,FALSE,D,67.1,FALSE,0.84
503222,10568,1,10,1,TRUE,B,98.8,FALSE,0.96
503223,10568,13,10,1,TRUE,B,93.1,FALSE,0.74
503224,10568,4,10,1,TRUE,B,95.7,FALSE,0.69
503225,10569,8,7,2,TRUE,B,79.7,FALSE,0.9
503226,10569,7,7,2,TRUE,A,76.9,FALSE,0.98
503227,10569,6,7,2,TRUE,B,93.6,FALSE,0.84
503228,10569,11,8,2,TRUE,B,86.7,FALSE,0.7
503229,10569,5,8,2,TRUE,A,94.4,FALSE,0.91
503230,10569,1,8,2,TRUE,C,91.9,FALSE,0.91
503231,10569,3,9,2,FALSE,D,52.5,FALSE,0.7
503232,10569,12,9,2,TRUE,A,95.1,FALSE,0.72
503233,10569,2,9,2,TRUE,A,89.9,FALSE,0.79
503234,10570,8,3,1,TRUE,A,79.5,FALSE,0.87
503235,10570,3,3,1,TRUE,A,79.2,FALSE,0.6
503236,10570,11,4,1,TRUE,B,83.9,FALSE,0.89
503237,10570,7,4,1,TRUE,A,93.3,FALSE,0.93
503238,10570,1,5,1,TRUE,A,77.4,FALSE,0.78
503239,10570,6,5,1,TRUE,B,96.7,FALSE,0.59
503240,10571,10,8,1,TRUE,A,75.9,FALSE,0.91
503241,10571,8,8,1,TRUE,B,85.8,FALSE,0.59
503242,10571,11,8,1,TRUE,B,96.4,FALSE,1.0
503243,10572,1,6,2,TRUE,B,82.3,FALSE,0.6
503244,10572,8,6,2,TRUE,B,98.4,FALSE,0.82
503245,10572,2,6,2,TRUE,B,97.5,FALSE,0.67
503246,10572,4,7,2,FALSE,F,59.0,FALSE,0.97
503247,10572,12,7,2,TRUE,A,94.3,FALSE,0.74
503248,10572,3,7,2,FALSE,D,66.3,FALSE,0.99
503249,10573,3,9,1,TRUE,B,78.0,FALSE,0.61
503250,10573,4,9,1,TRUE,A,97.2,FALSE,0.86
503251,10573,8,9,1,TRUE,C,87.0,FALSE,0.73
503252,10573,11,10,1,TRUE,B,84.1,FALSE,0.81
503253,10573,5,10,1,TRUE,B,78.5,FALSE,0.64
503254,10573,6,10,1,TRUE,C,88.8,FALSE,0.59
503255,10574,4,2,2,TRUE,C,85.9,FALSE,0.64
503256,10574,11,2,2,TRUE,C,76.1,FALSE,0.85
503257,10574,7,3,2,TRUE,B,81.4,FALSE,0.83
503258,10574,3,3,2,TRUE,A,81.1,FALSE,0.8
503259,10575,11,8,5,TRUE,C,79.5,FALSE,0.92
503260,10575,10,8,5,TRUE,C,98.9,FALSE,0.56
503261,10575,12,8,5,TRUE,B,96.9,FALSE,0.73
503262,10576,4,9,1,TRUE,B,81.3,FALSE,0.86
503263,10576,10,9,1,TRUE,C,83.2,FALSE,0.81
503264,10576,6,9,1,TRUE,B,77.0,FALSE,0.99
503265,10576,8,10,1,TRUE,B,82.9,FALSE,0.98
503266,10576,3,10,1,TRUE,B,75.8,FALSE,0.7
503267,10576,12,10,1,TRUE,A,85.4,FALSE,0.65
503268,10576,2,11,1,,,,FALSE,0.75
503269,10576,11,11,1,,,,FALSE,0.96
503270,10576,9,11,1,TRUE,B,76.8,FALSE,0.85
503271,10577,16,2,4,TRUE,A,75.6,FALSE,1.0
503272,10577,8,2,4,TRUE,B,95.8,FALSE,0.72
503273,10577,15,2,4,TRUE,B,86.6,FALSE,0.67
503274,10577,14,3,4,TRUE,A,96.7,FALSE,0.89
503275,10578,8,4,2,TRUE,B,98.8,FALSE,0.88
503276,10578,7,4,2,TRUE,B,97.8,FALSE,0.68
503277,10578,6,4,2,FALSE,F,66.8,FALSE,0.67
503278,10578,3,5,2,TRUE,B,92.5,FALSE,0.66
503279,10578,2,5,2,TRUE,B,88.5,FALSE,0.71
503280,10578,11,5,2,FALSE,D,67.4,FALSE,0.65
503281,10578,5,6,2,FALSE,F,62.9,FALSE,0.61
503282,10578,4,6,2,TRUE,B,86.8,FALSE,0.67
503283,10578,1,6,2,TRUE,C,87.4,FALSE,0.79
503284,10578,12,7,2,TRUE,B,95.0,FALSE,0.72
503285,10579,4,3,1,TRUE,B,78.7,FALSE,0.64
503286,10579,1,3,1,TRUE,B,87.2,FALSE,0.74
503287,10579,8,3,1,TRUE,B,91.4,FALSE,0.77
503288,10580,9,9,5,FALSE,D,73.1,FALSE,0.7
503289,10580,10,9,5,TRUE,B,86.5,FALSE,0.88
503290,10580,11,10,5,TRUE,B,94.9,FALSE,0.7
503291,10580,12,10,5,FALSE,F,57.4,FALSE,0.59
503292,10581,2,8,1,TRUE,B,98.3,FALSE,0.86
503293,10581,10,8,1,TRUE,B,78.8,FALSE,0.7
503294,10581,1,8,1,TRUE,A,93.0,FALSE,0.91
503295,10581,7,9,1,TRUE,B,85.2,FALSE,0.65
503296,10581,4,9,1,TRUE,B,83.5,FALSE,0.58
503297,10581,5,9,1,TRUE,B,90.4,FALSE,0.95
503298,10581,9,10,1,TRUE,B,85.6,FALSE,0.74
503299,10581,13,10,1,TRUE,A,75.2,FALSE,0.8
503300,10581,3,10,1,FALSE,F,67.4,FALSE,0.58
503301,10581,11,11,1,FALSE,F,70.1,FALSE,0.89
503302,10581,12,11,1,,,,FALSE,0.63
503303,10581,6,11,1,,,,FALSE,0.79
503304,10582,11,3,5,TRUE,B,88.3,FALSE,0.83
503305,10582,9,3,5,TRUE,C,85.5,FALSE,0.57
503306,10582,12,4,5,FALSE,F,64.7,FALSE,0.67
503307,10582,10,4,5,TRUE,B,79.7,FALSE,0.8
503308,10583,16,2,3,TRUE,B,80.8,FALSE,0.73
503309,10583,15,2,3,TRUE,B,86.7,FALSE,0.7
503310,10583,14,2,3,TRUE,B,96.1,FALSE,0.66
503311,10584,11,9,5,TRUE,B,86.6,FALSE,0.97
503312,10584,9,9,5,TRUE,C,84.7,FALSE,0.61
503313,10584,12,9,5,FALSE,F,64.6,FALSE,0.73
503314,10584,10,10,5,TRUE,B,94.0,FALSE,0.81
503315,10585,10,1,5,TRUE,B,98.6,FALSE,0.75
503316,10585,12,1,5,TRUE,B,91.4,FALSE,0.71
503317,10585,11,1,5,FALSE,D,73.9,FALSE,0.99
503318,10585,9,2,5,TRUE,C,95.4,FALSE,0.93
503319,10586,11,9,1,TRUE,B,81.2,FALSE,0.72
503320,10586,6,9,1,TRUE,B,87.3,FALSE,0.89
503321,10586,10,10,1,FALSE,F,62.8,FALSE,0.92
503322,10586,2,10,1,TRUE,B,77.0,FALSE,0.86
503323,10586,5,11,1,TRUE,B,76.6,FALSE,0.72
503324,10586,7,11,1,,,,FALSE,0.68
503325,10587,2,9,1,TRUE,B,93.2,FALSE,0.9
503326,10587,7,9,1,TRUE,B,88.7,FALSE,0.75
503327,10587,12,10,1,TRUE,B,84.1,FALSE,0.81
503328,10587,11,10,1,FALSE,D,48.5,FALSE,0.69
503329,10587,8,11,1,TRUE,C,92.0,FALSE,0.93
503330,10587,1,11,1,TRUE,C,87.9,FALSE,0.77
503331,10588,8,2,4,TRUE,B,94.9,FALSE,0.9
503332,10588,14,2,4,TRUE,B,76.3,FALSE,0.98
503333,10588,15,2,4,TRUE,A,82.2,FALSE,0.71
503334,10588,16,3,4,TRUE,A,86.1,FALSE,1.0
503335,10589,10,7,5,TRUE,A,86.1,FALSE,0.89
503336,10589,11,7,5,TRUE,C,81.3,FALSE,0.58
503337,10589,12,7,5,TRUE,B,81.3,FALSE,0.77
503338,10589,9,8,5,TRUE,B,97.6,FALSE,0.98
503339,10590,11,4,2,FALSE,D,62.1,FALSE,0.76
503340,10590,12,4,2,TRUE,A,82.5,FALSE,0.94
503341,10590,4,4,2,TRUE,B,98.2,FALSE,0.8
503342,10590,8,5,2,TRUE,B,91.2,FALSE,0.9
503343,10590,3,5,2,TRUE,B,86.7,FALSE,0.69
503344,10590,2,5,2,TRUE,A,97.3,FALSE,0.84
503345,10590,1,6,2,TRUE,B,78.7,FALSE,0.9
503346,10590,5,6,2,TRUE,A,90.4,FALSE,0.73
503347,10590,7,6,2,TRUE,C,92.8,FALSE,0.9
503348,10591,14,5,3,FALSE,F,48.5,FALSE,0.66
503349,10591,15,5,3,TRUE,B,98.9,FALSE,0.84
503350,10591,16,6,3,TRUE,B,92.5,FALSE,0.85
503351,10592,15,7,6,TRUE,B,83.4,FALSE,0.81
503352,10592,14,7,6,TRUE,A,87.4,FALSE,0.77
503353,10592,16,8,6,TRUE,B,92.1,FALSE,0.57
503354,10592,10,8,6,TRUE,B,79.6,FALSE,0.6
503355,10593,16,8,3,TRUE,A,75.7,FALSE,0.89
503356,10593,15,8,3,TRUE,B,75.8,FALSE,0.76
503357,10593,14,9,3,TRUE,A,81.5,FALSE,0.77
503358,10594,10,2,5,TRUE,B,91.3,FALSE,0.96
503359,10594,9,2,5,TRUE,B,93.0,FALSE,0.81
503360,10594,11,2,5,TRUE,B,90.9,FALSE,0.74
503361,10594,12,3,5,TRUE,A,81.0,FALSE,0.91
503362,10595,7,6,2,TRUE,B,78.2,FALSE,0.65
503363,10595,2,6,2,TRUE,A,98.2,FALSE,0.91
503364,10595,1,6,2,TRUE,B,93.1,FALSE,0.55
503365,10596,16,2,3,TRUE,B,96.9,FALSE,0.62
503366,10596,14,2,3,TRUE,A,98.4,FALSE,0.74
503367,10597,2,2,1,FALSE,F,60.0,FALSE,0.91
503368,10597,5,2,1,TRUE,B,85.5,FALSE,0.8
503369,10597,12,3,1,FALSE,F,69.8,FALSE,0.99
503370,10597,13,3,1,TRUE,C,97.8,FALSE,0.74
503371,10597,3,4,1,TRUE,B,86.3,FALSE,0.98
503372,10597,1,4,1,TRUE,A,94.2,FALSE,0.95
503373,10597,9,5,1,TRUE,B,87.6,FALSE,0.97
503374,10597,10,5,1,TRUE,C,94.4,FALSE,0.61
503375,10597,7,6,1,TRUE,A,94.3,FALSE,0.67
503376,10597,8,6,1,TRUE,A,82.7,FALSE,0.91
503377,10597,6,7,1,FALSE,D,50.9,FALSE,0.91
503378,10597,4,7,1,TRUE,A,94.3,FALSE,0.93
503379,10598,14,3,3,TRUE,B,93.2,FALSE,0.98
503380,10598,15,3,3,TRUE,B,81.5,FALSE,0.87
503381,10598,16,4,3,TRUE,B,91.5,FALSE,0.68
503382,10599,10,9,5,TRUE,C,95.4,FALSE,0.7
503383,10599,11,9,5,TRUE,A,97.1,FALSE,0.78
503384,10599,12,9,5,FALSE,F,56.9,FALSE,0.64
503385,10599,9,10,5,TRUE,A,90.4,FALSE,0.86
503386,10600,16,3,3,TRUE,A,82.2,FALSE,0.79
503387,10600,15,3,3,TRUE,A,95.7,FALSE,0.67
503388,10600,14,4,3,TRUE,A,79.0,FALSE,0.67
503389,10601,7,4,2,TRUE,B,88.0,FALSE,0.56
503390,10601,5,4,2,FALSE,D,60.7,FALSE,0.96
503391,10601,8,4,2,TRUE,C,86.6,FALSE,0.81
503392,10601,1,5,2,TRUE,B,90.9,FALSE,0.75
503393,10601,6,5,2,TRUE,B,80.7,FALSE,0.72
503394,10601,3,5,2,TRUE,B,84.0,FALSE,0.74
503395,10602,15,9,4,TRUE,B,98.0,FALSE,0.62
503396,10602,14,9,4,TRUE,B,87.6,FALSE,0.73
503397,10602,16,9,4,FALSE,D,55.9,FALSE,0.92
503398,10602,8,10,4,TRUE,C,80.4,FALSE,0.62
503399,10603,12,7,1,TRUE,A,91.4,FALSE,0.82
503400,10603,8,7,1,FALSE,D,68.7,FALSE,0.91
503401,10603,2,7,1,TRUE,C,98.2,FALSE,0.87
503402,10603,9,8,1,TRUE,B,75.4,FALSE,0.61
503403,10603,1,8,1,TRUE,C,99.0,FALSE,0.98
503404,10603,3,8,1,TRUE,B,76.3,FALSE,0.58
503405,10603,4,9,1,TRUE,A,88.4,FALSE,0.63
503406,10603,10,9,1,TRUE,B,78.4,FALSE,0.76
503407,10603,13,9,1,FALSE,F,55.3,FALSE,0.98
503408,10604,7,6,2,TRUE,B,77.7,FALSE,0.88
503409,10604,5,6,2,TRUE,B,88.2,FALSE,0.75
503410,10605,15,8,6,TRUE,A,97.3,FALSE,0.64
503411,10605,14,8,6,TRUE,B,88.1,FALSE,0.92
503412,10605,10,9,6,TRUE,C,95.1,FALSE,0.59
503413,10605,16,9,6,TRUE,B,85.8,FALSE,0.93
503414,10606,9,8,5,TRUE,C,80.2,FALSE,0.87
503415,10606,11,8,5,TRUE,C,96.0,FALSE,0.59
503416,10606,10,8,5,FALSE,F,69.3,FALSE,0.62
503417,10606,12,9,5,TRUE,B,79.5,FALSE,0.7
503418,10607,6,6,2,FALSE,F,60.8,FALSE,0.64
503419,10607,7,6,2,TRUE,A,87.0,FALSE,0.95
503420,10607,12,6,2,TRUE,C,78.1,FALSE,0.72
503421,10607,4,7,2,TRUE,B,98.1,FALSE,0.79
503422,10607,5,7,2,TRUE,B,90.2,FALSE,0.82
503423,10607,3,7,2,FALSE,D,59.8,FALSE,0.6
503424,10607,2,8,2,TRUE,B,93.3,FALSE,0.76
503425,10607,1,8,2,TRUE,A,85.5,FALSE,0.55
503426,10607,8,8,2,TRUE,C,82.4,FALSE,0.93
503427,10607,11,9,2,TRUE,B,94.2,FALSE,0.85
503428,10608,12,6,2,TRUE,C,85.1,FALSE,0.88
503429,10608,3,6,2,TRUE,B,93.1,FALSE,0.95
503430,10608,5,7,2,TRUE,A,95.8,FALSE,0.9
503431,10608,6,7,2,TRUE,B,81.7,FALSE,0.94
503432,10608,1,8,2,TRUE,B,91.8,FALSE,0.88
503433,10608,11,8,2,TRUE,A,77.8,FALSE,1.0
503434,10609,11,5,5,TRUE,B,76.2,FALSE,0.9
503435,10609,10,5,5,TRUE,B,97.5,FALSE,0.87
503436,10609,9,6,5,TRUE,A,86.5,FALSE,0.6
503437,10609,12,6,5,FALSE,D,73.2,FALSE,0.73
503438,10610,13,4,1,TRUE,B,80.0,FALSE,0.7
503439,10610,3,4,1,TRUE,A,91.3,FALSE,0.81
503440,10610,1,4,1,TRUE,C,81.2,FALSE,0.72
503441,10610,9,5,1,TRUE,A,92.8,FALSE,0.93
503442,10610,11,5,1,TRUE,B,89.2,FALSE,0.63
503443,10610,2,5,1,TRUE,B,90.6,FALSE,0.58
503444,10610,4,6,1,TRUE,B,97.4,FALSE,0.76
503445,10610,10,6,1,TRUE,B,95.7,FALSE,0.95
503446,10610,7,6,1,TRUE,A,84.0,FALSE,0.89
503447,10610,12,7,1,TRUE,B,88.6,FALSE,0.61
503448,10610,5,7,1,TRUE,A,86.2,FALSE,0.95
503449,10610,6,7,1,TRUE,A,97.1,FALSE,0.85
503450,10611,5,2,2,FALSE,D,68.9,FALSE,0.79
503451,10611,6,2,2,TRUE,B,97.0,FALSE,0.64
503452,10611,4,2,2,FALSE,F,66.1,FALSE,0.57
503453,10611,11,3,2,FALSE,F,64.3,FALSE,0.66
503454,10611,3,3,2,TRUE,C,93.9,FALSE,0.95
503455,10611,12,3,2,TRUE,B,97.8,FALSE,0.8
503456,10612,6,1,2,TRUE,A,84.4,FALSE,0.82
503457,10612,7,1,2,TRUE,A,87.1,FALSE,0.77
503458,10612,8,2,2,TRUE,B,75.8,FALSE,0.94
503459,10612,2,2,2,TRUE,B,87.7,FALSE,0.7
503460,10612,3,3,2,TRUE,B,93.7,FALSE,0.66
503461,10612,12,3,2,FALSE,F,63.3,FALSE,0.67
503462,10612,11,4,2,TRUE,A,98.1,FALSE,0.79
503463,10612,1,4,2,FALSE,D,54.5,FALSE,0.73
503464,10613,12,5,5,TRUE,B,86.5,FALSE,0.8
503465,10613,10,5,5,TRUE,B,85.7,FALSE,0.56
503466,10613,9,6,5,TRUE,B,80.5,FALSE,0.98
503467,10613,11,6,5,TRUE,A,81.0,FALSE,0.96
503468,10614,16,3,4,TRUE,A,85.0,FALSE,0.98
503469,10614,15,3,4,TRUE,B,90.9,FALSE,0.91
503470,10614,8,3,4,TRUE,A,93.6,FALSE,0.96
503471,10614,14,4,4,TRUE,C,79.9,FALSE,0.58
503472,10615,8,3,2,TRUE,A,85.3,FALSE,0.64
503473,10615,12,3,2,TRUE,A,88.4,FALSE,0.76
503474,10615,11,4,2,FALSE,F,50.1,FALSE,0.63
503475,10615,1,4,2,TRUE,A,83.1,FALSE,0.62
503476,10615,2,5,2,FALSE,F,66.0,FALSE,0.59
503477,10615,4,5,2,TRUE,B,83.7,FALSE,0.98
503478,10616,4,4,1,FALSE,F,60.3,FALSE,0.9
503479,10616,10,4,1,TRUE,C,84.7,FALSE,0.81
503480,10616,13,5,1,TRUE,A,79.1,FALSE,0.65
503481,10616,11,5,1,TRUE,B,76.3,FALSE,0.96
503482,10616,1,6,1,TRUE,A,92.6,FALSE,0.64
503483,10616,12,6,1,TRUE,B,83.9,FALSE,0.61
503484,10616,6,7,1,TRUE,B,88.3,FALSE,0.79
503485,10616,3,7,1,TRUE,A,85.2,FALSE,0.94
503486,10617,5,5,1,TRUE,B,89.9,FALSE,0.55
503487,10617,2,5,1,TRUE,B,92.3,FALSE,0.74
503488,10617,13,5,1,TRUE,B,95.3,FALSE,0.85
503489,10617,12,6,1,FALSE,F,51.4,FALSE,0.81
503490,10617,1,6,1,FALSE,F,70.4,FALSE,0.8
503491,10617,7,6,1,TRUE,A,78.0,FALSE,0.87
503492,10617,9,7,1,TRUE,A,85.8,FALSE,0.92
503493,10617,11,7,1,TRUE,B,95.4,FALSE,0.81
503494,10617,4,7,1,TRUE,A,89.2,FALSE,0.7
503495,10617,3,8,1,TRUE,B,90.2,FALSE,0.96
503496,10617,10,8,1,TRUE,A,76.9,FALSE,0.91
503497,10617,8,8,1,TRUE,B,77.0,FALSE,0.62
503498,10617,6,9,1,FALSE,D,68.8,FALSE,0.92
503499,10618,9,6,1,TRUE,B,76.9,FALSE,0.66
503500,10618,7,6,1,FALSE,D,55.9,FALSE,0.88
503501,10618,1,6,1,TRUE,B,97.2,FALSE,0.87
503502,10618,6,7,1,TRUE,B,79.1,FALSE,0.68
503503,10618,11,7,1,TRUE,B,79.7,FALSE,0.94
503504,10618,4,7,1,TRUE,B,86.1,FALSE,0.62
503505,10619,14,4,6,TRUE,C,84.7,FALSE,0.93
503506,10619,16,4,6,TRUE,C,87.4,FALSE,0.84
503507,10620,9,3,1,TRUE,A,85.1,FALSE,0.83
503508,10620,2,3,1,TRUE,A,88.6,FALSE,0.82
503509,10620,7,4,1,TRUE,A,83.5,FALSE,0.77
503510,10620,13,4,1,FALSE,D,71.2,FALSE,0.72
503511,10620,11,5,1,TRUE,A,91.7,FALSE,0.61
503512,10620,6,5,1,TRUE,A,78.7,FALSE,0.65
503513,10620,8,6,1,TRUE,B,80.5,FALSE,0.89
503514,10620,5,6,1,TRUE,C,81.4,FALSE,0.99
503515,10621,12,9,5,TRUE,C,77.6,FALSE,0.6
503516,10621,10,9,5,TRUE,B,94.7,FALSE,0.69
503517,10621,11,10,5,FALSE,D,61.0,FALSE,0.74
503518,10621,9,10,5,TRUE,A,75.3,FALSE,0.84
503519,10622,10,1,5,TRUE,C,89.7,FALSE,0.67
503520,10622,12,1,5,TRUE,B,78.9,FALSE,0.79
503521,10622,9,1,5,TRUE,C,94.1,FALSE,0.89
503522,10622,11,2,5,TRUE,C,91.4,FALSE,0.77
503523,10623,3,2,2,TRUE,A,86.2,FALSE,0.73
503524,10623,4,2,2,FALSE,F,67.0,FALSE,0.82
503525,10623,12,3,2,FALSE,F,49.0,FALSE,0.74
503526,10623,7,3,2,TRUE,C,84.8,FALSE,0.69
503527,10624,14,5,6,TRUE,B,91.9,FALSE,0.67
503528,10624,16,5,6,TRUE,B,92.1,FALSE,0.63
503529,10624,10,5,6,TRUE,B,84.6,FALSE,0.82
503530,10624,15,6,6,TRUE,C,93.0,FALSE,0.74
503531,10625,14,9,3,TRUE,A,79.7,FALSE,0.86
503532,10625,16,9,3,TRUE,B,75.5,FALSE,0.93
503533,10625,15,10,3,TRUE,A,91.1,FALSE,0.91
503534,10626,4,8,2,TRUE,A,94.8,FALSE,0.95
503535,10626,1,8,2,TRUE,A,97.4,FALSE,0.67
503536,10626,7,9,2,TRUE,C,96.6,FALSE,0.64
503537,10626,11,9,2,TRUE,B,80.5,FALSE,0.6
503538,10627,4,3,1,FALSE,F,54.1,FALSE,0.7
503539,10627,2,3,1,FALSE,F,49.3,FALSE,0.92
503540,10627,10,4,1,TRUE,B,94.7,FALSE,0.87
503541,10627,12,4,1,TRUE,B,83.6,FALSE,0.94
503542,10628,12,3,1,FALSE,D,64.4,FALSE,0.92
503543,10628,4,3,1,TRUE,A,78.2,FALSE,0.78
503544,10629,4,8,2,TRUE,B,92.5,FALSE,0.83
503545,10629,7,8,2,TRUE,A,93.3,FALSE,0.83
503546,10629,6,9,2,TRUE,C,77.6,FALSE,0.77
503547,10629,3,9,2,TRUE,A,83.6,FALSE,0.95
503548,10629,11,10,2,TRUE,A,94.1,FALSE,0.98
503549,10629,12,10,2,TRUE,B,78.2,FALSE,0.73
503550,10629,5,11,2,FALSE,D,51.2,FALSE,0.61
503551,10629,2,11,2,TRUE,C,95.9,FALSE,0.71
503552,10630,9,1,1,TRUE,B,76.3,FALSE,0.8
503553,10630,2,1,1,TRUE,C,94.4,FALSE,0.84
503554,10630,10,1,1,TRUE,A,86.1,FALSE,0.69
503555,10631,2,2,2,TRUE,B,93.4,FALSE,0.88
503556,10631,3,2,2,TRUE,B,92.6,FALSE,0.62
503557,10631,12,2,2,TRUE,B,87.6,FALSE,0.59
503558,10632,2,2,2,TRUE,B,86.4,FALSE,0.88
503559,10632,7,2,2,TRUE,B,94.6,FALSE,0.97
503560,10632,5,3,2,TRUE,B,76.1,FALSE,0.83
503561,10632,6,3,2,TRUE,B,84.2,FALSE,0.89
503562,10632,8,4,2,TRUE,B,78.8,FALSE,0.63
503563,10632,11,4,2,FALSE,F,60.7,FALSE,0.87
503564,10632,3,5,2,FALSE,F,48.0,FALSE,0.85
503565,10632,1,5,2,TRUE,A,82.0,FALSE,0.83
503566,10633,11,5,1,TRUE,B,89.5,FALSE,0.89
503567,10633,10,5,1,TRUE,B,98.7,FALSE,0.6
503568,10633,3,5,1,TRUE,B,98.4,FALSE,0.8
503569,10634,11,6,5,TRUE,A,81.3,FALSE,0.97
503570,10634,9,6,5,TRUE,B,87.4,FALSE,0.75
503571,10634,10,7,5,TRUE,B,88.5,FALSE,0.95
503572,10634,12,7,5,FALSE,D,56.0,FALSE,0.57
503573,10635,9,9,1,TRUE,C,78.5,FALSE,0.56
503574,10635,12,9,1,TRUE,B,95.0,FALSE,0.74
503575,10635,3,10,1,TRUE,B,80.1,FALSE,0.87
503576,10635,13,10,1,TRUE,C,80.8,FALSE,0.64
503577,10636,14,5,3,TRUE,A,77.6,FALSE,0.93
503578,10636,16,5,3,TRUE,B,81.8,FALSE,0.85
503579,10636,15,5,3,FALSE,D,50.7,FALSE,0.85
503580,10637,4,5,2,TRUE,C,87.2,FALSE,0.87
503581,10637,11,5,2,TRUE,B,89.1,FALSE,0.93
503582,10637,2,5,2,TRUE,C,86.9,FALSE,0.76
503583,10637,8,6,2,TRUE,B,86.5,FALSE,0.72
503584,10637,1,6,2,TRUE,B,75.3,FALSE,0.66
503585,10637,7,6,2,TRUE,A,91.1,FALSE,0.56
503586,10637,12,7,2,FALSE,F,53.9,FALSE,0.83
503587,10637,5,7,2,TRUE,A,80.4,FALSE,0.77
503588,10637,6,7,2,TRUE,B,81.7,FALSE,1.0
503589,10637,3,8,2,TRUE,B,90.5,FALSE,1.0
503590,10638,8,1,2,TRUE,A,84.1,FALSE,0.7
503591,10638,1,1,2,TRUE,B,82.9,FALSE,0.58
503592,10638,6,2,2,TRUE,A,81.0,FALSE,0.65
503593,10638,2,2,2,TRUE,B,75.9,FALSE,0.88
503594,10638,4,3,2,TRUE,A,95.4,FALSE,0.63
503595,10638,11,3,2,FALSE,F,57.7,FALSE,0.92
503596,10638,5,4,2,FALSE,F,61.6,FALSE,0.9
503597,10638,3,4,2,TRUE,B,96.8,FALSE,0.58
503598,10638,12,5,2,TRUE,B,76.0,FALSE,0.91
503599,10638,7,5,2,TRUE,A,80.2,FALSE,0.77
503600,10639,9,4,5,TRUE,B,89.0,FALSE,0.91
503601,10639,12,4,5,TRUE,B,82.8,FALSE,0.73
503602,10639,10,5,5,TRUE,B,88.2,FALSE,0.69
503603,10639,11,5,5,TRUE,B,78.5,FALSE,0.86
503604,10640,12,4,2,FALSE,F,57.7,FALSE,0.97
503605,10640,11,4,2,TRUE,B,95.9,FALSE,0.56
503606,10640,4,5,2,FALSE,F,65.9,FALSE,0.96
503607,10640,8,5,2,TRUE,A,89.5,FALSE,0.85
503608,10640,1,6,2,TRUE,A,84.2,FALSE,0.67
503609,10640,6,6,2,TRUE,B,93.9,FALSE,0.81
503610,10640,2,7,2,TRUE,B,94.9,FALSE,0.91
503611,10640,7,7,2,TRUE,B,92.6,FALSE,0.98
503612,10641,6,4,1,TRUE,A,81.7,FALSE,0.89
503613,10641,4,4,1,TRUE,B,77.7,FALSE,0.84
503614,10641,1,5,1,TRUE,B,97.8,FALSE,0.96
503615,10641,13,5,1,TRUE,B,80.6,FALSE,0.84
503616,10642,15,5,4,TRUE,B,75.9,FALSE,0.74
503617,10642,14,5,4,TRUE,A,81.6,FALSE,0.91
503618,10642,16,5,4,TRUE,B,85.9,FALSE,0.85
503619,10642,8,6,4,TRUE,A,87.6,FALSE,0.56
503620,10643,16,8,3,TRUE,B,84.4,FALSE,0.76
503621,10643,15,8,3,TRUE,B,78.7,FALSE,0.85
503622,10643,14,9,3,TRUE,A,81.5,FALSE,0.75
503623,10644,15,1,6,TRUE,B,97.5,FALSE,0.67
503624,10644,10,1,6,TRUE,B,89.7,FALSE,0.75
503625,10644,14,1,6,TRUE,B,80.5,FALSE,0.6
503626,10644,16,2,6,TRUE,B,92.9,FALSE,0.68
503627,10645,14,4,4,FALSE,F,70.0,FALSE,0.65
503628,10645,8,4,4,TRUE,B,94.4,FALSE,0.66
503629,10645,16,5,4,TRUE,A,90.5,FALSE,0.71
503630,10645,15,5,4,TRUE,A,84.5,FALSE,0.86
503631,10646,10,8,5,TRUE,B,90.5,FALSE,0.73
503632,10646,11,8,5,FALSE,D,56.5,FALSE,0.57
503633,10646,12,9,5,TRUE,B,75.5,FALSE,0.75
503634,10646,9,9,5,TRUE,B,84.6,FALSE,0.69
503635,10647,6,7,1,TRUE,A,94.4,FALSE,0.99
503636,10647,4,7,1,TRUE,B,85.9,FALSE,0.55
503637,10647,2,8,1,TRUE,A,86.7,FALSE,0.84
503638,10647,1,8,1,TRUE,B,96.8,FALSE,0.64
503639,10647,12,9,1,TRUE,A,98.8,FALSE,0.75
503640,10647,3,9,1,FALSE,F,72.6,FALSE,0.75
503641,10647,8,10,1,TRUE,A,93.2,FALSE,1.0
503642,10647,5,10,1,TRUE,A,75.6,FALSE,0.67
503643,10647,13,11,1,TRUE,B,94.4,FALSE,0.93
503644,10647,10,11,1,,,,FALSE,0.85
503645,10648,9,2,5,TRUE,A,84.0,FALSE,0.65
503646,10648,10,2,5,TRUE,C,86.5,FALSE,0.56
503647,10648,12,3,5,TRUE,A,80.6,FALSE,0.96
503648,10648,11,3,5,TRUE,B,93.2,FALSE,0.83
503649,10649,14,4,6,TRUE,A,84.3,FALSE,0.98
503650,10649,16,4,6,TRUE,B,90.5,FALSE,0.66
503651,10649,10,4,6,TRUE,B,80.2,FALSE,0.94
503652,10649,15,5,6,TRUE,A,91.7,FALSE,0.67
503653,10650,16,5,3,TRUE,B,94.5,FALSE,0.93
503654,10650,14,5,3,TRUE,C,82.9,FALSE,0.66
503655,10650,15,5,3,TRUE,C,95.8,FALSE,0.92
503656,10651,14,4,3,FALSE,F,66.5,FALSE,0.67
503657,10651,15,4,3,TRUE,B,78.0,FALSE,0.96
503658,10651,16,4,3,TRUE,B,97.5,FALSE,0.55
503659,10652,12,1,2,TRUE,A,77.9,FALSE,0.7
503660,10652,1,1,2,TRUE,B,94.5,FALSE,0.83
503661,10653,2,1,1,TRUE,B,90.1,FALSE,0.71
503662,10653,3,1,1,FALSE,F,71.1,FALSE,0.66
503663,10653,1,1,1,TRUE,A,91.7,FALSE,0.88
503664,10653,8,2,1,TRUE,C,84.5,FALSE,0.81
503665,10653,13,2,1,FALSE,F,56.5,FALSE,0.7
503666,10653,10,2,1,TRUE,A,79.2,FALSE,0.55
503667,10653,9,3,1,TRUE,A,93.8,FALSE,0.85
503668,10653,4,3,1,TRUE,B,77.0,FALSE,0.74
503669,10653,11,3,1,TRUE,B,95.3,FALSE,0.64
503670,10654,6,3,1,TRUE,B,87.7,FALSE,0.85
503671,10654,4,3,1,TRUE,A,88.8,FALSE,0.89
503672,10654,8,3,1,TRUE,C,96.4,FALSE,0.92
503673,10654,12,4,1,TRUE,A,86.5,FALSE,0.85
503674,10654,7,4,1,TRUE,C,76.5,FALSE,0.67
503675,10654,11,4,1,TRUE,B,91.2,FALSE,0.98
503676,10654,1,5,1,TRUE,B,98.8,FALSE,0.99
503677,10654,3,5,1,TRUE,A,76.7,FALSE,0.61
503678,10654,2,5,1,FALSE,F,74.2,FALSE,0.95
503679,10654,9,6,1,FALSE,F,53.6,FALSE,0.79
503680,10654,10,6,1,TRUE,A,94.7,FALSE,0.77
503681,10654,13,6,1,FALSE,F,64.6,FALSE,0.92
503682,10654,5,7,1,TRUE,A,84.9,FALSE,0.86
503683,10655,15,2,4,TRUE,C,82.6,FALSE,0.82
503684,10655,14,2,4,FALSE,D,70.4,FALSE,0.67
503685,10655,16,3,4,TRUE,B,78.5,FALSE,0.85
503686,10655,8,3,4,TRUE,C,92.6,FALSE,0.63
503687,10656,8,4,2,TRUE,B,89.0,FALSE,0.93
503688,10656,2,4,2,TRUE,A,95.3,FALSE,0.97
503689,10656,5,5,2,TRUE,B,96.8,FALSE,0.89
503690,10656,1,5,2,TRUE,B,91.4,FALSE,0.89
503691,10656,7,6,2,TRUE,C,97.1,FALSE,0.74
503692,10656,4,6,2,TRUE,B,88.0,FALSE,0.6
503693,10656,12,7,2,TRUE,B,77.8,FALSE,0.9
503694,10656,11,7,2,TRUE,B,76.1,FALSE,0.56
503695,10656,3,8,2,TRUE,B,75.6,FALSE,0.77
503696,10656,6,8,2,TRUE,C,83.0,FALSE,0.71
503697,10657,2,8,2,TRUE,C,88.9,FALSE,0.62
503698,10657,12,8,2,TRUE,B,81.4,FALSE,0.98
503699,10657,8,8,2,TRUE,A,77.8,FALSE,0.95
503700,10657,6,9,2,TRUE,A,84.5,FALSE,0.65
503701,10657,5,9,2,TRUE,A,87.2,FALSE,0.79
503702,10657,4,9,2,FALSE,D,64.4,FALSE,0.85
503703,10658,1,6,2,TRUE,B,82.6,FALSE,0.58
503704,10658,5,6,2,TRUE,B,94.6,FALSE,0.87
503705,10658,3,6,2,TRUE,A,77.0,FALSE,0.77
503706,10658,6,7,2,TRUE,B,84.4,FALSE,0.56
503707,10658,4,7,2,TRUE,B,85.2,FALSE,0.73
503708,10658,2,7,2,TRUE,A,95.7,FALSE,0.6
503709,10658,7,8,2,TRUE,C,88.3,FALSE,0.93
503710,10658,11,8,2,TRUE,A,75.7,FALSE,0.79
503711,10658,8,8,2,TRUE,A,97.9,FALSE,0.88
503712,10658,12,9,2,TRUE,A,78.5,FALSE,0.83
503713,10659,12,5,2,TRUE,C,85.6,FALSE,0.74
503714,10659,4,5,2,TRUE,B,97.1,FALSE,0.71
503715,10660,11,6,5,FALSE,F,64.3,FALSE,0.8
503716,10660,12,6,5,FALSE,F,60.4,FALSE,0.75
503717,10660,9,7,5,TRUE,C,86.8,FALSE,0.74
503718,10660,10,7,5,TRUE,B,90.1,FALSE,0.58
503719,10661,14,9,3,TRUE,A,91.4,FALSE,0.56
503720,10661,15,9,3,TRUE,B,76.9,FALSE,0.6
503721,10661,16,10,3,TRUE,B,87.9,FALSE,0.87
503722,10662,12,3,1,TRUE,C,78.7,FALSE,0.79
503723,10662,11,3,1,FALSE,D,71.9,FALSE,0.86
503724,10662,5,4,1,TRUE,A,90.4,FALSE,1.0
503725,10662,6,4,1,TRUE,A,79.9,FALSE,0.99
503726,10663,11,7,1,TRUE,B,95.1,FALSE,0.88
503727,10663,5,7,1,TRUE,A,81.0,FALSE,0.66
503728,10663,12,8,1,TRUE,A,81.1,FALSE,0.73
503729,10663,8,8,1,TRUE,B,81.3,FALSE,0.55
503730,10663,6,9,1,TRUE,C,81.9,FALSE,0.7
503731,10663,4,9,1,FALSE,F,56.7,FALSE,0.77
503732,10663,7,10,1,TRUE,B,88.9,FALSE,0.92
503733,10663,2,10,1,TRUE,A,75.1,FALSE,0.68
503734,10664,16,2,3,TRUE,B,75.4,FALSE,0.98
503735,10664,15,2,3,TRUE,C,88.8,FALSE,0.74
503736,10664,14,2,3,TRUE,A,93.5,FALSE,0.7
503737,10665,16,6,3,TRUE,A,80.9,FALSE,0.61
503738,10665,15,6,3,TRUE,A,88.3,FALSE,0.7
503739,10665,14,6,3,TRUE,B,79.6,FALSE,0.84
503740,10666,9,1,1,TRUE,B,91.2,FALSE,0.71
503741,10666,8,1,1,TRUE,B,77.1,FALSE,0.9
503742,10666,2,1,1,TRUE,C,82.7,FALSE,0.75
503743,10666,13,2,1,FALSE,F,59.8,FALSE,0.73
503744,10666,3,2,1,TRUE,B,98.6,FALSE,0.79
503745,10666,7,2,1,FALSE,D,54.3,FALSE,0.96
503746,10666,10,3,1,TRUE,B,96.7,FALSE,0.55
503747,10666,1,3,1,TRUE,B,86.3,FALSE,0.74
503748,10666,12,3,1,TRUE,B,95.4,FALSE,0.92
503749,10667,5,4,1,TRUE,B,88.5,FALSE,0.69
503750,10667,11,4,1,TRUE,A,89.6,FALSE,0.6
503751,10667,1,4,1,TRUE,B,85.8,FALSE,0.91
503752,10667,2,5,1,TRUE,B,92.0,FALSE,0.76
503753,10667,7,5,1,TRUE,B,85.6,FALSE,0.7
503754,10667,12,5,1,TRUE,B,77.5,FALSE,0.55
503755,10667,8,6,1,TRUE,B,96.4,FALSE,0.99
503756,10667,9,6,1,TRUE,A,96.9,FALSE,0.91
503757,10667,6,6,1,TRUE,A,83.4,FALSE,0.63
503758,10667,4,7,1,TRUE,C,79.8,FALSE,0.78
503759,10667,10,7,1,TRUE,B,76.5,FALSE,0.64
503760,10667,13,7,1,TRUE,A,91.3,FALSE,0.61
503761,10667,3,8,1,TRUE,B,88.9,FALSE,0.81
503762,10668,16,9,6,TRUE,A,77.5,FALSE,0.89
503763,10668,10,9,6,TRUE,C,88.7,FALSE,0.77
503764,10668,14,10,6,TRUE,A,95.3,FALSE,0.76
503765,10668,15,10,6,TRUE,C,97.3,FALSE,0.73
503766,10669,15,7,4,TRUE,B,93.0,FALSE,0.85
503767,10669,16,7,4,TRUE,B,78.5,FALSE,0.88
503768,10669,8,8,4,TRUE,B,88.5,FALSE,0.78
503769,10669,14,8,4,TRUE,B,77.5,FALSE,0.9
503770,10670,14,9,3,TRUE,B,76.2,FALSE,0.55
503771,10670,15,9,3,FALSE,D,54.3,FALSE,0.83
503772,10670,16,10,3,TRUE,C,95.4,FALSE,0.84
503773,10671,14,6,6,TRUE,B,90.4,FALSE,0.94
503774,10671,10,6,6,TRUE,A,77.6,FALSE,0.75
503775,10671,15,6,6,TRUE,C,94.9,FALSE,0.74
503776,10671,16,7,6,TRUE,B,93.5,FALSE,0.68
503777,10672,12,9,1,TRUE,C,97.9,FALSE,0.87
503778,10672,11,9,1,TRUE,B,76.3,FALSE,0.87
503779,10672,13,10,1,TRUE,B,85.3,FALSE,0.93
503780,10672,9,10,1,TRUE,C,93.2,FALSE,0.77
503781,10672,3,11,1,TRUE,B,88.3,FALSE,0.76
503782,10672,10,11,1,TRUE,C,98.8,FALSE,0.57
503783,10673,3,1,1,TRUE,B,86.8,FALSE,0.65
503784,10673,5,1,1,TRUE,A,78.6,FALSE,0.87
503785,10673,6,1,1,TRUE,A,81.8,FALSE,0.96
503786,10673,9,2,1,TRUE,B,89.1,FALSE,0.61
503787,10673,11,2,1,TRUE,A,91.4,FALSE,0.88
503788,10673,7,2,1,TRUE,A,93.4,FALSE,0.97
503789,10673,13,3,1,TRUE,A,84.4,FALSE,0.62
503790,10673,10,3,1,TRUE,C,91.7,FALSE,0.7
503791,10673,2,3,1,TRUE,A,90.0,FALSE,0.67
503792,10673,8,4,1,TRUE,A,79.5,FALSE,0.66
503793,10673,1,4,1,TRUE,B,76.8,FALSE,0.91
503794,10673,4,4,1,TRUE,A,75.8,FALSE,0.87
503795,10673,12,5,1,TRUE,B,83.3,FALSE,0.99
503796,10674,5,5,1,TRUE,B,94.0,FALSE,0.67
503797,10674,6,5,1,TRUE,A,84.4,FALSE,0.6
503798,10674,9,5,1,TRUE,B,97.3,FALSE,0.59
503799,10674,8,6,1,TRUE,C,86.5,FALSE,0.89
503800,10674,10,6,1,FALSE,F,59.0,FALSE,0.75
503801,10674,12,6,1,TRUE,A,96.7,FALSE,0.94
503802,10674,4,7,1,TRUE,A,88.0,FALSE,0.85
503803,10674,2,7,1,TRUE,B,83.8,FALSE,0.68
503804,10674,7,7,1,TRUE,C,83.5,FALSE,0.55
503805,10675,14,5,6,TRUE,B,83.2,FALSE,0.57
503806,10675,10,5,6,TRUE,B,80.1,FALSE,0.74
503807,10675,15,5,6,TRUE,B,86.7,FALSE,0.82
503808,10675,16,6,6,TRUE,A,97.2,FALSE,0.65
503809,10676,4,3,2,FALSE,F,52.7,FALSE,0.73
503810,10676,12,3,2,TRUE,A,90.9,FALSE,0.98
503811,10676,6,3,2,TRUE,A,97.3,FALSE,0.63
503812,10677,7,7,1,FALSE,D,65.0,FALSE,0.56
503813,10677,2,7,1,TRUE,C,97.9,FALSE,0.6
503814,10677,5,8,1,FALSE,F,53.5,FALSE,0.66
503815,10677,4,8,1,TRUE,B,86.0,FALSE,0.76
503816,10677,10,9,1,TRUE,A,77.7,FALSE,0.88
503817,10677,9,9,1,TRUE,A,79.6,FALSE,0.89
503818,10677,13,10,1,TRUE,C,89.1,FALSE,0.93
503819,10677,6,10,1,FALSE,D,63.7,FALSE,0.9
503820,10677,8,11,1,,,,FALSE,0.65
503821,10677,1,11,1,,,,FALSE,0.57
503822,10678,5,2,1,TRUE,B,89.9,FALSE,0.77
503823,10678,2,2,1,TRUE,A,96.3,FALSE,0.95
503824,10679,11,6,5,FALSE,F,66.3,FALSE,0.98
503825,10679,12,6,5,TRUE,B,79.0,FALSE,0.8
503826,10679,9,6,5,TRUE,C,81.2,FALSE,0.74
503827,10679,10,7,5,TRUE,C,82.8,FALSE,0.95
503828,10680,5,1,1,TRUE,B,86.1,FALSE,0.8
503829,10680,2,1,1,TRUE,B,86.3,FALSE,0.96
503830,10680,13,2,1,TRUE,C,85.6,FALSE,0.86
503831,10680,9,2,1,TRUE,B,82.6,FALSE,0.76
503832,10680,3,3,1,TRUE,A,98.9,FALSE,0.61
503833,10680,4,3,1,TRUE,B,87.0,FALSE,0.98
503834,10681,10,3,1,TRUE,A,84.1,FALSE,0.75
503835,10681,8,3,1,FALSE,D,53.2,FALSE,0.58
503836,10681,4,3,1,TRUE,B,85.2,FALSE,0.72
503837,10681,6,4,1,TRUE,A,88.0,FALSE,0.91
503838,10681,2,4,1,FALSE,D,70.2,FALSE,0.72
503839,10681,11,4,1,TRUE,B,98.3,FALSE,0.93
503840,10681,12,5,1,TRUE,B,78.5,FALSE,0.79
503841,10681,1,5,1,TRUE,B,96.1,FALSE,0.61
503842,10681,7,5,1,TRUE,B,80.7,FALSE,0.85
503843,10681,13,6,1,TRUE,A,95.1,FALSE,0.59
503844,10681,5,6,1,TRUE,B,98.5,FALSE,0.86
503845,10681,9,6,1,TRUE,A,87.5,FALSE,0.97
503846,10681,3,7,1,FALSE,D,48.0,FALSE,0.77
503847,10682,16,8,6,TRUE,C,90.6,FALSE,0.98
503848,10682,10,8,6,TRUE,B,81.8,FALSE,0.65
503849,10682,15,8,6,TRUE,B,88.2,FALSE,0.88
503850,10683,11,3,5,TRUE,C,84.9,FALSE,0.57
503851,10683,9,3,5,TRUE,B,77.2,FALSE,0.97
503852,10683,10,3,5,TRUE,A,86.3,FALSE,0.77
503853,10683,12,4,5,TRUE,A,75.7,FALSE,0.56
503854,10684,4,7,1,TRUE,B,79.1,FALSE,0.71
503855,10684,9,7,1,TRUE,B,89.5,FALSE,0.84
503856,10684,13,7,1,TRUE,B,90.7,FALSE,0.84
503857,10685,1,7,1,TRUE,A,76.3,FALSE,0.73
503858,10685,9,7,1,TRUE,A,93.7,FALSE,0.75
503859,10685,4,7,1,FALSE,D,68.9,FALSE,0.59
503860,10685,11,8,1,TRUE,B,79.5,FALSE,0.97
503861,10685,12,8,1,TRUE,B,93.4,FALSE,0.91
503862,10685,2,8,1,TRUE,B,84.5,FALSE,0.9
503863,10685,3,9,1,TRUE,B,85.7,FALSE,0.6
503864,10685,5,9,1,TRUE,A,84.0,FALSE,0.93
503865,10685,8,9,1,TRUE,A,86.9,FALSE,0.91
503866,10685,13,10,1,TRUE,A,89.4,FALSE,0.91
503867,10685,6,10,1,TRUE,B,89.8,FALSE,0.78
503868,10685,7,10,1,FALSE,F,55.2,FALSE,0.78
503869,10685,10,11,1,TRUE,B,83.1,FALSE,0.63
503870,10686,2,7,1,TRUE,A,80.8,FALSE,0.99
503871,10686,10,7,1,TRUE,A,77.6,FALSE,0.59
503872,10686,9,7,1,TRUE,B,96.9,FALSE,0.72
503873,10686,4,8,1,TRUE,B,76.7,FALSE,0.66
503874,10686,13,8,1,TRUE,B,96.5,FALSE,0.8
503875,10686,7,8,1,TRUE,A,82.7,FALSE,0.92
503876,10686,3,9,1,FALSE,D,57.4,FALSE,0.6
503877,10686,5,9,1,TRUE,C,76.3,FALSE,0.75
503878,10686,8,9,1,TRUE,C,90.6,FALSE,0.97
503879,10687,5,6,2,TRUE,A,86.9,FALSE,0.55
503880,10687,6,6,2,TRUE,A,82.1,FALSE,0.92
503881,10687,8,7,2,TRUE,B,96.2,FALSE,0.96
503882,10687,3,7,2,TRUE,B,77.4,FALSE,0.61
503883,10687,4,8,2,FALSE,D,68.0,FALSE,0.76
503884,10687,7,8,2,TRUE,B,89.6,FALSE,0.68
503885,10687,2,9,2,TRUE,A,75.1,FALSE,0.81
503886,10687,12,9,2,TRUE,B,98.0,FALSE,0.87
503887,10687,1,10,2,TRUE,A,91.4,FALSE,0.59
503888,10687,11,10,2,TRUE,B,86.0,FALSE,0.7
503889,10688,13,8,1,TRUE,B,81.7,FALSE,0.67
503890,10688,2,8,1,TRUE,A,82.1,FALSE,0.66
503891,10688,9,8,1,FALSE,F,72.2,FALSE,0.87
503892,10688,11,9,1,TRUE,A,91.6,FALSE,0.74
503893,10688,12,9,1,TRUE,B,75.1,FALSE,0.98
503894,10688,8,9,1,TRUE,B,91.7,FALSE,0.85
503895,10688,4,10,1,FALSE,F,66.4,FALSE,0.66
503896,10688,7,10,1,TRUE,A,87.4,FALSE,0.6
503897,10688,10,10,1,TRUE,B,95.2,FALSE,0.68
503898,10688,3,11,1,TRUE,C,85.1,FALSE,0.71
503899,10688,6,11,1,FALSE,D,73.9,FALSE,0.8
503900,10688,5,11,1,TRUE,A,91.8,FALSE,0.94
503901,10689,10,2,1,TRUE,C,78.1,FALSE,0.97
503902,10689,4,2,1,TRUE,B,76.3,FALSE,0.98
503903,10689,9,2,1,TRUE,C,96.2,FALSE,0.87
503904,10690,11,1,5,TRUE,B,81.8,FALSE,0.94
503905,10690,10,1,5,TRUE,A,79.5,FALSE,0.91
503906,10690,9,2,5,TRUE,A,90.0,FALSE,0.79
503907,10690,12,2,5,FALSE,F,62.4,FALSE,0.8
503908,10691,11,9,1,TRUE,B,80.6,FALSE,0.7
503909,10691,13,9,1,TRUE,A,76.9,FALSE,0.62
503910,10691,4,10,1,TRUE,A,91.3,FALSE,0.7
503911,10691,5,10,1,FALSE,D,52.5,FALSE,0.74
503912,10691,12,11,1,FALSE,D,70.0,FALSE,0.73
503913,10691,6,11,1,TRUE,A,93.3,FALSE,0.79
503914,10692,14,1,6,TRUE,A,82.9,FALSE,0.66
503915,10692,10,1,6,TRUE,A,95.2,FALSE,0.92
503916,10692,16,1,6,TRUE,B,95.8,FALSE,0.59
503917,10692,15,2,6,TRUE,A,95.8,FALSE,0.89
503918,10693,13,4,1,TRUE,C,88.0,FALSE,0.9
503919,10693,6,4,1,TRUE,B,78.5,FALSE,0.88
503920,10693,8,5,1,TRUE,A,92.3,FALSE,0.55
503921,10693,5,5,1,TRUE,B,86.6,FALSE,0.65
503922,10694,10,7,1,TRUE,B,86.5,FALSE,0.95
503923,10694,12,7,1,FALSE,F,73.2,FALSE,0.94
503924,10694,4,7,1,TRUE,C,85.9,FALSE,0.87
503925,10694,9,8,1,FALSE,F,54.7,FALSE,0.7
503926,10694,11,8,1,TRUE,A,89.0,FALSE,0.58
503927,10694,13,8,1,FALSE,F,60.2,FALSE,0.63
503928,10694,6,9,1,TRUE,B,97.2,FALSE,0.97
503929,10694,3,9,1,FALSE,D,66.7,FALSE,0.57
503930,10694,7,9,1,TRUE,B,78.7,FALSE,0.7
503931,10694,1,10,1,TRUE,C,87.5,FALSE,0.91
503932,10694,2,10,1,TRUE,B,98.5,FALSE,0.95
503933,10694,8,10,1,TRUE,B,90.6,FALSE,0.6
503934,10694,5,11,1,TRUE,A,87.9,FALSE,0.71
503935,10695,6,7,1,TRUE,C,81.7,FALSE,0.97
503936,10695,1,7,1,TRUE,B,91.1,FALSE,0.89
503937,10695,9,8,1,TRUE,B,92.1,FALSE,0.93
503938,10695,3,8,1,TRUE,B,78.9,FALSE,0.82
503939,10695,4,9,1,TRUE,C,86.2,FALSE,0.75
503940,10695,13,9,1,FALSE,F,70.4,FALSE,0.66
503941,10696,1,3,2,TRUE,B,75.6,FALSE,0.82
503942,10696,8,3,2,TRUE,C,77.0,FALSE,0.57
503943,10696,4,3,2,TRUE,B,80.9,FALSE,0.56
503944,10697,3,6,2,TRUE,B,76.3,FALSE,0.9
503945,10697,6,6,2,FALSE,F,62.3,FALSE,0.98
503946,10697,7,7,2,TRUE,B,80.2,FALSE,0.68
503947,10697,5,7,2,TRUE,B,82.8,FALSE,0.56
503948,10697,12,8,2,TRUE,A,85.8,FALSE,0.78
503949,10697,11,8,2,TRUE,B,99.0,FALSE,0.71
503950,10697,1,9,2,TRUE,B,89.9,FALSE,0.86
503951,10697,8,9,2,TRUE,B,96.6,FALSE,0.98
503952,10698,2,5,2,TRUE,C,78.2,FALSE,0.83
503953,10698,8,5,2,TRUE,B,82.2,FALSE,0.94
503954,10698,4,6,2,TRUE,A,81.9,FALSE,0.8
503955,10698,5,6,2,TRUE,C,97.6,FALSE,0.69
503956,10698,7,7,2,TRUE,B,90.9,FALSE,0.61
503957,10698,1,7,2,TRUE,C,97.6,FALSE,0.9
503958,10698,3,8,2,TRUE,A,87.0,FALSE,0.73
503959,10698,11,8,2,TRUE,B,96.0,FALSE,0.83
503960,10698,12,9,2,TRUE,B,82.2,FALSE,0.77
503961,10698,6,9,2,TRUE,A,82.7,FALSE,0.91
503962,10699,10,1,5,TRUE,B,93.4,FALSE,0.76
503963,10699,12,1,5,FALSE,F,67.3,FALSE,0.69
503964,10699,11,2,5,FALSE,D,69.7,FALSE,0.86
503965,10699,9,2,5,TRUE,A,92.4,FALSE,0.9
503966,10700,14,2,3,FALSE,F,66.5,FALSE,1.0
503967,10700,15,2,3,TRUE,A,81.9,FALSE,0.81
503968,10700,16,2,3,TRUE,A,94.1,FALSE,0.92
503969,10701,16,7,3,TRUE,B,79.0,FALSE,0.81
503970,10701,15,7,3,TRUE,A,76.5,FALSE,0.68
503971,10701,14,8,3,TRUE,B,89.6,FALSE,0.59
503972,10702,2,3,1,TRUE,A,92.5,FALSE,0.67
503973,10702,10,3,1,TRUE,A,83.8,FALSE,0.64
503974,10702,7,3,1,TRUE,B,91.5,FALSE,0.86
503975,10702,8,4,1,TRUE,B,85.3,FALSE,0.59
503976,10702,9,4,1,TRUE,A,82.0,FALSE,0.6
503977,10702,1,4,1,TRUE,A,75.6,FALSE,0.83
503978,10702,12,5,1,TRUE,B,92.0,FALSE,0.59
503979,10702,5,5,1,TRUE,B,77.2,FALSE,0.94
503980,10702,6,5,1,TRUE,B,78.9,FALSE,0.98
503981,10703,15,9,4,TRUE,B,84.9,FALSE,0.62
503982,10703,8,9,4,TRUE,C,88.7,FALSE,0.81
503983,10703,16,9,4,TRUE,A,87.3,FALSE,0.85
503984,10703,14,10,4,TRUE,B,84.4,FALSE,0.88
503985,10704,15,2,3,TRUE,B,78.6,FALSE,0.95
503986,10704,14,2,3,TRUE,B,86.7,FALSE,0.99
503987,10704,16,2,3,TRUE,A,91.7,FALSE,0.96
503988,10705,10,7,5,TRUE,B,88.5,FALSE,0.6
503989,10705,11,7,5,TRUE,B,93.3,FALSE,0.57
503990,10705,12,7,5,TRUE,A,75.7,FALSE,0.87
503991,10705,9,8,5,TRUE,A,75.6,FALSE,0.67
503992,10706,11,3,1,TRUE,B,86.9,FALSE,0.89
503993,10706,12,3,1,FALSE,D,66.7,FALSE,0.62
503994,10706,2,3,1,FALSE,F,58.0,FALSE,0.6
503995,10707,5,1,1,TRUE,B,93.2,FALSE,0.83
503996,10707,10,1,1,TRUE,B,79.9,FALSE,0.73
503997,10707,12,1,1,TRUE,B,75.3,FALSE,0.82
503998,10708,14,6,3,TRUE,C,80.9,FALSE,0.61
503999,10708,16,6,3,TRUE,B,80.2,FALSE,0.58
504000,10708,15,6,3,TRUE,B,92.8,FALSE,0.79
504001,10709,9,7,1,TRUE,A,80.2,FALSE,0.91
504002,10709,3,7,1,TRUE,B,96.3,FALSE,0.68
504003,10709,7,8,1,TRUE,B,88.0,FALSE,0.8
504004,10709,4,8,1,TRUE,A,90.6,FALSE,0.76
504005,10710,15,4,3,TRUE,B,78.4,FALSE,0.96
504006,10710,14,4,3,TRUE,B,78.4,FALSE,0.8
504007,10710,16,5,3,TRUE,B,81.6,FALSE,1.0
504008,10711,10,4,5,TRUE,A,93.8,FALSE,0.96
504009,10711,11,4,5,TRUE,A,79.0,FALSE,0.74
504010,10711,12,5,5,TRUE,B,96.8,FALSE,0.87
504011,10711,9,5,5,TRUE,C,96.1,FALSE,0.64
504012,10712,7,9,2,TRUE,B,84.9,FALSE,0.78
504013,10712,6,9,2,TRUE,B,97.6,FALSE,0.59
504014,10712,5,9,2,TRUE,A,93.4,FALSE,0.57
504015,10712,12,10,2,TRUE,B,86.0,FALSE,0.95
504016,10712,2,10,2,TRUE,A,86.5,FALSE,0.6
504017,10712,3,10,2,TRUE,B,82.2,FALSE,0.6
504018,10712,8,11,2,,,,FALSE,0.72
504019,10712,1,11,2,,,,FALSE,0.65
504020,10712,11,11,2,,,,FALSE,0.72
504021,10713,12,1,5,TRUE,A,96.1,FALSE,0.59
504022,10713,11,1,5,TRUE,C,84.6,FALSE,0.56
504023,10714,1,7,1,TRUE,B,77.1,FALSE,0.91
504024,10714,9,7,1,TRUE,C,96.1,FALSE,0.67
504025,10714,10,8,1,TRUE,B,81.7,FALSE,0.93
504026,10714,8,8,1,TRUE,B,84.8,FALSE,0.56
504027,10715,12,5,5,TRUE,A,84.9,FALSE,0.62
504028,10715,11,5,5,TRUE,B,98.0,FALSE,0.72
504029,10715,9,5,5,TRUE,C,96.8,FALSE,0.61
504030,10716,12,8,5,TRUE,B,80.0,FALSE,0.65
504031,10716,10,8,5,TRUE,A,93.9,FALSE,0.97
504032,10716,11,8,5,TRUE,B,91.3,FALSE,0.56
504033,10716,9,9,5,TRUE,A,79.6,FALSE,0.9
504034,10717,15,9,3,TRUE,A,96.8,FALSE,0.79
504035,10717,14,9,3,FALSE,D,58.9,FALSE,0.94
504036,10717,16,9,3,TRUE,A,97.7,FALSE,0.67
504037,10718,14,4,3,TRUE,B,95.9,FALSE,0.92
504038,10718,15,4,3,FALSE,F,66.2,FALSE,0.91
504039,10718,16,4,3,TRUE,C,82.9,FALSE,0.81
504040,10719,1,2,1,TRUE,C,77.0,FALSE,0.89
504041,10719,13,2,1,TRUE,B,91.7,FALSE,0.93
504042,10719,7,3,1,TRUE,B,83.2,FALSE,0.55
504043,10719,9,3,1,FALSE,F,59.0,FALSE,0.84
504044,10719,4,4,1,TRUE,B,81.5,FALSE,0.81
504045,10719,8,4,1,TRUE,B,91.7,FALSE,0.81
504046,10720,16,3,6,TRUE,A,88.2,FALSE,0.74
504047,10720,14,3,6,TRUE,B,87.3,FALSE,0.87
504048,10720,10,4,6,TRUE,A,91.4,FALSE,0.57
504049,10720,15,4,6,TRUE,A,86.2,FALSE,0.61
504050,10721,14,3,3,TRUE,A,85.8,FALSE,0.88
504051,10721,15,3,3,TRUE,B,95.6,FALSE,0.69
504052,10721,16,4,3,TRUE,B,91.8,FALSE,0.63
504053,10722,14,8,4,TRUE,B,96.3,FALSE,0.64
504054,10722,16,8,4,TRUE,B,79.1,FALSE,0.91
504055,10722,8,8,4,TRUE,C,95.6,FALSE,0.77
504056,10722,15,9,4,TRUE,A,78.0,FALSE,0.57
504057,10723,13,8,1,TRUE,B,76.6,FALSE,0.94
504058,10723,10,8,1,TRUE,C,98.0,FALSE,0.95
504059,10723,2,9,1,TRUE,C,81.7,FALSE,0.97
504060,10723,9,9,1,TRUE,A,88.8,FALSE,0.99
504061,10723,1,10,1,TRUE,B,82.2,FALSE,0.67
504062,10723,4,10,1,TRUE,A,90.6,FALSE,1.0
504063,10723,11,11,1,,,,FALSE,0.76
504064,10723,8,11,1,,,,FALSE,0.94
504065,10724,16,8,3,TRUE,B,91.1,FALSE,0.94
504066,10724,14,8,3,TRUE,A,98.3,FALSE,0.66
504067,10724,15,8,3,TRUE,B,91.1,FALSE,0.8
504068,10725,2,9,2,TRUE,A,83.0,FALSE,0.62
504069,10725,6,9,2,TRUE,B,92.4,FALSE,0.92
504070,10725,3,9,2,TRUE,A,78.9,FALSE,0.73
504071,10725,7,10,2,TRUE,B,89.1,FALSE,0.73
504072,10725,5,10,2,TRUE,A,92.5,FALSE,0.79
504073,10725,4,10,2,TRUE,A,92.3,FALSE,0.8
504074,10725,11,11,2,,,,FALSE,0.76
504075,10725,1,11,2,,,,FALSE,0.79
504076,10725,12,11,2,TRUE,A,75.0,FALSE,0.64
504077,10726,5,1,1,TRUE,B,85.4,FALSE,0.65
504078,10726,6,1,1,FALSE,F,69.1,FALSE,0.81
504079,10726,3,2,1,TRUE,B,87.4,FALSE,0.78
504080,10726,7,2,1,TRUE,C,91.1,FALSE,0.75
504081,10726,4,3,1,TRUE,B,88.0,FALSE,0.97
504082,10726,2,3,1,TRUE,A,84.8,FALSE,0.93
504083,10726,9,4,1,TRUE,B,91.2,FALSE,0.92
504084,10726,13,4,1,TRUE,B,85.6,FALSE,0.76
504085,10726,11,5,1,TRUE,B,81.6,FALSE,0.78
504086,10726,10,5,1,TRUE,B,85.7,FALSE,0.67
504087,10726,1,6,1,TRUE,A,83.4,FALSE,0.64
504088,10726,8,6,1,TRUE,A,78.2,FALSE,0.58
504089,10727,5,7,1,TRUE,A,80.3,FALSE,0.83
504090,10727,8,7,1,TRUE,B,75.8,FALSE,0.89
504091,10727,6,7,1,TRUE,A,93.6,FALSE,0.88
504092,10727,12,8,1,TRUE,B,77.1,FALSE,0.7
504093,10727,9,8,1,TRUE,B,81.5,FALSE,0.89
504094,10727,11,8,1,TRUE,C,78.0,FALSE,0.8
504095,10727,2,9,1,TRUE,B,90.2,FALSE,0.99
504096,10727,1,9,1,TRUE,A,94.2,FALSE,0.73
504097,10727,4,9,1,TRUE,A,84.8,FALSE,0.64
504098,10728,16,6,4,TRUE,B,78.1,FALSE,0.97
504099,10728,14,6,4,TRUE,B,78.8,FALSE,0.65
504100,10728,15,7,4,TRUE,A,93.9,FALSE,0.77
504101,10728,8,7,4,TRUE,B,83.1,FALSE,0.64
504102,10729,7,2,2,TRUE,A,81.0,FALSE,0.64
504103,10729,2,2,2,TRUE,A,81.4,FALSE,0.65
504104,10729,3,3,2,TRUE,C,91.4,FALSE,0.83
504105,10729,5,3,2,TRUE,B,87.4,FALSE,0.68
504106,10730,4,5,1,FALSE,D,61.8,FALSE,0.89
504107,10730,13,5,1,TRUE,B,77.7,FALSE,0.81
504108,10730,12,5,1,TRUE,C,75.4,FALSE,0.83
504109,10730,10,6,1,TRUE,B,95.3,FALSE,0.69
504110,10730,1,6,1,TRUE,A,91.6,FALSE,0.72
504111,10730,9,6,1,TRUE,A,87.9,FALSE,0.76
504112,10730,5,7,1,TRUE,A,85.4,FALSE,0.7
504113,10730,8,7,1,TRUE,B,90.1,FALSE,0.64
504114,10730,6,7,1,TRUE,B,98.2,FALSE,0.79
504115,10730,3,8,1,TRUE,C,79.9,FALSE,0.98
504116,10730,2,8,1,TRUE,C,88.3,FALSE,0.91
504117,10730,11,8,1,FALSE,D,63.9,FALSE,0.96
504118,10731,12,9,1,TRUE,C,93.2,FALSE,0.74
504119,10731,7,9,1,TRUE,A,83.7,FALSE,0.86
504120,10731,5,10,1,TRUE,A,78.1,FALSE,0.73
504121,10731,8,10,1,TRUE,C,96.9,FALSE,0.79
504122,10731,1,11,1,TRUE,B,84.7,FALSE,0.65
504123,10731,3,11,1,,,,FALSE,0.68
504124,10732,10,5,5,TRUE,A,92.4,FALSE,0.95
504125,10732,11,5,5,FALSE,F,61.9,FALSE,0.69
504126,10732,9,6,5,TRUE,A,84.1,FALSE,0.6
504127,10732,12,6,5,TRUE,A,93.2,FALSE,0.96
504128,10733,14,8,3,TRUE,A,98.7,FALSE,0.82
504129,10733,16,8,3,TRUE,B,83.1,FALSE,0.68
504130,10733,15,9,3,TRUE,B,88.5,FALSE,0.9
504131,10734,2,1,1,TRUE,A,95.5,FALSE,0.85
504132,10734,3,1,1,TRUE,A,97.7,FALSE,0.72
504133,10735,8,9,1,TRUE,B,85.8,FALSE,0.65
504134,10735,10,9,1,TRUE,B,85.2,FALSE,0.55
504135,10735,1,10,1,TRUE,B,78.0,FALSE,0.55
504136,10735,5,10,1,TRUE,C,85.3,FALSE,0.99
504137,10735,2,11,1,,,,FALSE,0.89
504138,10735,12,11,1,,,,FALSE,0.9
504139,10736,12,5,1,TRUE,A,89.8,FALSE,0.82
504140,10736,7,5,1,TRUE,B,97.0,FALSE,0.96
504141,10736,2,5,1,TRUE,B,90.8,FALSE,0.84
504142,10737,11,1,1,TRUE,C,94.0,FALSE,0.98
504143,10737,10,1,1,TRUE,B,85.6,FALSE,0.95
504144,10737,13,2,1,TRUE,C,93.9,FALSE,0.7
504145,10737,4,2,1,TRUE,C,88.7,FALSE,0.7
504146,10737,3,3,1,TRUE,A,97.0,FALSE,0.8
504147,10737,12,3,1,TRUE,B,94.2,FALSE,0.88
504148,10738,10,3,5,TRUE,B,94.6,FALSE,0.57
504149,10738,11,3,5,TRUE,B,87.2,FALSE,0.65
504150,10738,9,4,5,FALSE,D,52.2,FALSE,0.58
504151,10738,12,4,5,TRUE,B,87.3,FALSE,0.84
504152,10739,9,1,5,TRUE,A,79.0,FALSE,0.68
504153,10739,11,1,5,TRUE,B,83.6,FALSE,0.73
504154,10739,10,1,5,TRUE,A,98.9,FALSE,0.92
504155,10739,12,2,5,TRUE,A,84.3,FALSE,0.78
504156,10740,15,6,3,TRUE,B,80.0,FALSE,0.74
504157,10740,16,6,3,TRUE,B,85.3,FALSE,0.81
504158,10740,14,7,3,FALSE,D,60.6,FALSE,0.75
504159,10741,14,3,3,TRUE,C,77.9,FALSE,0.95
504160,10741,16,3,3,TRUE,A,79.5,FALSE,0.92
504161,10741,15,3,3,FALSE,D,67.9,FALSE,0.86
504162,10742,14,6,4,TRUE,A,97.2,FALSE,0.84
504163,10742,15,6,4,TRUE,B,76.1,FALSE,0.61
504164,10742,8,7,4,TRUE,A,80.3,FALSE,0.72
504165,10742,16,7,4,TRUE,C,85.0,FALSE,0.85
504166,10743,11,5,2,TRUE,A,95.5,FALSE,0.91
504167,10743,7,5,2,FALSE,F,74.2,FALSE,0.58
504168,10743,8,6,2,TRUE,B,94.5,FALSE,0.59
504169,10743,12,6,2,TRUE,B,96.9,FALSE,0.57
504170,10743,6,7,2,TRUE,A,90.7,FALSE,0.82
504171,10743,3,7,2,TRUE,A,93.5,FALSE,0.64
504172,10743,5,8,2,TRUE,B,93.8,FALSE,0.57
504173,10743,4,8,2,TRUE,A,77.9,FALSE,0.85
504174,10743,2,9,2,TRUE,B,89.2,FALSE,0.74
504175,10743,1,9,2,TRUE,C,87.0,FALSE,0.77
504176,10744,15,2,4,TRUE,B,97.8,FALSE,0.93
504177,10744,16,2,4,TRUE,B,93.0,FALSE,0.96
504178,10744,14,2,4,TRUE,B,95.3,FALSE,0.56
504179,10744,8,3,4,TRUE,B,91.8,FALSE,0.74
504180,10745,12,9,5,TRUE,A,76.8,FALSE,0.68
504181,10745,9,9,5,TRUE,A,98.1,FALSE,0.8
504182,10745,11,9,5,TRUE,B,93.5,FALSE,0.57
504183,10745,10,10,5,FALSE,F,74.2,FALSE,0.77
504184,10746,10,7,1,TRUE,A,76.6,FALSE,0.96
504185,10746,1,7,1,TRUE,C,92.8,FALSE,0.56
504186,10746,5,8,1,TRUE,B,76.4,FALSE,0.82
504187,10746,3,8,1,TRUE,B,97.6,FALSE,0.69
504188,10746,7,9,1,TRUE,A,79.0,FALSE,0.8
504189,10746,12,9,1,FALSE,F,65.0,FALSE,0.95
504190,10746,4,10,1,TRUE,C,78.2,FALSE,0.87
504191,10746,9,10,1,TRUE,B,96.0,FALSE,0.93
504192,10747,15,2,3,TRUE,C,83.6,FALSE,0.78
504193,10747,16,2,3,TRUE,A,92.3,FALSE,0.58
504194,10748,15,4,3,TRUE,B,94.6,FALSE,0.82
504195,10748,16,4,3,TRUE,C,91.5,FALSE,0.82
504196,10749,15,5,3,TRUE,B,90.2,FALSE,0.89
504197,10749,16,5,3,TRUE,B,76.2,FALSE,0.71
504198,10749,14,5,3,TRUE,A,77.1,FALSE,0.89
504199,10750,2,6,2,TRUE,B,94.1,FALSE,0.93
504200,10750,11,6,2,TRUE,C,91.8,FALSE,0.83
504201,10750,6,6,2,TRUE,B,81.2,FALSE,0.93
504202,10750,3,7,2,TRUE,B,88.5,FALSE,0.68
504203,10750,12,7,2,TRUE,B,75.7,FALSE,0.56
504204,10750,8,7,2,TRUE,B,95.4,FALSE,0.92
504205,10750,5,8,2,TRUE,A,75.8,FALSE,0.86
504206,10750,1,8,2,TRUE,B,83.2,FALSE,0.82
504207,10750,7,8,2,TRUE,B,89.8,FALSE,0.96
504208,10751,13,6,1,TRUE,B,75.4,FALSE,0.71
504209,10751,4,6,1,TRUE,B,98.9,FALSE,0.96
504210,10751,7,7,1,TRUE,C,95.4,FALSE,0.89
504211,10751,12,7,1,TRUE,B,85.9,FALSE,0.82
504212,10751,3,8,1,TRUE,A,94.4,FALSE,0.57
504213,10751,9,8,1,TRUE,B,95.6,FALSE,0.77
504214,10751,2,9,1,TRUE,A,90.1,FALSE,0.76
504215,10751,5,9,1,TRUE,B,92.1,FALSE,0.69
504216,10751,8,10,1,TRUE,C,78.2,FALSE,0.72
504217,10751,1,10,1,TRUE,B,85.7,FALSE,0.59
504218,10751,11,11,1,,,,FALSE,0.79
504219,10751,10,11,1,TRUE,B,82.4,FALSE,0.61
504220,10752,5,7,1,TRUE,C,92.9,FALSE,0.68
504221,10752,3,7,1,FALSE,D,71.7,FALSE,0.98
504222,10752,2,8,1,TRUE,A,92.2,FALSE,0.7
504223,10752,4,8,1,TRUE,B,98.1,FALSE,0.62
504224,10753,10,4,1,TRUE,A,77.6,FALSE,0.7
504225,10753,2,4,1,TRUE,C,90.0,FALSE,0.95
504226,10753,4,4,1,TRUE,A,93.4,FALSE,0.87
504227,10754,14,8,4,TRUE,B,98.1,FALSE,0.65
504228,10754,8,8,4,TRUE,A,80.8,FALSE,0.88
504229,10754,15,8,4,TRUE,A,75.2,FALSE,0.95
504230,10755,14,8,3,TRUE,A,80.4,FALSE,0.91
504231,10755,15,8,3,TRUE,A,91.8,FALSE,0.68
504232,10755,16,9,3,FALSE,D,71.8,FALSE,0.78
504233,10756,1,6,2,TRUE,A,77.3,FALSE,0.74
504234,10756,6,6,2,TRUE,A,80.5,FALSE,0.77
504235,10757,3,8,1,TRUE,B,83.3,FALSE,0.78
504236,10757,8,8,1,TRUE,A,94.3,FALSE,0.86
504237,10757,5,8,1,TRUE,B,86.4,FALSE,0.9
504238,10757,4,9,1,TRUE,B,95.8,FALSE,0.65
504239,10757,7,9,1,TRUE,B,87.1,FALSE,0.61
504240,10757,1,9,1,TRUE,C,98.8,FALSE,0.62
504241,10758,11,2,2,TRUE,C,98.3,FALSE,0.8
504242,10758,1,2,2,TRUE,A,75.6,FALSE,0.99
504243,10759,1,4,2,FALSE,D,54.9,FALSE,0.76
504244,10759,4,4,2,TRUE,A,84.1,FALSE,0.79
504245,10759,3,5,2,TRUE,B,98.3,FALSE,0.69
504246,10759,7,5,2,TRUE,A,87.0,FALSE,0.88
504247,10760,15,7,3,TRUE,C,80.0,FALSE,0.93
504248,10760,16,7,3,TRUE,B,96.9,FALSE,0.71
504249,10760,14,7,3,TRUE,C,83.9,FALSE,0.61
504250,10761,15,8,3,TRUE,B,86.5,FALSE,0.87
504251,10761,16,8,3,TRUE,B,81.2,FALSE,0.65
504252,10761,14,8,3,TRUE,B,77.9,FALSE,0.59
504253,10762,8,7,1,FALSE,D,69.0,FALSE,0.59
504254,10762,1,7,1,TRUE,A,95.4,FALSE,0.65
504255,10762,2,8,1,TRUE,B,81.6,FALSE,0.97
504256,10762,9,8,1,TRUE,B,85.4,FALSE,0.76
504257,10763,15,1,3,TRUE,B,94.0,FALSE,0.65
504258,10763,16,1,3,TRUE,B,89.4,FALSE,0.88
504259,10763,14,1,3,TRUE,B,83.5,FALSE,0.87
504260,10764,15,8,3,TRUE,B,87.2,FALSE,0.78
504261,10764,14,8,3,FALSE,F,66.8,FALSE,0.6
504262,10764,16,9,3,TRUE,B,78.7,FALSE,0.66
504263,10765,14,6,3,TRUE,B,86.8,FALSE,0.81
504264,10765,16,6,3,FALSE,F,72.3,FALSE,0.6
504265,10765,15,7,3,TRUE,B,80.5,FALSE,0.69
504266,10766,11,2,5,TRUE,B,91.5,FALSE,0.88
504267,10766,12,2,5,TRUE,B,96.1,FALSE,0.65
504268,10766,10,2,5,TRUE,B,86.1,FALSE,0.76
504269,10766,9,3,5,TRUE,B,81.1,FALSE,0.56
504270,10767,2,9,1,TRUE,A,88.2,FALSE,0.6
504271,10767,9,9,1,TRUE,C,93.9,FALSE,0.79
504272,10767,3,10,1,FALSE,F,69.9,FALSE,0.94
504273,10767,5,10,1,TRUE,B,95.8,FALSE,0.62
504274,10768,12,4,5,TRUE,B,94.0,FALSE,0.64
504275,10768,9,4,5,TRUE,C,96.8,FALSE,0.9
504276,10768,10,5,5,TRUE,B,99.0,FALSE,0.81
504277,10768,11,5,5,TRUE,B,75.9,FALSE,0.73
504278,10769,12,4,2,TRUE,B,81.4,FALSE,0.78
504279,10769,6,4,2,TRUE,B,88.9,FALSE,0.59
504280,10769,4,5,2,TRUE,B,90.8,FALSE,0.71
504281,10769,11,5,2,TRUE,A,81.3,FALSE,0.56
504282,10769,2,6,2,TRUE,B,80.6,FALSE,0.86
504283,10769,3,6,2,TRUE,B,92.0,FALSE,0.8
504284,10770,12,7,2,TRUE,B,83.4,FALSE,0.88
504285,10770,2,7,2,TRUE,C,94.4,FALSE,0.72
504286,10770,3,7,2,TRUE,B,79.0,FALSE,0.66
504287,10770,11,8,2,TRUE,A,79.7,FALSE,0.64
504288,10770,1,8,2,TRUE,C,79.6,FALSE,0.73
504289,10770,8,8,2,TRUE,B,79.3,FALSE,0.76
504290,10770,6,9,2,TRUE,B,86.4,FALSE,0.81
504291,10770,5,9,2,TRUE,A,88.4,FALSE,0.64
504292,10770,7,9,2,TRUE,B,77.1,FALSE,1.0
504293,10770,4,10,2,FALSE,F,57.1,FALSE,0.98
504294,10771,4,8,1,TRUE,A,95.4,FALSE,0.71
504295,10771,1,8,1,FALSE,F,50.5,FALSE,0.65
504296,10771,10,9,1,TRUE,A,82.4,FALSE,0.69
504297,10771,13,9,1,TRUE,B,79.8,FALSE,0.77
504298,10771,6,10,1,TRUE,B,76.8,FALSE,0.82
504299,10771,2,10,1,FALSE,D,70.8,FALSE,0.59
504300,10771,12,11,1,TRUE,B,96.8,FALSE,0.92
504301,10771,8,11,1,,,,FALSE,0.99
504302,10772,12,7,5,TRUE,B,97.1,FALSE,0.75
504303,10772,11,7,5,TRUE,C,84.1,FALSE,0.65
504304,10772,10,8,5,TRUE,B,98.5,FALSE,0.85
504305,10772,9,8,5,TRUE,A,94.2,FALSE,0.76
504306,10773,10,7,1,TRUE,C,86.3,FALSE,0.93
504307,10773,2,7,1,TRUE,C,83.7,FALSE,0.75
504308,10773,9,8,1,TRUE,B,93.4,FALSE,0.76
504309,10773,8,8,1,TRUE,B,91.4,FALSE,0.86
504310,10773,13,9,1,FALSE,D,73.5,FALSE,0.64
504311,10773,11,9,1,TRUE,B,92.5,FALSE,0.55
504312,10774,2,6,2,TRUE,A,89.5,FALSE,0.97
504313,10774,3,6,2,TRUE,B,98.7,FALSE,0.94
504314,10774,1,7,2,TRUE,B,94.9,FALSE,0.92
504315,10774,11,7,2,TRUE,B,97.0,FALSE,0.67
504316,10774,8,8,2,TRUE,B,76.2,FALSE,0.64
504317,10774,5,8,2,TRUE,C,95.2,FALSE,0.74
504318,10774,4,9,2,TRUE,B,96.0,FALSE,0.73
504319,10774,6,9,2,TRUE,B,81.3,FALSE,0.78
504320,10774,7,10,2,TRUE,B,84.3,FALSE,0.67
504321,10774,12,10,2,TRUE,B,81.4,FALSE,0.89
504322,10775,10,2,6,TRUE,B,96.8,FALSE,0.84
504323,10775,14,2,6,TRUE,A,78.1,FALSE,0.9
504324,10775,15,3,6,TRUE,B,86.9,FALSE,0.84
504325,10775,16,3,6,TRUE,C,81.5,FALSE,0.79
504326,10776,2,2,2,TRUE,B,83.4,FALSE,0.94
504327,10776,8,2,2,FALSE,F,73.6,FALSE,0.72
504328,10776,1,3,2,TRUE,B,79.8,FALSE,0.72
504329,10776,12,3,2,TRUE,C,79.5,FALSE,0.82
504330,10776,3,4,2,TRUE,B,89.4,FALSE,0.99
504331,10776,5,4,2,TRUE,B,91.7,FALSE,0.92
504332,10776,11,5,2,FALSE,F,53.8,FALSE,0.57
504333,10776,4,5,2,TRUE,B,81.6,FALSE,0.55
504334,10777,10,9,5,TRUE,A,75.7,FALSE,0.57
504335,10777,11,9,5,TRUE,B,78.4,FALSE,0.78
504336,10777,9,10,5,TRUE,B,85.8,FALSE,0.74
504337,10777,12,10,5,TRUE,B,82.0,FALSE,0.76
504338,10778,3,6,1,FALSE,F,63.7,FALSE,0.87
504339,10778,13,6,1,TRUE,A,81.8,FALSE,0.57
504340,10778,8,6,1,FALSE,D,52.7,FALSE,0.75
504341,10778,4,7,1,TRUE,C,87.8,FALSE,0.94
504342,10778,6,7,1,TRUE,B,84.4,FALSE,0.67
504343,10778,9,7,1,TRUE,C,86.4,FALSE,0.76
504344,10778,2,8,1,TRUE,A,98.9,FALSE,0.74
504345,10778,1,8,1,TRUE,B,80.2,FALSE,0.75
504346,10778,10,8,1,TRUE,B,81.5,FALSE,0.79
504347,10779,16,5,4,TRUE,C,93.4,FALSE,0.63
504348,10779,14,5,4,FALSE,F,68.1,FALSE,0.88
504349,10779,8,5,4,TRUE,B,86.3,FALSE,0.89
504350,10779,15,6,4,FALSE,F,50.2,FALSE,0.97
504351,10780,6,1,1,TRUE,B,90.5,FALSE,0.98
504352,10780,12,1,1,TRUE,C,77.5,FALSE,0.98
504353,10780,8,1,1,TRUE,B,81.0,FALSE,0.97
504354,10780,13,2,1,TRUE,C,83.0,FALSE,0.78
504355,10780,9,2,1,TRUE,A,86.7,FALSE,0.89
504356,10780,1,2,1,TRUE,C,93.1,FALSE,0.71
504357,10780,5,3,1,TRUE,B,94.6,FALSE,0.57
504358,10780,11,3,1,FALSE,F,60.0,FALSE,0.89
504359,10780,2,3,1,TRUE,B,82.2,FALSE,0.88
504360,10781,11,3,1,TRUE,B,95.8,FALSE,0.83
504361,10781,8,3,1,TRUE,B,87.3,FALSE,0.55
504362,10781,13,3,1,FALSE,F,59.9,FALSE,0.91
504363,10781,3,4,1,TRUE,B,94.3,FALSE,0.66
504364,10781,7,4,1,TRUE,C,85.3,FALSE,0.78
504365,10781,2,4,1,TRUE,B,87.1,FALSE,0.98
504366,10781,10,5,1,TRUE,B,96.3,FALSE,0.8
504367,10781,6,5,1,TRUE,C,82.6,FALSE,0.81
504368,10781,5,5,1,FALSE,F,74.3,FALSE,0.76
504369,10781,12,6,1,TRUE,C,85.5,FALSE,0.92
504370,10781,1,6,1,TRUE,A,89.9,FALSE,0.61
504371,10781,4,6,1,TRUE,C,80.0,FALSE,0.57
504372,10781,9,7,1,TRUE,C,97.7,FALSE,0.83
504373,10782,16,3,3,FALSE,F,63.9,FALSE,0.96
504374,10782,14,3,3,TRUE,B,98.1,FALSE,0.67
504375,10782,15,4,3,FALSE,D,54.5,FALSE,0.82
504376,10783,7,3,1,TRUE,B,90.1,FALSE,0.65
504377,10783,8,3,1,TRUE,A,97.1,FALSE,0.56
504378,10783,9,3,1,TRUE,B,76.9,FALSE,0.61
504379,10783,13,4,1,FALSE,D,74.3,FALSE,0.97
504380,10783,12,4,1,FALSE,D,72.0,FALSE,0.79
504381,10783,4,4,1,FALSE,F,66.3,FALSE,0.96
504382,10784,16,3,3,TRUE,A,92.0,FALSE,0.96
504383,10784,15,3,3,TRUE,B,93.2,FALSE,0.82
504384,10784,14,3,3,TRUE,B,89.1,FALSE,0.97
504385,10785,14,3,4,TRUE,A,80.7,FALSE,0.72
504386,10785,16,3,4,TRUE,A,78.8,FALSE,0.94
504387,10785,8,3,4,TRUE,A,87.4,FALSE,0.75
504388,10785,15,4,4,TRUE,B,78.2,FALSE,0.94
504389,10786,8,2,4,TRUE,B,83.8,FALSE,0.86
504390,10786,15,2,4,TRUE,C,93.8,FALSE,0.88
504391,10786,16,3,4,TRUE,A,83.1,FALSE,0.66
504392,10786,14,3,4,TRUE,B,78.0,FALSE,0.88
504393,10787,14,9,6,TRUE,C,84.3,FALSE,0.91
504394,10787,10,9,6,FALSE,D,66.7,FALSE,0.78
504395,10787,15,10,6,TRUE,C,92.7,FALSE,0.93
504396,10787,16,10,6,TRUE,A,87.3,FALSE,0.84
504397,10788,4,7,2,TRUE,B,83.3,FALSE,0.82
504398,10788,8,7,2,TRUE,B,97.4,FALSE,0.94
504399,10788,6,8,2,TRUE,A,76.9,FALSE,0.78
504400,10788,11,8,2,TRUE,B,90.9,FALSE,0.75
504401,10788,3,9,2,TRUE,B,85.7,FALSE,0.83
504402,10788,2,9,2,TRUE,B,81.5,FALSE,0.94
504403,10788,1,10,2,TRUE,A,96.1,FALSE,0.61
504404,10788,12,10,2,TRUE,B,78.6,FALSE,0.88
504405,10788,7,11,2,,,,FALSE,0.83
504406,10788,5,11,2,,,,FALSE,0.7
504407,10789,14,1,6,TRUE,C,88.7,FALSE,0.74
504408,10789,15,1,6,TRUE,A,97.1,FALSE,0.75
504409,10789,10,2,6,TRUE,B,91.3,FALSE,0.9
504410,10789,16,2,6,TRUE,A,86.7,FALSE,0.7
504411,10790,15,5,3,TRUE,B,97.3,FALSE,0.74
504412,10790,14,5,3,TRUE,A,92.6,FALSE,0.72
504413,10790,16,6,3,TRUE,A,78.7,FALSE,0.77
504414,10791,11,4,2,TRUE,C,96.8,FALSE,0.92
504415,10791,4,4,2,FALSE,D,55.5,FALSE,0.7
504416,10791,12,5,2,TRUE,B,82.0,FALSE,0.83
504417,10791,5,5,2,TRUE,B,94.9,FALSE,0.91
504418,10791,3,6,2,TRUE,B,85.2,FALSE,0.98
504419,10791,1,6,2,TRUE,C,79.9,FALSE,0.77
504420,10792,16,6,6,TRUE,A,89.7,FALSE,0.69
504421,10792,14,6,6,TRUE,A,88.9,FALSE,0.78
504422,10792,15,6,6,TRUE,A,76.2,FALSE,0.59
504423,10792,10,7,6,TRUE,C,96.9,FALSE,0.76
504424,10793,8,8,2,TRUE,A,84.2,FALSE,0.9
504425,10793,1,8,2,TRUE,A,98.2,FALSE,0.85
504426,10793,11,8,2,TRUE,B,87.6,FALSE,0.99
504427,10793,4,9,2,TRUE,A,90.5,FALSE,0.99
504428,10793,5,9,2,FALSE,F,57.8,FALSE,0.82
504429,10793,7,9,2,FALSE,F,57.8,FALSE,0.63
504430,10794,9,4,1,TRUE,A,76.0,FALSE,0.85
504431,10794,8,4,1,TRUE,C,88.0,FALSE,0.75
504432,10794,13,4,1,FALSE,F,65.3,FALSE,0.8
504433,10794,11,5,1,TRUE,B,87.7,FALSE,0.98
504434,10794,2,5,1,TRUE,B,77.4,FALSE,0.9
504435,10794,12,5,1,TRUE,B,81.0,FALSE,0.95
504436,10795,12,3,1,TRUE,B,85.4,FALSE,0.68
504437,10795,7,3,1,TRUE,B,84.9,FALSE,0.93
504438,10795,10,4,1,TRUE,A,90.6,FALSE,0.89
504439,10795,2,4,1,TRUE,B,93.3,FALSE,0.92
504440,10795,11,5,1,TRUE,C,85.6,FALSE,0.7
504441,10795,6,5,1,TRUE,B,91.6,FALSE,0.75
504442,10795,8,6,1,TRUE,B,81.5,FALSE,0.63
504443,10795,5,6,1,TRUE,A,85.7,FALSE,0.69
504444,10795,4,7,1,TRUE,B,84.2,FALSE,0.65
504445,10795,9,7,1,TRUE,B,89.8,FALSE,0.66
504446,10795,1,8,1,TRUE,B,82.9,FALSE,0.73
504447,10795,3,8,1,TRUE,B,79.7,FALSE,0.55
504448,10796,14,8,6,TRUE,B,95.3,FALSE,0.91
504449,10796,10,8,6,TRUE,B,97.9,FALSE,0.73
504450,10796,16,9,6,TRUE,A,94.4,FALSE,0.98
504451,10796,15,9,6,TRUE,A,98.7,FALSE,0.93
504452,10797,12,5,5,TRUE,A,86.8,FALSE,0.96
504453,10797,11,5,5,TRUE,B,80.0,FALSE,0.87
504454,10797,9,5,5,TRUE,B,76.3,FALSE,0.85
504455,10797,10,6,5,TRUE,B,87.4,FALSE,0.96
504456,10798,12,3,5,TRUE,B,93.9,FALSE,0.81
504457,10798,9,3,5,TRUE,B,96.9,FALSE,0.85
504458,10799,2,3,2,TRUE,C,83.1,FALSE,0.61
504459,10799,1,3,2,TRUE,C,93.0,FALSE,0.74
504460,10799,3,3,2,TRUE,B,97.6,FALSE,0.65
504461,10800,15,2,4,FALSE,D,58.9,FALSE,0.98
504462,10800,16,2,4,TRUE,B,96.2,FALSE,0.63
504463,10800,14,3,4,FALSE,D,52.0,FALSE,0.75
504464,10800,8,3,4,TRUE,B,77.4,FALSE,0.61
504465,10801,5,1,1,FALSE,D,53.9,FALSE,0.57
504466,10801,13,1,1,FALSE,F,54.9,FALSE,0.96
504467,10801,9,1,1,TRUE,B,92.0,FALSE,0.94
504468,10801,3,2,1,TRUE,C,85.2,FALSE,1.0
504469,10801,1,2,1,TRUE,B,86.8,FALSE,0.86
504470,10801,7,2,1,FALSE,F,55.4,FALSE,0.64
504471,10801,8,3,1,TRUE,C,84.7,FALSE,0.91
504472,10801,12,3,1,TRUE,B,76.9,FALSE,0.57
504473,10801,11,3,1,TRUE,A,78.0,FALSE,0.79
504474,10801,10,4,1,TRUE,C,96.6,FALSE,0.9
504475,10801,2,4,1,TRUE,B,88.9,FALSE,0.71
504476,10801,6,4,1,TRUE,A,83.0,FALSE,0.76
504477,10801,4,5,1,TRUE,B,83.4,FALSE,0.74
504478,10802,11,1,5,TRUE,A,87.1,FALSE,0.57
504479,10802,12,1,5,TRUE,B,75.1,FALSE,0.77
504480,10802,10,2,5,TRUE,A,92.3,FALSE,0.65
504481,10802,9,2,5,TRUE,A,75.3,FALSE,0.95
504482,10803,16,2,4,TRUE,A,81.9,FALSE,0.92
504483,10803,8,2,4,FALSE,F,74.4,FALSE,0.98
504484,10803,14,2,4,TRUE,A,81.8,FALSE,0.82
504485,10803,15,3,4,TRUE,A,81.0,FALSE,0.63
504486,10804,14,6,6,TRUE,A,79.2,FALSE,0.73
504487,10804,16,6,6,TRUE,B,98.2,FALSE,0.78
504488,10804,15,6,6,TRUE,B,78.5,FALSE,0.7
504489,10804,10,7,6,TRUE,A,85.1,FALSE,0.95
504490,10805,9,6,5,FALSE,D,60.0,FALSE,0.6
504491,10805,11,6,5,FALSE,D,73.3,FALSE,0.8
504492,10805,12,6,5,FALSE,D,63.3,FALSE,0.76
504493,10805,10,7,5,TRUE,A,76.7,FALSE,0.59
504494,10806,13,7,1,TRUE,B,83.9,FALSE,0.68
504495,10806,1,7,1,TRUE,A,82.7,FALSE,0.94
504496,10806,6,7,1,TRUE,A,86.4,FALSE,0.95
504497,10807,8,2,2,TRUE,B,91.4,FALSE,0.89
504498,10807,3,2,2,TRUE,C,90.1,FALSE,0.7
504499,10807,6,2,2,TRUE,C,75.6,FALSE,0.57
504500,10807,7,3,2,FALSE,F,68.5,FALSE,0.7
504501,10807,11,3,2,TRUE,B,87.1,FALSE,0.59
504502,10807,1,3,2,TRUE,B,79.6,FALSE,0.9
504503,10807,2,4,2,TRUE,B,80.4,FALSE,0.64
504504,10807,4,4,2,TRUE,C,82.6,FALSE,0.9
504505,10807,5,4,2,TRUE,C,79.6,FALSE,0.94
504506,10808,8,4,4,TRUE,A,98.8,FALSE,0.75
504507,10808,15,4,4,TRUE,A,90.4,FALSE,0.59
504508,10809,16,8,6,FALSE,D,69.6,FALSE,0.87
504509,10809,15,8,6,TRUE,C,79.1,FALSE,0.93
504510,10809,14,8,6,TRUE,C,80.1,FALSE,0.92
504511,10809,10,9,6,TRUE,C,77.2,FALSE,0.93
504512,10810,8,7,4,TRUE,A,85.7,FALSE,0.71
504513,10810,14,7,4,TRUE,A,97.8,FALSE,0.99
504514,10810,15,8,4,TRUE,C,80.7,FALSE,0.58
504515,10810,16,8,4,TRUE,B,83.3,FALSE,0.95
504516,10811,11,9,5,TRUE,B,76.8,FALSE,0.65
504517,10811,12,9,5,TRUE,B,81.9,FALSE,0.56
504518,10811,10,9,5,TRUE,C,94.6,FALSE,0.68
504519,10811,9,10,5,TRUE,C,91.9,FALSE,0.68
504520,10812,7,1,2,TRUE,B,75.2,FALSE,0.73
504521,10812,8,1,2,TRUE,C,86.3,FALSE,0.69
504522,10812,1,1,2,TRUE,A,97.6,FALSE,0.75
504523,10812,4,2,2,TRUE,B,94.7,FALSE,0.56
504524,10812,11,2,2,TRUE,C,97.4,FALSE,0.85
504525,10812,2,2,2,TRUE,A,94.7,FALSE,0.6
504526,10812,5,3,2,TRUE,A,95.7,FALSE,0.88
504527,10812,12,3,2,FALSE,F,64.0,FALSE,0.75
504528,10812,3,3,2,FALSE,D,65.1,FALSE,0.93
504529,10812,6,4,2,FALSE,D,62.7,FALSE,0.57
504530,10813,11,3,1,TRUE,C,77.0,FALSE,0.81
504531,10813,10,3,1,TRUE,A,84.3,FALSE,0.95
504532,10813,2,4,1,TRUE,B,88.5,FALSE,0.84
504533,10813,13,4,1,TRUE,B,89.4,FALSE,0.69
504534,10813,5,5,1,FALSE,F,61.0,FALSE,0.84
504535,10813,6,5,1,TRUE,C,83.7,FALSE,0.91
504536,10813,9,6,1,TRUE,A,98.8,FALSE,0.62
504537,10813,1,6,1,TRUE,A,94.6,FALSE,0.99
504538,10814,12,2,5,TRUE,C,97.4,FALSE,0.76
504539,10814,9,2,5,TRUE,C,87.7,FALSE,0.82
504540,10814,10,2,5,TRUE,B,76.2,FALSE,0.6
504541,10814,11,3,5,TRUE,C,81.4,FALSE,0.79
504542,10815,11,7,2,TRUE,B,81.3,FALSE,0.97
504543,10815,12,7,2,TRUE,A,85.8,FALSE,0.72
504544,10815,3,7,2,TRUE,C,97.3,FALSE,0.86
504545,10815,2,8,2,TRUE,A,88.2,FALSE,0.79
504546,10815,7,8,2,TRUE,B,89.5,FALSE,0.76
504547,10815,1,8,2,TRUE,A,83.4,FALSE,0.93
504548,10815,5,9,2,TRUE,B,76.5,FALSE,0.95
504549,10815,6,9,2,TRUE,A,88.9,FALSE,0.72
504550,10815,4,9,2,TRUE,B,88.9,FALSE,0.74
504551,10815,8,10,2,TRUE,B,79.5,FALSE,0.66
504552,10816,15,4,6,TRUE,A,86.5,FALSE,0.57
504553,10816,16,4,6,TRUE,B,87.7,FALSE,0.91
504554,10816,10,4,6,TRUE,A,86.5,FALSE,0.66
504555,10816,14,5,6,TRUE,C,79.3,FALSE,0.63
504556,10817,2,7,1,TRUE,C,89.2,FALSE,0.82
504557,10817,7,7,1,TRUE,B,83.8,FALSE,0.65
504558,10817,6,8,1,TRUE,A,94.2,FALSE,0.81
504559,10817,1,8,1,TRUE,B,90.5,FALSE,0.74
504560,10817,12,9,1,TRUE,A,75.2,FALSE,0.81
504561,10817,4,9,1,TRUE,B,92.3,FALSE,0.72
504562,10817,13,10,1,TRUE,B,90.6,FALSE,0.7
504563,10817,8,10,1,TRUE,C,90.8,FALSE,0.77
504564,10817,9,11,1,,,,FALSE,0.58
504565,10817,5,11,1,,,,FALSE,0.69
504566,10818,16,3,3,TRUE,C,76.8,FALSE,0.7
504567,10818,14,3,3,TRUE,A,95.6,FALSE,0.95
504568,10818,15,4,3,TRUE,B,76.2,FALSE,0.78
504569,10819,1,8,1,TRUE,B,77.4,FALSE,0.72
504570,10819,5,8,1,TRUE,A,86.1,FALSE,0.91
504571,10819,11,9,1,TRUE,B,82.8,FALSE,0.81
504572,10819,2,9,1,TRUE,B,93.6,FALSE,0.84
504573,10820,12,8,5,TRUE,B,76.6,FALSE,0.62
504574,10820,9,8,5,TRUE,B,93.0,FALSE,0.67
504575,10821,14,1,6,TRUE,A,97.1,FALSE,0.6
504576,10821,16,1,6,TRUE,B,76.7,FALSE,0.94
504577,10821,10,1,6,TRUE,B,89.7,FALSE,0.84
504578,10821,15,2,6,TRUE,C,78.7,FALSE,0.81
504579,10822,9,6,5,TRUE,C,94.1,FALSE,0.58
504580,10822,12,6,5,FALSE,F,66.9,FALSE,0.93
504581,10822,10,6,5,TRUE,A,83.9,FALSE,0.84
504582,10822,11,7,5,TRUE,B,95.1,FALSE,0.93
504583,10823,16,6,6,TRUE,B,83.0,FALSE,0.68
504584,10823,14,6,6,TRUE,A,75.1,FALSE,0.98
504585,10823,10,7,6,TRUE,B,83.2,FALSE,0.91
504586,10823,15,7,6,TRUE,A,91.7,FALSE,0.85
504587,10824,14,5,3,TRUE,B,95.6,FALSE,0.66
504588,10824,15,5,3,TRUE,B,81.6,FALSE,0.96
504589,10825,2,1,1,TRUE,A,98.6,FALSE,0.75
504590,10825,3,1,1,TRUE,B,83.6,FALSE,0.64
504591,10825,12,2,1,FALSE,F,54.9,FALSE,0.88
504592,10825,4,2,1,FALSE,D,52.5,FALSE,0.83
504593,10825,9,3,1,TRUE,B,84.6,FALSE,0.78
504594,10825,7,3,1,TRUE,B,83.1,FALSE,0.85
504595,10825,11,4,1,FALSE,D,67.3,FALSE,0.67
504596,10825,1,4,1,TRUE,B,91.2,FALSE,0.73
504597,10825,8,5,1,TRUE,B,75.3,FALSE,0.7
504598,10825,5,5,1,TRUE,A,94.2,FALSE,0.7
504599,10826,14,8,3,TRUE,A,90.5,FALSE,0.85
504600,10826,16,8,3,TRUE,B,88.2,FALSE,0.58
504601,10826,15,8,3,TRUE,B,92.7,FALSE,0.82
504602,10827,7,9,1,FALSE,F,48.2,FALSE,0.65
504603,10827,1,9,1,TRUE,C,83.7,FALSE,0.73
504604,10827,4,10,1,TRUE,A,79.5,FALSE,0.68
504605,10827,13,10,1,FALSE,F,56.5,FALSE,0.96
504606,10827,6,11,1,TRUE,B,75.7,FALSE,0.69
504607,10827,8,11,1,,,,FALSE,0.84
504608,10828,14,6,4,TRUE,A,82.1,FALSE,0.86
504609,10828,8,6,4,TRUE,B,79.5,FALSE,0.61
504610,10828,15,6,4,TRUE,C,86.0,FALSE,0.7
504611,10828,16,7,4,TRUE,B,77.4,FALSE,0.69
504612,10829,8,4,2,FALSE,F,56.3,FALSE,0.65
504613,10829,3,4,2,TRUE,B,94.9,FALSE,0.9
504614,10829,4,5,2,TRUE,A,80.7,FALSE,0.79
504615,10829,12,5,2,TRUE,C,98.3,FALSE,0.61
504616,10830,8,8,1,TRUE,B,95.0,FALSE,0.62
504617,10830,9,8,1,TRUE,A,85.6,FALSE,0.92
504618,10830,6,8,1,TRUE,A,75.7,FALSE,0.83
504619,10830,11,9,1,TRUE,C,90.6,FALSE,0.97
504620,10830,2,9,1,TRUE,B,93.0,FALSE,0.84
504621,10830,1,9,1,TRUE,B,85.2,FALSE,0.96
504622,10830,4,10,1,TRUE,C,98.3,FALSE,0.94
504623,10830,10,10,1,TRUE,A,86.7,FALSE,0.58
504624,10830,3,10,1,TRUE,B,83.1,FALSE,0.93
504625,10831,15,4,6,TRUE,B,96.2,FALSE,0.93
504626,10831,16,4,6,FALSE,D,65.8,FALSE,0.98
504627,10831,10,4,6,TRUE,A,94.2,FALSE,0.71
504628,10831,14,5,6,TRUE,A,83.3,FALSE,0.75
504629,10832,5,8,1,TRUE,B,77.5,FALSE,0.63
504630,10832,1,8,1,TRUE,B,88.8,FALSE,0.84
504631,10832,6,8,1,TRUE,B,90.0,FALSE,0.8
504632,10832,8,9,1,TRUE,C,75.5,FALSE,0.96
504633,10832,2,9,1,TRUE,A,90.6,FALSE,0.71
504634,10832,7,9,1,TRUE,A,93.6,FALSE,0.59
504635,10833,14,3,3,TRUE,C,94.7,FALSE,0.74
504636,10833,15,3,3,TRUE,A,79.5,FALSE,0.84
504637,10833,16,3,3,TRUE,B,82.5,FALSE,0.87
504638,10834,5,4,2,TRUE,B,88.2,FALSE,0.8
504639,10834,3,4,2,TRUE,B,89.6,FALSE,0.64
504640,10834,2,4,2,TRUE,B,84.1,FALSE,0.87
504641,10835,15,4,4,TRUE,B,75.3,FALSE,0.96
504642,10835,16,4,4,TRUE,B,89.7,FALSE,0.8
504643,10835,14,4,4,TRUE,A,81.7,FALSE,0.62
504644,10835,8,5,4,TRUE,A,83.0,FALSE,0.64
504645,10836,12,7,5,TRUE,B,76.6,FALSE,0.59
504646,10836,9,7,5,TRUE,B,90.8,FALSE,0.6
504647,10836,11,7,5,TRUE,A,97.2,FALSE,0.56
504648,10836,10,8,5,TRUE,A,82.4,FALSE,0.85
504649,10837,6,2,2,FALSE,F,54.3,FALSE,0.61
504650,10837,11,2,2,TRUE,C,85.1,FALSE,0.77
504651,10837,2,2,2,TRUE,A,94.4,FALSE,1.0
504652,10837,1,3,2,TRUE,C,97.9,FALSE,0.63
504653,10837,5,3,2,TRUE,A,88.1,FALSE,0.78
504654,10837,3,3,2,TRUE,B,96.3,FALSE,0.92
504655,10837,8,4,2,TRUE,A,88.7,FALSE,0.71
504656,10837,12,4,2,TRUE,C,91.2,FALSE,0.86
504657,10837,4,4,2,TRUE,A,96.1,FALSE,0.58
504658,10838,7,4,2,TRUE,A,95.2,FALSE,0.66
504659,10838,12,4,2,TRUE,B,96.5,FALSE,0.78
504660,10838,1,4,2,TRUE,B,80.8,FALSE,0.88
504661,10839,3,8,1,TRUE,A,83.9,FALSE,0.85
504662,10839,2,8,1,TRUE,B,78.1,FALSE,0.62
504663,10839,8,9,1,TRUE,B,81.1,FALSE,0.59
504664,10839,13,9,1,FALSE,D,61.7,FALSE,0.58
504665,10839,9,10,1,TRUE,B,86.3,FALSE,0.84
504666,10839,11,10,1,TRUE,A,79.4,FALSE,0.68
504667,10840,7,7,1,TRUE,B,79.9,FALSE,0.61
504668,10840,5,7,1,FALSE,F,57.5,FALSE,0.91
504669,10840,9,7,1,TRUE,A,84.5,FALSE,0.56
504670,10840,6,8,1,TRUE,A,79.8,FALSE,0.7
504671,10840,2,8,1,TRUE,B,92.9,FALSE,0.69
504672,10840,11,8,1,FALSE,F,60.5,FALSE,0.86
504673,10840,12,9,1,FALSE,D,54.1,FALSE,0.74
504674,10840,3,9,1,TRUE,A,91.6,FALSE,0.85
504675,10840,4,9,1,TRUE,A,94.1,FALSE,0.87
504676,10841,1,6,1,TRUE,A,83.9,FALSE,0.65
504677,10841,3,6,1,TRUE,A,90.8,FALSE,0.91
504678,10841,2,6,1,TRUE,B,77.0,FALSE,0.65
504679,10841,7,7,1,TRUE,A,90.3,FALSE,0.57
504680,10841,4,7,1,TRUE,B,80.4,FALSE,0.71
504681,10841,5,7,1,TRUE,C,82.7,FALSE,0.78
504682,10841,6,8,1,TRUE,A,94.4,FALSE,0.84
504683,10841,8,8,1,TRUE,A,94.9,FALSE,0.68
504684,10841,11,8,1,TRUE,A,96.6,FALSE,0.77
504685,10841,12,9,1,TRUE,B,90.8,FALSE,0.88
504686,10841,9,9,1,FALSE,F,64.5,FALSE,0.71
504687,10841,10,9,1,TRUE,B,82.7,FALSE,0.83
504688,10841,13,10,1,TRUE,B,77.5,FALSE,0.84
504689,10842,13,6,1,FALSE,D,62.9,FALSE,0.56
504690,10842,8,6,1,TRUE,B,87.4,FALSE,0.95
504691,10842,9,6,1,FALSE,D,73.8,FALSE,0.98
504692,10842,2,7,1,FALSE,D,57.4,FALSE,0.8
504693,10842,5,7,1,TRUE,B,76.3,FALSE,0.71
504694,10842,12,7,1,TRUE,A,92.3,FALSE,0.85
504695,10842,10,8,1,TRUE,A,97.5,FALSE,0.75
504696,10842,6,8,1,TRUE,B,87.4,FALSE,0.85
504697,10842,1,8,1,TRUE,B,91.8,FALSE,0.94
504698,10842,3,9,1,TRUE,A,94.3,FALSE,0.84
504699,10842,7,9,1,TRUE,A,78.3,FALSE,0.89
504700,10842,11,9,1,FALSE,F,49.0,FALSE,0.86
504701,10843,2,1,2,TRUE,B,77.5,FALSE,0.72
504702,10843,6,1,2,TRUE,B,91.6,FALSE,0.59
504703,10843,8,1,2,TRUE,B,97.9,FALSE,0.8
504704,10843,4,2,2,TRUE,B,77.0,FALSE,0.67
504705,10843,3,2,2,TRUE,A,98.0,FALSE,0.9
504706,10843,11,2,2,TRUE,B,97.7,FALSE,0.58
504707,10844,14,3,4,FALSE,F,69.3,FALSE,0.78
504708,10844,15,3,4,TRUE,A,75.3,FALSE,0.62
504709,10844,8,4,4,TRUE,B,76.1,FALSE,0.85
504710,10844,16,4,4,TRUE,B,93.1,FALSE,0.66
504711,10845,14,4,4,TRUE,B,89.7,FALSE,0.85
504712,10845,8,4,4,TRUE,C,94.5,FALSE,0.58
504713,10845,15,5,4,TRUE,B,93.6,FALSE,0.91
504714,10845,16,5,4,TRUE,B,98.6,FALSE,0.75
504715,10846,1,7,2,TRUE,A,87.7,FALSE,0.97
504716,10846,7,7,2,TRUE,B,76.4,FALSE,0.74
504717,10847,6,2,2,TRUE,A,93.9,FALSE,0.76
504718,10847,7,2,2,TRUE,B,96.5,FALSE,0.58
504719,10847,11,3,2,TRUE,B,80.8,FALSE,0.67
504720,10847,12,3,2,TRUE,B,78.7,FALSE,0.91
504721,10847,8,4,2,TRUE,C,75.7,FALSE,0.7
504722,10847,1,4,2,TRUE,C,82.6,FALSE,0.85
504723,10848,8,2,2,TRUE,A,97.1,FALSE,0.84
504724,10848,12,2,2,FALSE,F,48.3,FALSE,0.66
504725,10848,5,2,2,TRUE,A,89.0,FALSE,0.9
504726,10849,7,2,1,TRUE,B,94.6,FALSE,0.67
504727,10849,1,2,1,TRUE,A,93.6,FALSE,0.61
504728,10849,11,3,1,TRUE,B,98.1,FALSE,0.85
504729,10849,8,3,1,TRUE,B,92.2,FALSE,0.67
504730,10849,4,4,1,FALSE,F,68.9,FALSE,0.79
504731,10849,13,4,1,TRUE,A,82.9,FALSE,0.75
504732,10849,10,5,1,TRUE,B,96.1,FALSE,0.99
504733,10849,9,5,1,TRUE,C,78.1,FALSE,0.83
504734,10849,5,6,1,FALSE,D,50.8,FALSE,0.99
504735,10849,2,6,1,TRUE,A,79.6,FALSE,0.71
504736,10849,12,7,1,TRUE,B,80.5,FALSE,0.78
504737,10849,3,7,1,TRUE,C,97.8,FALSE,0.97
504738,10850,5,1,1,TRUE,C,77.1,FALSE,0.95
504739,10850,2,1,1,TRUE,A,85.8,FALSE,0.71
504740,10850,13,2,1,TRUE,A,94.7,FALSE,0.71
504741,10850,7,2,1,TRUE,B,91.8,FALSE,0.77
504742,10850,4,3,1,TRUE,B,93.7,FALSE,0.8
504743,10850,8,3,1,TRUE,A,89.1,FALSE,0.69
504744,10850,12,4,1,TRUE,B,76.3,FALSE,0.55
504745,10850,1,4,1,TRUE,A,96.0,FALSE,0.73
504746,10850,10,5,1,TRUE,C,78.0,FALSE,0.85
504747,10850,9,5,1,TRUE,A,83.8,FALSE,0.77
504748,10850,3,6,1,TRUE,B,93.8,FALSE,0.71
504749,10850,11,6,1,TRUE,B,82.0,FALSE,0.56
504750,10851,6,1,2,TRUE,A,83.5,FALSE,0.82
504751,10851,8,1,2,FALSE,F,67.9,FALSE,0.81
504752,10851,5,2,2,TRUE,A,95.5,FALSE,0.61
504753,10851,4,2,2,TRUE,A,81.1,FALSE,0.75
504754,10851,7,3,2,TRUE,B,97.9,FALSE,0.85
504755,10851,11,3,2,TRUE,B,77.5,FALSE,0.68
504756,10852,9,6,1,TRUE,B,86.0,FALSE,0.71
504757,10852,5,6,1,TRUE,A,80.8,FALSE,0.9
504758,10852,6,7,1,TRUE,B,96.8,FALSE,0.74
504759,10852,12,7,1,TRUE,B,97.2,FALSE,0.82
504760,10852,13,8,1,TRUE,B,83.5,FALSE,0.71
504761,10852,10,8,1,TRUE,A,87.2,FALSE,0.63
504762,10853,15,5,3,FALSE,D,66.7,FALSE,0.86
504763,10853,14,5,3,TRUE,B,94.2,FALSE,0.88
504764,10853,16,6,3,TRUE,A,78.2,FALSE,0.97
504765,10854,15,1,4,TRUE,C,80.0,FALSE,0.96
504766,10854,8,1,4,TRUE,B,77.5,FALSE,0.96
504767,10854,14,1,4,TRUE,C,75.7,FALSE,0.67
504768,10854,16,2,4,FALSE,D,67.2,FALSE,0.7
504769,10855,10,3,1,TRUE,A,92.0,FALSE,0.79
504770,10855,8,3,1,TRUE,C,75.9,FALSE,0.68
504771,10855,4,3,1,TRUE,A,89.1,FALSE,0.91
504772,10856,13,6,1,TRUE,A,80.2,FALSE,0.92
504773,10856,1,6,1,TRUE,C,86.0,FALSE,0.9
504774,10856,6,6,1,TRUE,A,87.5,FALSE,0.82
504775,10856,5,7,1,TRUE,A,88.9,FALSE,0.92
504776,10856,2,7,1,TRUE,A,76.0,FALSE,0.72
504777,10856,11,7,1,TRUE,A,93.2,FALSE,0.67
504778,10856,4,8,1,TRUE,C,90.0,FALSE,0.78
504779,10856,10,8,1,TRUE,B,88.7,FALSE,0.99
504780,10856,7,8,1,TRUE,B,83.2,FALSE,0.58
504781,10857,8,6,4,TRUE,A,83.5,FALSE,0.8
504782,10857,14,6,4,TRUE,B,76.6,FALSE,0.65
504783,10857,15,6,4,TRUE,B,88.6,FALSE,0.57
504784,10858,3,1,1,TRUE,A,87.4,FALSE,0.95
504785,10858,6,1,1,TRUE,B,91.4,FALSE,0.85
504786,10859,2,9,1,TRUE,C,75.7,FALSE,0.83
504787,10859,7,9,1,TRUE,A,78.8,FALSE,0.79
504788,10859,8,10,1,TRUE,B,98.4,FALSE,0.63
504789,10859,13,10,1,TRUE,B,90.4,FALSE,0.81
504790,10859,12,11,1,,,,FALSE,0.92
504791,10859,5,11,1,TRUE,B,96.4,FALSE,0.87
504792,10860,10,3,6,TRUE,A,89.9,FALSE,0.63
504793,10860,15,3,6,FALSE,F,72.7,FALSE,0.91
504794,10860,14,4,6,TRUE,B,96.3,FALSE,0.97
504795,10860,16,4,6,TRUE,C,75.3,FALSE,0.68
504796,10861,8,1,4,TRUE,B,88.1,FALSE,0.84
504797,10861,16,1,4,TRUE,B,93.8,FALSE,0.7
504798,10861,14,1,4,TRUE,A,97.8,FALSE,0.81
504799,10861,15,2,4,TRUE,B,77.3,FALSE,0.57
504800,10862,10,8,5,TRUE,B,82.0,FALSE,0.61
504801,10862,11,8,5,TRUE,B,85.3,FALSE,0.6
504802,10862,9,8,5,TRUE,C,81.9,FALSE,0.61
504803,10862,12,9,5,TRUE,A,98.2,FALSE,0.84
504804,10863,3,5,1,TRUE,B,79.8,FALSE,0.96
504805,10863,12,5,1,FALSE,D,68.7,FALSE,0.75
504806,10863,8,5,1,TRUE,C,85.6,FALSE,0.8
504807,10863,9,6,1,TRUE,B,85.1,FALSE,0.88
504808,10863,4,6,1,TRUE,B,91.7,FALSE,0.79
504809,10863,10,6,1,TRUE,A,89.9,FALSE,0.57
504810,10863,2,7,1,TRUE,B,97.5,FALSE,0.84
504811,10863,7,7,1,TRUE,A,82.0,FALSE,0.78
504812,10863,13,7,1,TRUE,B,90.7,FALSE,0.79
504813,10864,3,8,2,TRUE,C,81.4,FALSE,0.85
504814,10864,5,8,2,TRUE,B,78.5,FALSE,0.99
504815,10865,15,7,4,TRUE,B,82.0,FALSE,0.83
504816,10865,14,7,4,TRUE,B,83.3,FALSE,0.93
504817,10865,16,8,4,TRUE,A,93.9,FALSE,0.99
504818,10865,8,8,4,TRUE,A,96.7,FALSE,0.89
504819,10866,10,9,6,TRUE,B,98.1,FALSE,0.6
504820,10866,14,9,6,TRUE,A,96.4,FALSE,1.0
504821,10866,16,10,6,TRUE,A,81.0,FALSE,0.8
504822,10866,15,10,6,TRUE,B,90.8,FALSE,0.71
504823,10867,7,7,1,TRUE,A,92.4,FALSE,0.94
504824,10867,11,7,1,TRUE,B,86.8,FALSE,0.65
504825,10867,1,7,1,TRUE,A,76.1,FALSE,0.56
504826,10867,8,8,1,TRUE,A,81.4,FALSE,0.92
504827,10867,13,8,1,TRUE,A,90.7,FALSE,0.81
504828,10867,9,8,1,TRUE,B,92.6,FALSE,0.67
504829,10867,12,9,1,TRUE,B,89.4,FALSE,0.94
504830,10867,5,9,1,TRUE,A,94.6,FALSE,0.88
504831,10867,3,9,1,TRUE,A,85.2,FALSE,0.77
504832,10867,4,10,1,TRUE,B,77.4,FALSE,0.9
504833,10867,6,10,1,TRUE,A,85.7,FALSE,0.9
504834,10867,2,10,1,TRUE,C,76.9,FALSE,0.77
504835,10867,10,11,1,TRUE,B,79.7,FALSE,0.75
504836,10868,5,9,1,TRUE,B,92.7,FALSE,0.99
504837,10868,10,9,1,TRUE,A,85.5,FALSE,0.79
504838,10868,6,10,1,TRUE,B,87.9,FALSE,0.69
504839,10868,3,10,1,TRUE,B,86.7,FALSE,0.95
504840,10868,1,11,1,,,,FALSE,0.82
504841,10868,2,11,1,,,,FALSE,0.67
504842,10869,15,5,3,TRUE,C,78.3,FALSE,0.65
504843,10869,14,5,3,TRUE,B,95.0,FALSE,0.95
504844,10869,16,5,3,TRUE,B,78.8,FALSE,0.8
504845,10870,11,5,5,TRUE,A,80.1,FALSE,0.85
504846,10870,10,5,5,FALSE,D,67.0,FALSE,0.97
504847,10870,12,6,5,TRUE,B,85.9,FALSE,0.58
504848,10870,9,6,5,TRUE,A,91.0,FALSE,0.88
504849,10871,14,4,4,FALSE,F,56.3,FALSE,0.81
504850,10871,15,4,4,TRUE,C,84.6,FALSE,0.69
504851,10871,16,5,4,TRUE,C,84.6,FALSE,0.98
504852,10871,8,5,4,TRUE,B,84.6,FALSE,0.92
504853,10872,9,8,5,TRUE,B,84.5,FALSE,0.71
504854,10872,11,8,5,FALSE,D,65.7,FALSE,0.93
504855,10872,10,9,5,TRUE,B,85.5,FALSE,0.95
504856,10872,12,9,5,TRUE,B,76.7,FALSE,0.58
504857,10873,10,4,5,TRUE,A,86.7,FALSE,0.76
504858,10873,9,4,5,TRUE,A,81.6,FALSE,0.55
504859,10873,11,4,5,FALSE,D,66.5,FALSE,0.86
504860,10873,12,5,5,TRUE,B,89.6,FALSE,0.92
504861,10874,5,8,2,FALSE,D,59.0,FALSE,0.64
504862,10874,2,8,2,FALSE,F,52.3,FALSE,0.67
504863,10874,11,8,2,FALSE,F,50.3,FALSE,1.0
504864,10874,1,9,2,TRUE,A,80.7,FALSE,0.95
504865,10874,3,9,2,FALSE,D,51.0,FALSE,0.85
504866,10874,6,9,2,TRUE,B,81.0,FALSE,0.7
504867,10874,12,10,2,TRUE,A,82.7,FALSE,0.86
504868,10874,7,10,2,TRUE,A,88.7,FALSE,0.7
504869,10874,4,10,2,TRUE,B,84.9,FALSE,0.97
504870,10874,8,11,2,TRUE,B,87.6,FALSE,0.58
504871,10875,15,1,4,TRUE,A,92.1,FALSE,0.85
504872,10875,14,1,4,TRUE,B,98.3,FALSE,0.96
504873,10875,16,1,4,TRUE,C,96.0,FALSE,0.99
504874,10875,8,2,4,TRUE,B,88.0,FALSE,0.71
504875,10876,9,3,5,TRUE,A,87.8,FALSE,0.7
504876,10876,10,3,5,TRUE,C,96.7,FALSE,0.61
504877,10877,10,1,6,TRUE,B,85.2,FALSE,0.69
504878,10877,15,1,6,TRUE,A,91.9,FALSE,0.82
504879,10877,16,1,6,TRUE,B,96.2,FALSE,0.68
504880,10877,14,2,6,TRUE,A,95.6,FALSE,0.77
504881,10878,5,2,1,TRUE,C,89.9,FALSE,0.88
504882,10878,3,2,1,TRUE,A,95.1,FALSE,0.79
504883,10878,6,3,1,TRUE,A,78.8,FALSE,0.61
504884,10878,11,3,1,TRUE,A,83.8,FALSE,0.81
504885,10878,2,4,1,TRUE,C,96.6,FALSE,0.91
504886,10878,13,4,1,TRUE,C,82.3,FALSE,0.67
504887,10878,9,5,1,TRUE,A,78.6,FALSE,0.73
504888,10878,1,5,1,TRUE,A,80.2,FALSE,0.82
504889,10878,12,6,1,TRUE,B,83.5,FALSE,0.62
504890,10878,7,6,1,TRUE,A,78.2,FALSE,0.7
504891,10878,4,7,1,TRUE,B,77.2,FALSE,0.56
504892,10878,8,7,1,FALSE,D,61.1,FALSE,0.97
504893,10879,14,5,3,TRUE,A,96.5,FALSE,0.61
504894,10879,15,5,3,TRUE,B,82.1,FALSE,0.57
504895,10879,16,5,3,TRUE,C,75.3,FALSE,0.82
504896,10880,2,3,2,TRUE,A,82.3,FALSE,0.59
504897,10880,11,3,2,TRUE,B,75.3,FALSE,0.59
504898,10880,8,4,2,TRUE,B,80.7,FALSE,0.87
504899,10880,12,4,2,TRUE,B,97.3,FALSE,0.76
504900,10880,6,5,2,TRUE,B,86.7,FALSE,0.7
504901,10880,5,5,2,TRUE,A,76.6,FALSE,0.75
504902,10881,11,3,5,TRUE,B,97.2,FALSE,0.76
504903,10881,10,3,5,TRUE,B,96.8,FALSE,0.74
504904,10881,9,3,5,TRUE,B,91.4,FALSE,0.65
504905,10881,12,4,5,TRUE,A,92.9,FALSE,0.82
504906,10882,16,9,3,TRUE,A,78.3,FALSE,0.71
504907,10882,15,9,3,TRUE,B,77.4,FALSE,0.92
504908,10882,14,10,3,TRUE,A,81.0,FALSE,0.75
504909,10883,5,3,1,TRUE,A,89.5,FALSE,0.65
504910,10883,7,3,1,TRUE,A,91.5,FALSE,0.62
504911,10883,1,4,1,TRUE,B,89.4,FALSE,0.86
504912,10883,2,4,1,TRUE,A,86.1,FALSE,0.98
504913,10884,12,9,2,TRUE,A,82.8,FALSE,0.57
504914,10884,7,9,2,TRUE,A,95.0,FALSE,0.73
504915,10884,1,9,2,TRUE,B,84.4,FALSE,0.66
504916,10884,5,10,2,TRUE,B,93.0,FALSE,0.91
504917,10884,8,10,2,TRUE,A,77.2,FALSE,0.62
504918,10884,6,10,2,TRUE,A,97.2,FALSE,0.83
504919,10884,4,11,2,,,,FALSE,0.98
504920,10884,11,11,2,,,,FALSE,0.76
504921,10884,2,11,2,FALSE,D,71.8,FALSE,0.96
504922,10885,12,3,1,TRUE,C,96.6,FALSE,0.74
504923,10885,13,3,1,TRUE,B,78.4,FALSE,0.88
504924,10886,9,2,1,TRUE,B,82.4,FALSE,0.84
504925,10886,2,2,1,TRUE,B,81.6,FALSE,0.84
504926,10886,1,2,1,TRUE,B,92.1,FALSE,0.71
504927,10886,13,3,1,TRUE,B,93.3,FALSE,0.94
504928,10886,10,3,1,TRUE,A,97.5,FALSE,0.7
504929,10886,3,3,1,TRUE,B,92.6,FALSE,0.6
504930,10887,8,1,4,TRUE,B,93.2,FALSE,0.71
504931,10887,14,1,4,TRUE,B,95.2,FALSE,0.73
504932,10887,15,1,4,TRUE,B,83.6,FALSE,0.71
504933,10887,16,2,4,TRUE,B,82.9,FALSE,0.56
504934,10888,12,1,5,TRUE,B,78.7,FALSE,0.93
504935,10888,9,1,5,TRUE,C,87.4,FALSE,0.61
504936,10888,11,1,5,FALSE,F,52.2,FALSE,0.7
504937,10888,10,2,5,TRUE,B,83.1,FALSE,0.96
504938,10889,9,4,1,TRUE,A,85.3,FALSE,0.58
504939,10889,5,4,1,TRUE,B,86.3,FALSE,0.58
504940,10889,2,4,1,TRUE,B,78.7,FALSE,0.8
504941,10889,1,5,1,TRUE,A,89.9,FALSE,0.71
504942,10889,12,5,1,TRUE,C,82.5,FALSE,0.64
504943,10889,7,5,1,TRUE,B,89.6,FALSE,0.56
504944,10889,10,6,1,TRUE,B,91.2,FALSE,0.81
504945,10889,13,6,1,TRUE,A,88.4,FALSE,0.76
504946,10889,3,6,1,TRUE,B,90.5,FALSE,0.91
504947,10890,10,6,6,TRUE,C,97.4,FALSE,1.0
504948,10890,14,6,6,TRUE,B,87.0,FALSE,0.86
504949,10890,16,6,6,FALSE,D,73.1,FALSE,0.78
504950,10890,15,7,6,TRUE,B,84.6,FALSE,0.72
504951,10891,8,1,1,TRUE,B,91.4,FALSE,0.96
504952,10891,10,1,1,FALSE,F,56.6,FALSE,0.7
504953,10891,11,1,1,TRUE,B,79.0,FALSE,0.91
504954,10891,2,2,1,TRUE,A,88.6,FALSE,0.64
504955,10891,3,2,1,TRUE,B,78.4,FALSE,0.88
504956,10891,13,2,1,FALSE,D,54.5,FALSE,0.87
504957,10891,6,3,1,TRUE,C,97.1,FALSE,0.82
504958,10891,1,3,1,TRUE,C,98.1,FALSE,0.86
504959,10891,7,3,1,TRUE,C,79.6,FALSE,0.86
504960,10891,4,4,1,TRUE,B,81.0,FALSE,0.74
504961,10891,9,4,1,TRUE,B,83.5,FALSE,0.82
504962,10891,12,4,1,TRUE,A,77.1,FALSE,0.99
504963,10891,5,5,1,TRUE,B,84.5,FALSE,0.92
504964,10892,1,2,2,TRUE,C,91.3,FALSE,0.85
504965,10892,6,2,2,TRUE,B,77.0,FALSE,0.83
504966,10893,10,2,1,TRUE,A,88.1,FALSE,0.73
504967,10893,12,2,1,TRUE,B,81.4,FALSE,0.81
504968,10893,3,2,1,TRUE,A,90.5,FALSE,0.77
504969,10894,11,6,2,TRUE,B,87.0,FALSE,0.63
504970,10894,3,6,2,FALSE,F,52.0,FALSE,0.71
504971,10894,7,7,2,TRUE,A,97.3,FALSE,0.92
504972,10894,5,7,2,TRUE,A,93.2,FALSE,0.86
504973,10894,2,8,2,TRUE,B,75.1,FALSE,0.63
504974,10894,6,8,2,TRUE,A,76.1,FALSE,0.6
504975,10894,12,9,2,TRUE,A,85.2,FALSE,0.57
504976,10894,1,9,2,TRUE,B,89.9,FALSE,0.56
504977,10895,16,9,4,TRUE,B,84.6,FALSE,0.86
504978,10895,8,9,4,FALSE,F,66.5,FALSE,0.85
504979,10895,14,9,4,TRUE,A,93.0,FALSE,0.98
504980,10895,15,10,4,TRUE,A,83.2,FALSE,0.92
504981,10896,1,5,2,TRUE,B,76.7,FALSE,0.87
504982,10896,4,5,2,TRUE,A,89.9,FALSE,0.76
504983,10897,12,4,5,FALSE,F,51.7,FALSE,0.96
504984,10897,10,4,5,TRUE,B,76.3,FALSE,0.66
504985,10898,15,8,6,TRUE,A,88.6,FALSE,0.63
504986,10898,10,8,6,TRUE,C,77.7,FALSE,0.86
504987,10898,16,8,6,FALSE,F,70.7,FALSE,0.63
504988,10898,14,9,6,TRUE,A,88.1,FALSE,0.86
504989,10899,7,2,2,TRUE,B,77.7,FALSE,0.76
504990,10899,1,2,2,TRUE,B,82.0,FALSE,0.98
504991,10899,5,3,2,TRUE,B,79.0,FALSE,0.77
504992,10899,12,3,2,FALSE,F,67.8,FALSE,0.73
504993,10900,3,7,1,TRUE,B,87.2,FALSE,0.89
504994,10900,13,7,1,TRUE,A,80.6,FALSE,0.63
504995,10901,8,5,4,TRUE,B,94.4,FALSE,0.64
504996,10901,15,5,4,TRUE,C,81.8,FALSE,0.56
504997,10902,15,7,3,TRUE,A,93.7,FALSE,0.85
504998,10902,16,7,3,FALSE,D,56.5,FALSE,0.55
504999,10902,14,8,3,TRUE,B,82.7,FALSE,0.68
505000,10903,11,4,2,TRUE,B,92.6,FALSE,0.84
505001,10903,6,4,2,TRUE,B,75.6,FALSE,0.73
505002,10903,7,4,2,TRUE,B,94.9,FALSE,0.97
505003,10903,3,5,2,TRUE,A,82.9,FALSE,0.59
505004,10903,5,5,2,TRUE,B,85.6,FALSE,0.84
505005,10903,4,5,2,TRUE,C,80.8,FALSE,0.61
505006,10903,2,6,2,TRUE,C,75.6,FALSE,0.8
505007,10903,1,6,2,TRUE,A,75.3,FALSE,0.59
505008,10903,12,6,2,FALSE,D,69.8,FALSE,0.56
505009,10903,8,7,2,TRUE,B,95.4,FALSE,0.56
505010,10904,4,1,2,FALSE,D,60.4,FALSE,0.94
505011,10904,5,1,2,TRUE,A,76.9,FALSE,0.76
505012,10904,8,1,2,TRUE,B,81.5,FALSE,0.97
505013,10905,14,2,3,TRUE,C,97.9,FALSE,0.85
505014,10905,16,2,3,TRUE,B,97.9,FALSE,0.92
505015,10905,15,3,3,TRUE,A,90.8,FALSE,0.69
505016,10906,16,8,3,TRUE,A,90.8,FALSE,0.81
505017,10906,14,8,3,TRUE,B,77.4,FALSE,0.92
505018,10906,15,8,3,TRUE,C,84.8,FALSE,0.73
505019,10907,12,7,1,TRUE,B,94.0,FALSE,0.74
505020,10907,11,7,1,TRUE,B,97.4,FALSE,0.94
505021,10908,4,1,2,TRUE,A,87.1,FALSE,0.75
505022,10908,12,1,2,TRUE,A,82.7,FALSE,0.88
505023,10908,5,1,2,FALSE,F,72.2,FALSE,0.79
505024,10908,11,2,2,TRUE,A,88.3,FALSE,0.71
505025,10908,7,2,2,TRUE,B,79.2,FALSE,0.98
505026,10908,6,2,2,TRUE,A,96.0,FALSE,0.65
505027,10909,7,7,1,TRUE,B,94.2,FALSE,0.89
505028,10909,13,7,1,TRUE,A,81.9,FALSE,0.85
505029,10909,9,8,1,TRUE,B,88.4,FALSE,0.88
505030,10909,4,8,1,TRUE,A,91.2,FALSE,0.87
505031,10910,12,9,5,TRUE,A,79.0,FALSE,0.76
505032,10910,10,9,5,TRUE,A,98.5,FALSE,0.92
505033,10910,11,10,5,TRUE,B,96.5,FALSE,0.83
505034,10910,9,10,5,FALSE,D,50.8,FALSE,0.64
505035,10911,4,5,2,FALSE,D,71.3,FALSE,0.63
505036,10911,7,5,2,TRUE,A,80.1,FALSE,0.91
505037,10911,12,5,2,TRUE,A,85.1,FALSE,0.64
505038,10911,11,6,2,TRUE,B,81.8,FALSE,0.71
505039,10911,8,6,2,TRUE,C,77.8,FALSE,0.97
505040,10911,6,6,2,TRUE,A,95.9,FALSE,0.59
505041,10911,3,7,2,FALSE,D,57.0,FALSE,0.68
505042,10911,2,7,2,TRUE,B,86.5,FALSE,0.63
505043,10911,1,7,2,TRUE,B,90.2,FALSE,0.87
505044,10911,5,8,2,TRUE,B,90.0,FALSE,0.72
505045,10912,8,1,1,TRUE,B,81.9,FALSE,0.82
505046,10912,7,1,1,TRUE,B,85.6,FALSE,0.75
505047,10912,5,1,1,TRUE,B,80.1,FALSE,0.83
505048,10912,11,2,1,TRUE,C,84.0,FALSE,0.81
505049,10912,13,2,1,FALSE,F,54.3,FALSE,0.58
505050,10912,4,2,1,TRUE,B,77.9,FALSE,0.99
505051,10912,1,3,1,TRUE,A,94.1,FALSE,0.94
505052,10912,10,3,1,TRUE,C,88.7,FALSE,0.95
505053,10912,3,3,1,FALSE,F,73.3,FALSE,0.67
505054,10913,10,7,6,TRUE,B,78.4,FALSE,0.99
505055,10913,16,7,6,TRUE,B,80.7,FALSE,0.79
505056,10913,14,7,6,TRUE,A,98.5,FALSE,0.69
505057,10913,15,8,6,TRUE,C,98.7,FALSE,0.58
505058,10914,14,2,3,TRUE,B,92.7,FALSE,0.73
505059,10914,16,2,3,TRUE,B,84.1,FALSE,0.83
505060,10914,15,2,3,TRUE,B,85.7,FALSE,0.82
505061,10915,6,7,1,FALSE,F,63.3,FALSE,0.6
505062,10915,11,7,1,TRUE,C,75.1,FALSE,1.0
505063,10915,5,7,1,FALSE,D,49.2,FALSE,0.89
505064,10915,7,8,1,TRUE,A,98.6,FALSE,0.8
505065,10915,10,8,1,TRUE,B,88.0,FALSE,0.98
505066,10915,12,8,1,TRUE,A,77.7,FALSE,0.58
505067,10915,4,9,1,TRUE,C,76.9,FALSE,0.87
505068,10915,1,9,1,TRUE,A,78.4,FALSE,0.93
505069,10915,8,9,1,TRUE,B,93.3,FALSE,0.82
505070,10915,9,10,1,TRUE,B,98.2,FALSE,0.94
505071,10915,2,10,1,TRUE,C,97.4,FALSE,0.58
505072,10915,3,10,1,FALSE,F,70.1,FALSE,0.67
505073,10916,16,6,3,TRUE,C,79.1,FALSE,0.93
505074,10916,15,6,3,TRUE,B,76.6,FALSE,0.81
505075,10916,14,6,3,TRUE,B,91.9,FALSE,0.88
505076,10917,11,4,1,TRUE,B,83.2,FALSE,0.77
505077,10917,1,4,1,TRUE,C,94.7,FALSE,0.79
505078,10917,3,4,1,TRUE,B,84.4,FALSE,0.56
505079,10917,7,5,1,TRUE,A,90.0,FALSE,0.72
505080,10917,2,5,1,TRUE,C,81.5,FALSE,0.79
505081,10917,4,5,1,TRUE,A,93.5,FALSE,0.81
505082,10917,9,6,1,TRUE,B,83.2,FALSE,0.88
505083,10917,13,6,1,TRUE,B,87.7,FALSE,0.83
505084,10917,6,6,1,TRUE,B,98.1,FALSE,0.87
505085,10917,8,7,1,TRUE,B,85.1,FALSE,0.69
505086,10917,5,7,1,TRUE,A,97.0,FALSE,0.96
505087,10917,10,7,1,TRUE,A,77.0,FALSE,0.59
505088,10917,12,8,1,FALSE,D,55.7,FALSE,0.62
505089,10918,2,7,2,TRUE,B,83.3,FALSE,0.58
505090,10918,4,7,2,TRUE,C,93.9,FALSE,0.66
505091,10918,8,7,2,TRUE,A,80.8,FALSE,0.91
505092,10918,1,8,2,TRUE,B,86.3,FALSE,0.89
505093,10918,12,8,2,TRUE,B,82.9,FALSE,0.88
505094,10918,6,8,2,TRUE,B,91.4,FALSE,0.9
505095,10919,9,7,1,TRUE,C,97.5,FALSE,0.8
505096,10919,11,7,1,TRUE,B,86.0,FALSE,0.93
505097,10919,1,7,1,FALSE,D,65.4,FALSE,0.9
505098,10919,3,8,1,TRUE,B,95.4,FALSE,0.89
505099,10919,2,8,1,TRUE,B,89.9,FALSE,0.86
505100,10919,7,8,1,TRUE,A,85.3,FALSE,0.64
505101,10920,4,9,1,FALSE,F,62.8,FALSE,0.7
505102,10920,12,9,1,TRUE,B,97.6,FALSE,0.61
505103,10920,6,10,1,TRUE,B,82.7,FALSE,0.65
505104,10920,11,10,1,TRUE,C,83.2,FALSE,1.0
505105,10920,13,11,1,TRUE,C,86.6,FALSE,0.66
505106,10920,2,11,1,,,,FALSE,0.61
505107,10921,6,9,1,TRUE,A,84.8,FALSE,0.79
505108,10921,4,9,1,TRUE,B,86.9,FALSE,0.61
505109,10921,13,10,1,FALSE,D,58.1,FALSE,1.0
505110,10921,8,10,1,TRUE,A,79.5,FALSE,0.86
505111,10922,3,1,2,TRUE,C,79.9,FALSE,0.91
505112,10922,8,1,2,TRUE,B,87.1,FALSE,0.68
505113,10923,10,8,6,TRUE,B,94.3,FALSE,0.57
505114,10923,15,8,6,TRUE,B,75.4,FALSE,0.96
505115,10923,16,9,6,TRUE,B,86.3,FALSE,0.79
505116,10923,14,9,6,TRUE,A,91.4,FALSE,0.56
505117,10924,14,1,4,TRUE,B,97.4,FALSE,0.97
505118,10924,16,1,4,TRUE,B,85.9,FALSE,0.7
505119,10924,8,1,4,TRUE,B,84.1,FALSE,0.71
505120,10924,15,2,4,TRUE,A,96.3,FALSE,0.66
505121,10925,15,5,3,TRUE,B,95.7,FALSE,0.64
505122,10925,14,5,3,TRUE,A,92.3,FALSE,0.96
505123,10925,16,5,3,TRUE,B,90.0,FALSE,0.69
505124,10926,10,5,1,TRUE,C,76.7,FALSE,0.78
505125,10926,5,5,1,TRUE,B,93.9,FALSE,0.56
505126,10926,8,5,1,TRUE,A,75.4,FALSE,0.91
505127,10926,11,6,1,TRUE,B,84.3,FALSE,0.87
505128,10926,7,6,1,TRUE,C,99.0,FALSE,0.92
505129,10926,2,6,1,TRUE,B,87.2,FALSE,0.62
505130,10926,6,7,1,TRUE,B,96.7,FALSE,0.98
505131,10926,12,7,1,TRUE,B,80.9,FALSE,0.85
505132,10926,3,7,1,TRUE,B,96.1,FALSE,0.75
505133,10926,9,8,1,FALSE,F,63.4,FALSE,0.75
505134,10926,1,8,1,TRUE,A,86.5,FALSE,0.71
505135,10926,13,8,1,TRUE,C,78.8,FALSE,0.91
505136,10926,4,9,1,TRUE,A,87.2,FALSE,0.75
505137,10927,4,4,1,TRUE,C,77.0,FALSE,0.88
505138,10927,12,4,1,TRUE,C,76.6,FALSE,0.87
505139,10927,10,5,1,TRUE,B,95.1,FALSE,0.85
505140,10927,1,5,1,TRUE,B,82.2,FALSE,0.9
505141,10927,7,6,1,TRUE,A,94.8,FALSE,0.56
505142,10927,8,6,1,TRUE,B,83.9,FALSE,0.94
505143,10927,5,7,1,TRUE,C,96.1,FALSE,0.79
505144,10927,11,7,1,TRUE,B,83.8,FALSE,0.77
505145,10927,9,8,1,FALSE,D,49.8,FALSE,0.89
505146,10927,6,8,1,TRUE,A,83.3,FALSE,0.61
505147,10928,14,7,6,TRUE,A,89.8,FALSE,0.74
505148,10928,10,7,6,TRUE,B,90.4,FALSE,0.96
505149,10929,2,5,1,TRUE,B,81.5,FALSE,0.57
505150,10929,7,5,1,TRUE,A,84.9,FALSE,0.85
505151,10929,13,6,1,FALSE,F,60.9,FALSE,0.91
505152,10929,8,6,1,TRUE,B,84.2,FALSE,0.71
505153,10929,4,7,1,TRUE,B,79.3,FALSE,0.68
505154,10929,11,7,1,TRUE,C,87.1,FALSE,0.94
505155,10929,6,8,1,TRUE,B,93.2,FALSE,0.77
505156,10929,5,8,1,TRUE,A,83.1,FALSE,0.98
505157,10929,10,9,1,TRUE,B,85.1,FALSE,0.78
505158,10929,1,9,1,TRUE,C,83.3,FALSE,0.76
505159,10929,9,10,1,TRUE,B,83.8,FALSE,0.85
505160,10929,3,10,1,FALSE,D,59.1,FALSE,0.99
505161,10930,8,2,1,TRUE,A,84.9,FALSE,0.65
505162,10930,2,2,1,TRUE,A,85.0,FALSE,0.63
505163,10930,9,3,1,TRUE,A,83.9,FALSE,0.78
505164,10930,3,3,1,TRUE,A,89.6,FALSE,0.82
505165,10930,1,4,1,TRUE,C,78.5,FALSE,0.74
505166,10930,6,4,1,TRUE,B,95.3,FALSE,0.8
505167,10931,14,2,3,TRUE,B,82.3,FALSE,0.81
505168,10931,15,2,3,TRUE,B,90.1,FALSE,0.88
505169,10931,16,2,3,TRUE,A,85.2,FALSE,0.58
505170,10932,5,9,2,TRUE,C,94.5,FALSE,0.59
505171,10932,11,9,2,TRUE,A,80.6,FALSE,0.61
505172,10932,7,9,2,TRUE,C,89.1,FALSE,0.89
505173,10932,4,10,2,FALSE,F,58.3,FALSE,0.89
505174,10932,2,10,2,FALSE,D,69.8,FALSE,0.66
505175,10932,6,10,2,TRUE,B,90.6,FALSE,0.71
505176,10933,8,7,1,TRUE,B,90.4,FALSE,0.77
505177,10933,13,7,1,TRUE,B,89.9,FALSE,0.62
505178,10933,5,7,1,TRUE,A,82.4,FALSE,0.55
505179,10933,12,8,1,TRUE,C,75.2,FALSE,0.57
505180,10933,10,8,1,TRUE,A,78.8,FALSE,0.56
505181,10933,9,8,1,TRUE,B,82.4,FALSE,0.63
505182,10933,2,9,1,TRUE,B,95.8,FALSE,0.64
505183,10933,3,9,1,TRUE,C,78.1,FALSE,0.65
505184,10933,11,9,1,TRUE,A,84.9,FALSE,0.8
505185,10933,1,10,1,TRUE,A,78.6,FALSE,0.93
505186,10933,7,10,1,TRUE,B,91.5,FALSE,0.94
505187,10933,4,10,1,TRUE,B,92.3,FALSE,0.78
505188,10934,13,5,1,TRUE,B,86.2,FALSE,0.56
505189,10934,12,5,1,TRUE,B,90.3,FALSE,0.72
505190,10934,4,5,1,TRUE,B,90.6,FALSE,0.69
505191,10934,5,6,1,TRUE,A,76.8,FALSE,0.62
505192,10934,1,6,1,TRUE,B,82.8,FALSE,0.68
505193,10934,8,6,1,FALSE,D,53.3,FALSE,0.82
505194,10934,10,7,1,TRUE,B,91.0,FALSE,0.68
505195,10934,6,7,1,TRUE,B,95.0,FALSE,0.71
505196,10934,9,7,1,TRUE,C,91.5,FALSE,0.88
505197,10934,2,8,1,TRUE,B,78.7,FALSE,0.88
505198,10934,11,8,1,TRUE,C,91.5,FALSE,0.7
505199,10934,3,8,1,TRUE,C,77.4,FALSE,0.7
505200,10934,7,9,1,TRUE,C,94.9,FALSE,0.66
505201,10935,3,2,2,FALSE,D,70.4,FALSE,0.91
505202,10935,2,2,2,TRUE,A,87.0,FALSE,0.91
505203,10935,11,3,2,TRUE,B,87.1,FALSE,0.78
505204,10935,12,3,2,TRUE,C,75.1,FALSE,0.58
505205,10935,4,4,2,FALSE,D,63.5,FALSE,0.77
505206,10935,1,4,2,TRUE,B,77.1,FALSE,0.88
505207,10936,14,6,6,TRUE,A,78.3,FALSE,0.98
505208,10936,16,6,6,TRUE,B,94.3,FALSE,0.6
505209,10936,15,6,6,TRUE,B,82.9,FALSE,0.87
505210,10936,10,7,6,TRUE,A,94.6,FALSE,0.8
505211,10937,9,1,5,TRUE,B,92.9,FALSE,0.88
505212,10937,10,1,5,TRUE,B,86.5,FALSE,0.94
505213,10937,12,1,5,FALSE,D,71.3,FALSE,0.7
505214,10937,11,2,5,TRUE,A,93.6,FALSE,0.87
505215,10938,11,6,2,TRUE,C,88.5,FALSE,0.99
505216,10938,1,6,2,TRUE,B,83.8,FALSE,0.89
505217,10938,8,6,2,TRUE,A,75.4,FALSE,0.81
505218,10938,7,7,2,TRUE,B,78.7,FALSE,0.56
505219,10938,4,7,2,TRUE,B,88.5,FALSE,0.85
505220,10938,3,7,2,TRUE,B,91.9,FALSE,0.79
505221,10939,4,7,2,TRUE,A,77.4,FALSE,0.62
505222,10939,5,7,2,TRUE,B,88.9,FALSE,0.73
505223,10939,11,7,2,TRUE,B,98.5,FALSE,0.62
505224,10939,7,8,2,FALSE,F,65.1,FALSE,0.68
505225,10939,12,8,2,TRUE,B,80.4,FALSE,0.71
505226,10939,2,8,2,TRUE,A,86.0,FALSE,0.81
505227,10939,6,9,2,TRUE,C,83.3,FALSE,0.94
505228,10939,1,9,2,TRUE,A,81.9,FALSE,0.82
505229,10939,3,9,2,TRUE,B,75.8,FALSE,0.73
505230,10939,8,10,2,TRUE,A,89.4,FALSE,0.73
505231,10940,8,5,4,TRUE,C,96.5,FALSE,0.79
505232,10940,15,5,4,TRUE,C,80.8,FALSE,0.57
505233,10940,16,6,4,TRUE,B,98.2,FALSE,0.79
505234,10940,14,6,4,FALSE,F,52.2,FALSE,0.99
505235,10941,8,7,4,TRUE,B,85.1,FALSE,0.67
505236,10941,14,7,4,TRUE,A,87.2,FALSE,0.86
505237,10941,16,8,4,TRUE,B,87.4,FALSE,0.56
505238,10941,15,8,4,TRUE,A,82.1,FALSE,0.92
505239,10942,3,6,2,TRUE,B,97.5,FALSE,0.73
505240,10942,2,6,2,TRUE,C,92.0,FALSE,0.69
505241,10942,4,6,2,TRUE,B,80.9,FALSE,0.89
505242,10942,5,7,2,TRUE,A,88.8,FALSE,0.8
505243,10942,6,7,2,TRUE,B,80.1,FALSE,0.79
505244,10942,7,7,2,TRUE,A,84.1,FALSE,0.79
505245,10943,7,6,2,TRUE,C,79.2,FALSE,0.58
505246,10943,8,6,2,TRUE,C,96.7,FALSE,0.57
505247,10943,5,7,2,TRUE,C,89.4,FALSE,0.56
505248,10943,11,7,2,TRUE,B,90.9,FALSE,0.58
505249,10943,6,8,2,TRUE,B,88.6,FALSE,0.83
505250,10943,12,8,2,TRUE,C,75.9,FALSE,0.65
505251,10943,1,9,2,TRUE,B,80.9,FALSE,0.87
505252,10943,4,9,2,TRUE,B,98.7,FALSE,0.93
505253,10943,2,10,2,FALSE,F,64.7,FALSE,0.93
505254,10943,3,10,2,TRUE,A,97.5,FALSE,0.95
505255,10944,2,1,1,TRUE,B,87.3,FALSE,0.66
505256,10944,11,1,1,TRUE,A,88.6,FALSE,0.84
505257,10944,6,1,1,TRUE,C,94.7,FALSE,0.55
505258,10945,14,6,3,TRUE,B,96.1,FALSE,0.61
505259,10945,16,6,3,TRUE,B,88.4,FALSE,0.7
505260,10945,15,6,3,TRUE,A,94.8,FALSE,0.58
505261,10946,14,6,3,TRUE,B,94.9,FALSE,0.93
505262,10946,16,6,3,TRUE,C,89.2,FALSE,0.9
505263,10947,15,6,3,TRUE,A,76.4,FALSE,0.79
505264,10947,14,6,3,TRUE,B,85.7,FALSE,0.67
505265,10948,10,4,5,TRUE,B,75.3,FALSE,0.56
505266,10948,9,4,5,TRUE,A,87.7,FALSE,0.82
505267,10948,12,4,5,TRUE,B,81.4,FALSE,0.76
505268,10948,11,5,5,TRUE,B,84.1,FALSE,0.89
505269,10949,15,4,6,TRUE,B,95.2,FALSE,0.98
505270,10949,16,4,6,TRUE,C,77.3,FALSE,0.69
505271,10949,14,5,6,TRUE,A,83.6,FALSE,0.71
505272,10949,10,5,6,TRUE,B,98.3,FALSE,0.86
505273,10950,15,3,3,TRUE,B,85.1,FALSE,0.81
505274,10950,14,3,3,FALSE,D,51.0,FALSE,0.98
505275,10950,16,3,3,TRUE,A,77.5,FALSE,0.69
505276,10951,16,8,4,TRUE,B,83.3,FALSE,0.76
505277,10951,14,8,4,TRUE,A,85.1,FALSE,0.84
505278,10951,15,8,4,FALSE,F,58.9,FALSE,0.99
505279,10951,8,9,4,TRUE,A,87.1,FALSE,1.0
505280,10952,9,5,5,TRUE,B,79.3,FALSE,0.69
505281,10952,11,5,5,TRUE,C,76.2,FALSE,0.68
505282,10952,12,6,5,TRUE,A,83.3,FALSE,0.86
505283,10952,10,6,5,TRUE,B,93.7,FALSE,0.62
505284,10953,14,5,3,TRUE,A,82.7,FALSE,0.7
505285,10953,16,5,3,TRUE,B,96.1,FALSE,0.88
505286,10953,15,6,3,TRUE,C,97.5,FALSE,0.61
505287,10954,7,5,1,TRUE,B,92.9,FALSE,0.9
505288,10954,5,5,1,TRUE,C,91.5,FALSE,0.72
505289,10955,14,2,3,TRUE,A,94.3,FALSE,0.83
505290,10955,16,2,3,FALSE,D,66.1,FALSE,0.84
505291,10955,15,3,3,TRUE,B,88.4,FALSE,0.89
505292,10956,16,7,4,TRUE,A,79.5,FALSE,0.91
505293,10956,14,7,4,TRUE,B,92.4,FALSE,0.59
505294,10956,8,7,4,TRUE,C,98.1,FALSE,0.65
505295,10956,15,8,4,TRUE,B,91.7,FALSE,0.63
505296,10957,1,6,2,TRUE,B,89.7,FALSE,0.79
505297,10957,12,6,2,TRUE,A,97.1,FALSE,0.59
505298,10957,8,6,2,TRUE,A,76.2,FALSE,0.71
505299,10958,12,7,1,FALSE,D,74.0,FALSE,0.71
505300,10958,5,7,1,FALSE,D,69.9,FALSE,0.84
505301,10958,6,7,1,FALSE,D,51.9,FALSE,0.58
505302,10958,8,8,1,TRUE,B,95.4,FALSE,0.96
505303,10958,2,8,1,TRUE,C,82.0,FALSE,0.64
505304,10958,7,8,1,TRUE,C,76.2,FALSE,0.79
505305,10958,11,9,1,TRUE,A,87.9,FALSE,0.56
505306,10958,10,9,1,TRUE,B,83.7,FALSE,0.63
505307,10958,9,9,1,TRUE,B,90.6,FALSE,0.73
505308,10958,3,10,1,TRUE,B,90.9,FALSE,0.64
505309,10958,13,10,1,TRUE,B,80.9,FALSE,0.68
505310,10958,1,10,1,FALSE,D,60.4,FALSE,0.99
505311,10958,4,11,1,FALSE,F,54.2,FALSE,0.87
505312,10959,2,9,1,FALSE,F,69.3,FALSE,0.66
505313,10959,11,9,1,TRUE,C,80.3,FALSE,0.57
505314,10959,8,9,1,TRUE,C,76.5,FALSE,0.59
505315,10959,3,10,1,TRUE,B,93.4,FALSE,0.63
505316,10959,4,10,1,TRUE,B,78.4,FALSE,0.71
505317,10959,6,10,1,TRUE,A,76.7,FALSE,0.79
505318,10959,13,11,1,TRUE,B,97.2,FALSE,0.62
505319,10959,12,11,1,,,,FALSE,0.6
505320,10959,9,11,1,,,,FALSE,0.57
505321,10960,2,2,1,TRUE,A,90.8,FALSE,0.78
505322,10960,5,2,1,TRUE,C,77.5,FALSE,0.72
505323,10960,6,3,1,TRUE,B,96.6,FALSE,0.58
505324,10960,8,3,1,FALSE,D,58.3,FALSE,0.8
505325,10960,4,4,1,TRUE,A,98.7,FALSE,0.93
505326,10960,9,4,1,TRUE,B,76.8,FALSE,0.58
505327,10960,10,5,1,TRUE,A,91.4,FALSE,0.95
505328,10960,13,5,1,TRUE,B,88.7,FALSE,0.67
505329,10961,13,5,1,TRUE,B,75.6,FALSE,0.84
505330,10961,7,5,1,TRUE,B,95.2,FALSE,0.75
505331,10961,11,6,1,TRUE,A,83.2,FALSE,0.85
505332,10961,3,6,1,TRUE,A,87.0,FALSE,0.66
505333,10962,11,8,1,FALSE,F,68.7,FALSE,0.71
505334,10962,1,8,1,TRUE,B,76.1,FALSE,0.94
505335,10962,4,8,1,TRUE,B,78.3,FALSE,0.94
505336,10962,8,9,1,TRUE,A,77.9,FALSE,0.74
505337,10962,9,9,1,TRUE,A,83.0,FALSE,0.93
505338,10962,7,9,1,TRUE,A,86.5,FALSE,0.99
505339,10963,13,3,1,TRUE,B,86.7,FALSE,0.73
505340,10963,6,3,1,TRUE,B,98.4,FALSE,0.65
505341,10963,9,4,1,TRUE,C,82.1,FALSE,0.93
505342,10963,8,4,1,TRUE,B,84.4,FALSE,0.64
505343,10963,7,5,1,TRUE,C,81.4,FALSE,0.8
505344,10963,1,5,1,TRUE,A,87.6,FALSE,0.65
505345,10963,11,6,1,FALSE,D,58.8,FALSE,0.92
505346,10963,12,6,1,TRUE,A,84.9,FALSE,0.92
505347,10963,4,7,1,TRUE,B,76.1,FALSE,0.92
505348,10963,2,7,1,TRUE,B,76.4,FALSE,0.97
505349,10963,10,8,1,TRUE,A,86.9,FALSE,0.7
505350,10963,5,8,1,FALSE,F,56.3,FALSE,0.96
505351,10964,7,6,1,FALSE,F,49.9,FALSE,0.77
505352,10964,12,6,1,TRUE,A,92.1,FALSE,0.64
505353,10964,10,7,1,TRUE,C,84.5,FALSE,0.95
505354,10964,5,7,1,TRUE,B,97.0,FALSE,0.73
505355,10964,6,8,1,TRUE,A,86.7,FALSE,0.77
505356,10964,11,8,1,TRUE,B,89.4,FALSE,0.72
505357,10964,4,9,1,FALSE,D,51.6,FALSE,0.72
505358,10964,9,9,1,FALSE,D,55.7,FALSE,0.67
505359,10964,1,10,1,TRUE,B,88.4,FALSE,0.55
505360,10964,2,10,1,TRUE,B,89.3,FALSE,0.84
505361,10965,7,2,1,FALSE,D,58.5,FALSE,0.77
505362,10965,8,2,1,TRUE,B,78.2,FALSE,0.74
505363,10965,4,3,1,TRUE,A,88.4,FALSE,0.65
505364,10965,13,3,1,TRUE,B,85.3,FALSE,0.76
505365,10965,11,4,1,FALSE,D,56.3,FALSE,0.93
505366,10965,2,4,1,TRUE,A,81.0,FALSE,0.77
505367,10965,12,5,1,TRUE,B,78.8,FALSE,0.65
505368,10965,1,5,1,TRUE,B,75.3,FALSE,0.89
505369,10966,16,4,3,TRUE,B,92.8,FALSE,0.57
505370,10966,14,4,3,TRUE,A,98.6,FALSE,0.63
505371,10966,15,4,3,TRUE,A,95.1,FALSE,0.68
505372,10967,9,8,1,FALSE,F,68.1,FALSE,0.81
505373,10967,11,8,1,TRUE,B,87.8,FALSE,0.69
505374,10967,13,9,1,TRUE,B,84.3,FALSE,0.81
505375,10967,7,9,1,TRUE,B,80.6,FALSE,0.59
505376,10967,6,10,1,TRUE,C,90.9,FALSE,0.66
505377,10967,3,10,1,TRUE,B,79.9,FALSE,0.79
505378,10967,4,11,1,,,,FALSE,0.78
505379,10967,10,11,1,,,,FALSE,0.85
505380,10968,14,7,3,TRUE,A,96.4,FALSE,0.76
505381,10968,16,7,3,TRUE,A,78.9,FALSE,0.95
505382,10968,15,7,3,TRUE,B,94.0,FALSE,0.85
505383,10969,12,8,5,TRUE,B,84.3,FALSE,0.76
505384,10969,10,8,5,TRUE,A,80.9,FALSE,0.6
505385,10969,11,9,5,TRUE,B,95.6,FALSE,1.0
505386,10969,9,9,5,TRUE,A,85.1,FALSE,0.97
505387,10970,14,8,3,TRUE,A,88.2,FALSE,0.8
505388,10970,16,8,3,TRUE,A,93.5,FALSE,0.62
505389,10970,15,8,3,TRUE,C,88.5,FALSE,0.93
505390,10971,12,5,1,TRUE,B,93.7,FALSE,0.64
505391,10971,8,5,1,TRUE,B,76.5,FALSE,0.65
505392,10971,7,6,1,TRUE,B,79.9,FALSE,0.69
505393,10971,10,6,1,TRUE,A,98.3,FALSE,0.77
505394,10971,1,7,1,TRUE,B,93.0,FALSE,0.66
505395,10971,4,7,1,TRUE,B,95.3,FALSE,0.89
505396,10971,13,8,1,FALSE,D,49.6,FALSE,0.57
505397,10971,2,8,1,TRUE,A,84.8,FALSE,0.66
505398,10971,5,9,1,TRUE,C,78.0,FALSE,0.74
505399,10971,3,9,1,TRUE,B,76.0,FALSE,0.77
505400,10971,11,10,1,TRUE,A,87.6,FALSE,0.63
505401,10971,6,10,1,TRUE,B,90.9,FALSE,0.89
505402,10972,12,7,1,TRUE,A,86.5,FALSE,0.92
505403,10972,1,7,1,TRUE,B,94.8,FALSE,1.0
505404,10972,7,8,1,TRUE,B,97.6,FALSE,0.96
505405,10972,2,8,1,TRUE,C,88.4,FALSE,0.99
505406,10972,10,9,1,TRUE,A,91.0,FALSE,0.96
505407,10972,6,9,1,TRUE,B,82.7,FALSE,0.89
505408,10972,11,10,1,TRUE,B,90.5,FALSE,0.57
505409,10972,9,10,1,TRUE,B,94.4,FALSE,0.6
505410,10972,13,11,1,TRUE,C,75.0,FALSE,0.6
505411,10972,4,11,1,,,,TRUE,0.58
505412,10973,8,3,1,TRUE,A,78.5,FALSE,0.75
505413,10973,12,3,1,TRUE,B,96.2,FALSE,1.0
505414,10973,13,4,1,TRUE,B,86.2,FALSE,0.74
505415,10973,4,4,1,TRUE,B,82.8,FALSE,0.94
505416,10973,11,5,1,TRUE,C,79.3,FALSE,0.76
505417,10973,2,5,1,TRUE,A,89.6,FALSE,0.86
505418,10973,9,6,1,TRUE,A,88.1,FALSE,0.77
505419,10973,5,6,1,TRUE,A,86.1,FALSE,0.97
505420,10974,16,6,3,TRUE,A,83.3,FALSE,0.98
505421,10974,15,6,3,TRUE,A,98.6,FALSE,0.81
505422,10974,14,6,3,TRUE,B,82.4,FALSE,0.67
505423,10975,11,8,5,FALSE,D,55.5,FALSE,0.99
505424,10975,10,8,5,TRUE,A,98.5,FALSE,0.86
505425,10975,9,9,5,TRUE,C,75.5,FALSE,0.96
505426,10975,12,9,5,TRUE,B,94.1,FALSE,0.56
505427,10976,16,7,3,TRUE,B,75.7,FALSE,0.94
505428,10976,15,7,3,TRUE,A,77.2,FALSE,0.62
505429,10977,15,3,3,TRUE,B,85.5,FALSE,0.99
505430,10977,14,3,3,TRUE,A,75.1,FALSE,0.88
505431,10977,16,3,3,TRUE,C,78.8,FALSE,0.6
505432,10978,12,8,2,TRUE,A,83.8,FALSE,0.66
505433,10978,11,8,2,TRUE,B,75.8,FALSE,0.75
505434,10978,1,8,2,TRUE,B,80.4,FALSE,0.94
505435,10978,8,9,2,TRUE,B,96.9,FALSE,0.72
505436,10978,6,9,2,TRUE,A,95.0,FALSE,0.73
505437,10978,2,9,2,TRUE,A,75.7,FALSE,1.0
505438,10978,3,10,2,TRUE,B,83.8,FALSE,0.55
505439,10978,4,10,2,TRUE,B,78.8,FALSE,0.57
505440,10978,5,10,2,TRUE,B,86.8,FALSE,0.68
505441,10978,7,11,2,,,,FALSE,0.81
505442,10979,13,1,1,TRUE,C,75.8,FALSE,0.63
505443,10979,1,1,1,TRUE,A,76.5,FALSE,0.77
505444,10979,8,1,1,TRUE,B,89.1,FALSE,0.86
505445,10979,2,2,1,TRUE,A,95.8,FALSE,0.76
505446,10979,11,2,1,TRUE,A,89.1,FALSE,0.58
505447,10979,4,2,1,TRUE,A,85.9,FALSE,0.67
505448,10979,5,3,1,TRUE,B,94.4,FALSE,0.79
505449,10979,6,3,1,FALSE,D,49.7,FALSE,0.74
505450,10979,3,3,1,FALSE,D,53.2,FALSE,0.74
505451,10980,11,8,2,TRUE,A,94.5,FALSE,0.93
505452,10980,12,8,2,TRUE,B,96.7,FALSE,0.57
505453,10980,8,9,2,TRUE,A,77.3,FALSE,0.6
505454,10980,3,9,2,TRUE,B,77.6,FALSE,0.87
505455,10980,1,10,2,TRUE,B,88.4,FALSE,0.57
505456,10980,4,10,2,TRUE,C,89.4,FALSE,0.66
505457,10981,13,9,1,TRUE,B,82.8,FALSE,0.91
505458,10981,11,9,1,TRUE,C,75.3,FALSE,0.96
505459,10981,6,9,1,TRUE,B,88.1,FALSE,0.56
505460,10981,10,10,1,TRUE,A,92.1,FALSE,0.7
505461,10981,4,10,1,FALSE,F,70.1,FALSE,0.86
505462,10981,1,10,1,TRUE,C,83.1,FALSE,0.65
505463,10981,12,11,1,,,,FALSE,0.74
505464,10981,7,11,1,,,,FALSE,0.98
505465,10981,3,11,1,TRUE,C,77.3,FALSE,0.74
505466,10982,12,1,5,TRUE,B,76.8,FALSE,0.96
505467,10982,9,1,5,TRUE,B,94.9,FALSE,0.61
505468,10982,10,2,5,TRUE,C,91.9,FALSE,0.88
505469,10982,11,2,5,TRUE,B,95.7,FALSE,0.9
505470,10983,12,8,2,FALSE,F,52.5,FALSE,0.94
505471,10983,2,8,2,TRUE,A,80.9,FALSE,0.88
505472,10983,4,8,2,TRUE,B,85.4,FALSE,0.99
505473,10983,3,9,2,TRUE,A,92.2,FALSE,0.89
505474,10983,6,9,2,TRUE,B,86.8,FALSE,0.83
505475,10983,7,9,2,TRUE,B,81.8,FALSE,0.83
505476,10983,11,10,2,TRUE,B,82.3,FALSE,0.81
505477,10983,5,10,2,TRUE,A,82.0,FALSE,0.73
505478,10983,8,10,2,TRUE,A,87.7,FALSE,0.94
505479,10983,1,11,2,,,,FALSE,0.91
505480,10984,8,5,4,TRUE,B,78.5,FALSE,0.95
505481,10984,16,5,4,TRUE,B,88.3,FALSE,0.72
505482,10984,14,5,4,FALSE,F,52.9,FALSE,0.95
505483,10985,2,8,1,TRUE,B,87.1,FALSE,0.66
505484,10985,12,8,1,TRUE,A,75.9,FALSE,0.72
505485,10985,7,9,1,TRUE,A,97.2,FALSE,0.85
505486,10985,1,9,1,TRUE,B,87.7,FALSE,0.8
505487,10985,4,10,1,TRUE,A,89.1,FALSE,0.75
505488,10985,9,10,1,TRUE,A,84.1,FALSE,0.63
505489,10985,3,11,1,,,,FALSE,0.98
505490,10985,5,11,1,,,,FALSE,0.79
505491,10986,11,6,5,TRUE,B,81.1,FALSE,0.64
505492,10986,10,6,5,TRUE,B,91.9,FALSE,0.98
505493,10986,12,7,5,TRUE,B,86.3,FALSE,0.92
505494,10986,9,7,5,TRUE,A,75.8,FALSE,0.95
505495,10987,7,2,1,TRUE,B,90.9,FALSE,0.68
505496,10987,10,2,1,TRUE,C,93.6,FALSE,0.65
505497,10987,6,2,1,FALSE,D,71.2,FALSE,0.86
505498,10987,3,3,1,TRUE,A,75.7,FALSE,0.63
505499,10987,5,3,1,TRUE,B,91.8,FALSE,0.74
505500,10987,9,3,1,TRUE,B,85.2,FALSE,0.94
505501,10988,9,4,1,TRUE,A,76.5,FALSE,0.8
505502,10988,6,4,1,TRUE,B,80.9,FALSE,0.93
505503,10988,3,4,1,FALSE,F,48.5,FALSE,0.84
505504,10989,5,7,1,TRUE,A,97.6,FALSE,0.61
505505,10989,11,7,1,TRUE,B,96.2,FALSE,0.76
505506,10989,1,8,1,TRUE,B,85.9,FALSE,0.71
505507,10989,7,8,1,TRUE,A,76.1,FALSE,0.85
505508,10990,5,8,2,TRUE,B,80.5,FALSE,0.64
505509,10990,7,8,2,TRUE,C,94.9,FALSE,0.89
505510,10990,4,9,2,TRUE,B,95.0,FALSE,0.63
505511,10990,3,9,2,TRUE,C,93.2,FALSE,0.68
505512,10990,8,10,2,TRUE,C,91.5,FALSE,0.95
505513,10990,1,10,2,TRUE,C,80.9,FALSE,0.78
505514,10990,2,11,2,,,,FALSE,0.95
505515,10990,6,11,2,TRUE,C,94.9,FALSE,0.82
505516,10991,5,7,1,TRUE,B,84.9,FALSE,0.84
505517,10991,12,7,1,TRUE,B,94.0,FALSE,1.0
505518,10991,2,8,1,TRUE,A,93.9,FALSE,0.87
505519,10991,13,8,1,TRUE,A,76.9,FALSE,0.94
505520,10991,11,9,1,TRUE,C,92.2,FALSE,0.7
505521,10991,7,9,1,TRUE,A,78.2,FALSE,0.6
505522,10991,8,10,1,TRUE,A,93.0,FALSE,0.65
505523,10991,10,10,1,TRUE,A,98.1,FALSE,0.59
505524,10991,1,11,1,,,,FALSE,0.74
505525,10991,3,11,1,,,,FALSE,0.81
505526,10992,7,8,2,TRUE,A,78.7,FALSE,0.56
505527,10992,2,8,2,TRUE,A,90.5,FALSE,0.91
505528,10992,3,9,2,FALSE,D,54.7,FALSE,0.85
505529,10992,1,9,2,TRUE,B,84.5,FALSE,0.59
505530,10992,11,10,2,TRUE,A,89.1,FALSE,0.66
505531,10992,4,10,2,TRUE,A,93.1,FALSE,0.8
505532,10992,12,11,2,,,,FALSE,0.85
505533,10992,8,11,2,TRUE,C,75.2,FALSE,0.67
505534,10993,14,5,3,TRUE,B,90.8,FALSE,0.94
505535,10993,16,5,3,TRUE,C,82.0,FALSE,0.86
505536,10993,15,5,3,TRUE,C,85.2,FALSE,0.85
505537,10994,15,6,6,TRUE,B,83.3,FALSE,0.61
505538,10994,14,6,6,TRUE,A,92.8,FALSE,0.63
505539,10995,1,8,2,TRUE,B,91.3,FALSE,0.75
505540,10995,11,8,2,TRUE,A,92.3,FALSE,0.72
505541,10995,8,9,2,TRUE,B,83.0,FALSE,0.7
505542,10995,6,9,2,TRUE,B,76.7,FALSE,0.87
505543,10995,3,10,2,TRUE,B,89.4,FALSE,0.55
505544,10995,2,10,2,TRUE,C,76.8,FALSE,0.83
505545,10996,13,7,1,TRUE,B,95.0,FALSE,0.76
505546,10996,10,7,1,TRUE,C,96.6,FALSE,0.59
505547,10996,6,8,1,TRUE,B,97.5,FALSE,0.9
505548,10996,5,8,1,TRUE,C,85.2,FALSE,0.91
505549,10996,4,9,1,TRUE,A,92.6,FALSE,0.62
505550,10996,3,9,1,TRUE,B,84.3,FALSE,0.72
505551,10996,11,10,1,TRUE,B,83.7,FALSE,0.75
505552,10996,8,10,1,TRUE,A,84.1,FALSE,0.69
505553,10996,12,11,1,FALSE,F,68.0,FALSE,0.85
505554,10996,2,11,1,TRUE,B,90.7,FALSE,0.92
505555,10997,9,4,5,TRUE,A,97.6,FALSE,0.86
505556,10997,11,4,5,FALSE,F,64.1,FALSE,0.85
505557,10997,10,4,5,TRUE,B,80.7,FALSE,0.73
505558,10997,12,5,5,TRUE,B,97.0,FALSE,0.73
505559,10998,7,8,1,TRUE,B,76.5,FALSE,0.64
505560,10998,11,8,1,TRUE,A,97.2,FALSE,0.71
505561,10998,2,8,1,FALSE,D,54.8,FALSE,0.78
505562,10998,3,9,1,TRUE,C,98.2,FALSE,0.93
505563,10998,12,9,1,FALSE,F,55.9,FALSE,0.59
505564,10998,8,9,1,TRUE,A,83.7,FALSE,0.94
505565,10999,1,1,1,TRUE,B,91.7,FALSE,0.71
505566,10999,5,1,1,TRUE,A,89.0,FALSE,0.76
505567,10999,11,1,1,TRUE,B,91.6,FALSE,0.72
505568,10999,3,2,1,TRUE,B,97.3,FALSE,0.68
505569,10999,9,2,1,TRUE,B,98.4,FALSE,0.55
505570,10999,10,2,1,TRUE,A,88.8,FALSE,0.9
505571,10999,2,3,1,TRUE,A,80.1,FALSE,0.73
505572,10999,6,3,1,TRUE,B,86.3,FALSE,0.74
505573,10999,7,3,1,TRUE,B,81.0,FALSE,0.93
505574,10999,4,4,1,TRUE,B,83.6,FALSE,0.59
505575,10999,8,4,1,TRUE,A,89.6,FALSE,0.79
505576,10999,13,4,1,FALSE,D,64.5,FALSE,0.58
505577,11000,12,1,5,TRUE,B,98.7,FALSE,0.7
505578,11000,9,1,5,TRUE,C,78.7,FALSE,0.72
505579,11000,10,1,5,TRUE,B,91.6,FALSE,0.8
505580,11000,11,2,5,TRUE,B,95.9,FALSE,0.64
505581,11001,4,5,1,TRUE,C,77.5,FALSE,0.95
505582,11001,7,5,1,TRUE,C,96.7,FALSE,0.73
505583,11001,1,6,1,TRUE,B,78.8,FALSE,0.85
505584,11001,8,6,1,TRUE,B,87.0,FALSE,0.67
505585,11001,6,7,1,TRUE,C,75.8,FALSE,0.62
505586,11001,2,7,1,TRUE,A,77.5,FALSE,0.97
505587,11001,5,8,1,FALSE,D,62.5,FALSE,0.88
505588,11001,10,8,1,TRUE,B,88.1,FALSE,0.77
505589,11001,9,9,1,TRUE,B,82.5,FALSE,0.89
505590,11001,12,9,1,TRUE,A,83.1,FALSE,0.84
505591,11002,10,9,5,FALSE,D,71.9,FALSE,0.77
505592,11002,9,9,5,TRUE,B,98.2,FALSE,0.77
505593,11003,15,2,6,TRUE,B,93.5,FALSE,0.98
505594,11003,10,2,6,TRUE,C,94.9,FALSE,0.68
505595,11003,16,2,6,TRUE,A,80.8,FALSE,0.66
505596,11003,14,3,6,TRUE,C,85.6,FALSE,0.81
505597,11004,5,2,1,TRUE,A,83.3,FALSE,0.65
505598,11004,1,2,1,TRUE,C,88.2,FALSE,0.77
505599,11004,11,3,1,TRUE,B,82.5,FALSE,0.98
505600,11004,2,3,1,TRUE,B,82.0,FALSE,0.96
505601,11004,12,4,1,FALSE,D,60.5,FALSE,0.56
505602,11004,6,4,1,TRUE,B,96.8,FALSE,0.74
505603,11004,7,5,1,TRUE,B,81.5,FALSE,0.77
505604,11004,9,5,1,TRUE,B,98.3,FALSE,0.56
505605,11004,3,6,1,TRUE,B,92.8,FALSE,0.81
505606,11004,10,6,1,TRUE,B,77.2,FALSE,0.77
505607,11005,1,8,1,TRUE,C,89.3,FALSE,0.71
505608,11005,2,8,1,TRUE,A,83.7,FALSE,0.66
505609,11005,9,8,1,TRUE,B,89.7,FALSE,0.98
505610,11005,3,9,1,TRUE,B,94.0,FALSE,0.97
505611,11005,10,9,1,TRUE,B,85.4,FALSE,0.69
505612,11005,8,9,1,TRUE,B,81.0,FALSE,0.77
505613,11005,5,10,1,TRUE,A,90.4,FALSE,0.61
505614,11005,13,10,1,TRUE,B,87.4,FALSE,0.72
505615,11005,6,10,1,TRUE,B,76.7,FALSE,0.59
505616,11006,7,3,1,FALSE,F,68.6,FALSE,0.7
505617,11006,3,3,1,FALSE,F,55.6,FALSE,0.75
505618,11006,1,3,1,TRUE,B,88.2,FALSE,0.56
505619,11006,2,4,1,TRUE,A,76.6,FALSE,0.67
505620,11006,12,4,1,TRUE,A,82.0,FALSE,0.94
505621,11006,5,4,1,TRUE,A,86.3,FALSE,0.63
505622,11006,4,5,1,FALSE,F,72.8,FALSE,0.9
505623,11006,11,5,1,TRUE,A,83.1,FALSE,0.72
505624,11006,6,5,1,TRUE,B,96.0,FALSE,0.83
505625,11006,8,6,1,TRUE,B,97.4,FALSE,0.85
505626,11006,13,6,1,FALSE,F,58.5,FALSE,0.78
505627,11006,10,6,1,TRUE,B,77.9,FALSE,0.96
505628,11006,9,7,1,TRUE,C,88.4,FALSE,0.7
505629,11007,10,6,5,TRUE,B,98.6,FALSE,0.93
505630,11007,9,6,5,TRUE,B,76.1,FALSE,0.76
505631,11007,11,7,5,TRUE,C,94.5,FALSE,0.66
505632,11007,12,7,5,TRUE,A,84.2,FALSE,0.81
505633,11008,5,4,2,FALSE,D,66.6,FALSE,0.62
505634,11008,4,4,2,TRUE,C,98.4,FALSE,0.56
505635,11008,2,4,2,FALSE,F,72.5,FALSE,0.87
505636,11008,7,5,2,TRUE,B,78.5,FALSE,0.62
505637,11008,11,5,2,TRUE,B,83.3,FALSE,0.66
505638,11008,1,5,2,TRUE,A,82.3,FALSE,0.88
505639,11008,3,6,2,TRUE,B,77.9,FALSE,0.75
505640,11008,6,6,2,TRUE,C,88.2,FALSE,0.98
505641,11008,8,6,2,TRUE,C,81.7,FALSE,0.69
505642,11008,12,7,2,FALSE,D,71.2,FALSE,0.85
505643,11009,2,7,2,TRUE,B,84.4,FALSE,0.83
505644,11009,6,7,2,TRUE,B,87.5,FALSE,0.98
505645,11009,7,7,2,FALSE,F,60.0,FALSE,0.71
505646,11009,8,8,2,TRUE,B,95.4,FALSE,0.82
505647,11009,3,8,2,TRUE,A,76.6,FALSE,0.79
505648,11009,4,8,2,TRUE,B,88.1,FALSE,0.75
505649,11009,1,9,2,FALSE,D,72.6,FALSE,0.94
505650,11009,5,9,2,TRUE,B,83.0,FALSE,0.81
505651,11009,12,9,2,TRUE,A,93.5,FALSE,0.68
505652,11010,16,9,4,TRUE,A,86.5,FALSE,0.94
505653,11010,14,9,4,TRUE,A,79.6,FALSE,0.92
505654,11010,8,10,4,TRUE,A,87.7,FALSE,0.73
505655,11010,15,10,4,TRUE,A,97.1,FALSE,0.99
505656,11011,1,1,1,TRUE,B,86.4,FALSE,1.0
505657,11011,12,1,1,TRUE,A,83.5,FALSE,0.88
505658,11011,10,1,1,TRUE,A,82.9,FALSE,0.91
505659,11012,14,9,6,TRUE,A,78.1,FALSE,0.68
505660,11012,15,9,6,TRUE,C,91.5,FALSE,0.79
505661,11012,10,10,6,TRUE,A,87.1,FALSE,0.56
505662,11012,16,10,6,TRUE,B,82.7,FALSE,0.79
505663,11013,10,6,1,TRUE,B,77.7,FALSE,0.59
505664,11013,11,6,1,FALSE,D,60.3,FALSE,0.81
505665,11013,1,6,1,TRUE,B,84.1,FALSE,0.85
505666,11013,2,7,1,TRUE,A,91.3,FALSE,0.59
505667,11013,12,7,1,TRUE,B,90.1,FALSE,0.59
505668,11013,13,7,1,TRUE,B,75.4,FALSE,0.75
505669,11014,2,4,2,TRUE,B,75.6,FALSE,0.83
505670,11014,4,4,2,FALSE,D,65.2,FALSE,0.82
505671,11014,7,5,2,TRUE,B,80.8,FALSE,0.84
505672,11014,5,5,2,TRUE,C,95.5,FALSE,0.92
505673,11015,10,7,5,TRUE,B,88.5,FALSE,0.68
505674,11015,12,7,5,FALSE,D,52.3,FALSE,0.7
505675,11015,11,7,5,TRUE,B,92.9,FALSE,0.57
505676,11015,9,8,5,TRUE,A,80.7,FALSE,0.9
505677,11016,7,3,2,TRUE,C,93.5,FALSE,0.57
505678,11016,1,3,2,TRUE,C,89.2,FALSE,0.8
505679,11016,2,3,2,TRUE,C,98.3,FALSE,0.8
505680,11016,4,4,2,TRUE,B,94.2,FALSE,0.77
505681,11016,8,4,2,TRUE,B,82.6,FALSE,0.55
505682,11016,6,4,2,TRUE,B,77.6,FALSE,0.57
505683,11016,11,5,2,TRUE,A,97.7,FALSE,0.58
505684,11016,12,5,2,TRUE,B,97.9,FALSE,0.99
505685,11016,3,5,2,TRUE,B,98.3,FALSE,0.96
505686,11016,5,6,2,FALSE,F,71.6,FALSE,0.94
505687,11017,11,6,1,TRUE,B,97.3,FALSE,1.0
505688,11017,13,6,1,TRUE,A,80.6,FALSE,0.94
505689,11017,4,7,1,TRUE,B,77.6,FALSE,0.73
505690,11017,6,7,1,TRUE,A,84.5,FALSE,0.9
505691,11017,8,8,1,TRUE,B,89.0,FALSE,0.91
505692,11017,1,8,1,TRUE,B,97.6,FALSE,0.68
505693,11018,15,7,4,TRUE,B,87.1,FALSE,0.6
505694,11018,8,7,4,TRUE,A,90.6,FALSE,0.89
505695,11018,16,8,4,TRUE,B,77.3,FALSE,0.57
505696,11018,14,8,4,TRUE,A,84.2,FALSE,0.67
505697,11019,7,2,2,TRUE,B,81.3,FALSE,0.86
505698,11019,12,2,2,TRUE,B,90.2,FALSE,0.96
505699,11019,11,3,2,TRUE,C,89.3,FALSE,0.99
505700,11019,6,3,2,TRUE,B,90.8,FALSE,0.91
505701,11019,1,4,2,TRUE,C,80.3,FALSE,0.92
505702,11019,3,4,2,TRUE,B,81.1,FALSE,0.77
505703,11020,12,6,1,TRUE,C,94.6,FALSE,0.74
505704,11020,11,6,1,TRUE,C,86.7,FALSE,0.85
505705,11020,6,6,1,TRUE,B,81.3,FALSE,0.55
505706,11020,13,7,1,FALSE,F,66.3,FALSE,0.71
505707,11020,5,7,1,TRUE,B,82.8,FALSE,0.72
505708,11020,2,7,1,TRUE,B,78.4,FALSE,0.87
505709,11020,8,8,1,TRUE,B,80.0,FALSE,0.97
505710,11020,9,8,1,TRUE,A,83.6,FALSE,0.93
505711,11020,4,8,1,TRUE,A,83.4,FALSE,0.94
505712,11021,9,3,1,TRUE,C,97.1,FALSE,0.56
505713,11021,2,3,1,TRUE,B,76.7,FALSE,0.63
505714,11021,7,3,1,TRUE,A,91.6,FALSE,0.85
505715,11021,10,4,1,TRUE,A,87.7,FALSE,0.88
505716,11021,5,4,1,TRUE,A,84.8,FALSE,0.75
505717,11021,4,4,1,TRUE,A,96.1,FALSE,0.75
505718,11021,13,5,1,TRUE,B,85.3,FALSE,0.75
505719,11021,1,5,1,TRUE,B,96.9,FALSE,0.94
505720,11021,12,5,1,TRUE,B,95.3,FALSE,0.79
505721,11021,8,6,1,TRUE,B,92.0,FALSE,0.81
505722,11021,3,6,1,FALSE,D,63.2,FALSE,0.82
505723,11021,6,6,1,TRUE,B,76.8,FALSE,0.77
505724,11021,11,7,1,TRUE,C,86.9,FALSE,0.89
505725,11022,14,6,3,TRUE,A,94.6,FALSE,0.96
505726,11022,16,6,3,TRUE,B,84.7,FALSE,0.95
505727,11022,15,7,3,TRUE,A,80.0,FALSE,0.56
505728,11023,4,3,2,FALSE,F,54.4,FALSE,0.96
505729,11023,3,3,2,TRUE,A,87.8,FALSE,0.64
505730,11023,5,4,2,TRUE,C,94.1,FALSE,0.97
505731,11023,1,4,2,TRUE,A,87.3,FALSE,0.73
505732,11023,8,5,2,TRUE,A,94.6,FALSE,0.66
505733,11023,11,5,2,TRUE,A,76.4,FALSE,0.94
505734,11023,6,6,2,TRUE,C,87.7,FALSE,0.88
505735,11023,12,6,2,TRUE,A,96.0,FALSE,0.58
505736,11023,7,7,2,TRUE,C,93.6,FALSE,0.95
505737,11023,2,7,2,TRUE,A,88.1,FALSE,0.71
505738,11024,6,7,2,FALSE,F,59.1,FALSE,0.66
505739,11024,8,7,2,TRUE,B,76.4,FALSE,0.57
505740,11024,12,8,2,FALSE,F,72.1,FALSE,0.91
505741,11024,1,8,2,TRUE,B,97.8,FALSE,0.84
505742,11024,11,9,2,FALSE,D,72.6,FALSE,0.6
505743,11024,3,9,2,TRUE,A,98.8,FALSE,0.94
505744,11024,7,10,2,TRUE,A,98.1,FALSE,0.97
505745,11024,2,10,2,TRUE,B,83.1,FALSE,0.61
505746,11025,10,7,6,TRUE,B,95.8,FALSE,0.95
505747,11025,15,7,6,TRUE,B,90.6,FALSE,0.61
505748,11026,13,9,1,TRUE,B,80.1,FALSE,0.59
505749,11026,3,9,1,TRUE,C,97.3,FALSE,0.97
505750,11027,16,9,4,TRUE,A,86.3,FALSE,0.57
505751,11027,8,9,4,TRUE,B,85.9,FALSE,0.89
505752,11027,15,9,4,TRUE,A,79.7,FALSE,0.82
505753,11027,14,10,4,TRUE,A,75.6,FALSE,0.7
505754,11028,14,1,3,TRUE,A,75.9,FALSE,0.83
505755,11028,15,1,3,TRUE,B,97.5,FALSE,0.68
505756,11028,16,2,3,TRUE,B,96.4,FALSE,0.83
505757,11029,5,3,2,TRUE,A,78.7,FALSE,0.63
505758,11029,8,3,2,TRUE,A,91.1,FALSE,0.98
505759,11029,7,4,2,TRUE,B,75.9,FALSE,0.82
505760,11029,4,4,2,TRUE,C,81.0,FALSE,0.98
505761,11029,6,5,2,TRUE,B,86.7,FALSE,0.68
505762,11029,2,5,2,TRUE,B,87.1,FALSE,0.9
505763,11030,7,8,1,TRUE,B,84.9,FALSE,0.93
505764,11030,13,8,1,TRUE,B,95.2,FALSE,0.99
505765,11030,3,8,1,TRUE,B,90.6,FALSE,0.92
505766,11030,2,9,1,TRUE,B,80.9,FALSE,0.71
505767,11030,11,9,1,FALSE,D,67.6,FALSE,0.99
505768,11030,4,9,1,TRUE,A,76.3,FALSE,0.6
505769,11030,12,10,1,TRUE,A,77.3,FALSE,0.91
505770,11030,1,10,1,TRUE,C,98.8,FALSE,0.78
505771,11030,9,10,1,TRUE,A,80.0,FALSE,0.91
505772,11030,8,11,1,,,,FALSE,0.56
505773,11030,5,11,1,,,,TRUE,0.95
505774,11030,10,11,1,TRUE,B,97.0,FALSE,0.63
505775,11031,16,8,3,TRUE,C,84.2,FALSE,0.81
505776,11031,14,8,3,FALSE,D,58.2,FALSE,0.61
505777,11031,15,8,3,TRUE,A,95.1,FALSE,0.65
505778,11032,4,8,2,TRUE,A,91.6,FALSE,0.82
505779,11032,3,8,2,TRUE,C,82.6,FALSE,0.66
505780,11033,3,7,2,TRUE,A,94.2,FALSE,0.84
505781,11033,11,7,2,TRUE,A,85.0,FALSE,0.71
505782,11033,4,8,2,TRUE,B,86.3,FALSE,0.66
505783,11033,8,8,2,TRUE,C,77.6,FALSE,0.98
505784,11033,7,9,2,TRUE,B,79.5,FALSE,0.9
505785,11033,5,9,2,TRUE,A,98.9,FALSE,0.73
505786,11033,1,10,2,TRUE,A,85.2,FALSE,0.68
505787,11033,12,10,2,FALSE,D,53.1,FALSE,0.75
505788,11034,12,1,5,FALSE,D,60.4,FALSE,0.7
505789,11034,10,1,5,TRUE,C,92.1,FALSE,0.83
505790,11034,9,1,5,TRUE,C,95.1,FALSE,0.91
505791,11034,11,2,5,TRUE,A,78.9,FALSE,0.69
505792,11035,3,9,1,TRUE,A,98.0,FALSE,0.58
505793,11035,4,9,1,FALSE,F,54.9,FALSE,0.68
505794,11035,1,9,1,TRUE,B,82.5,FALSE,0.95
505795,11036,3,1,2,TRUE,A,88.8,FALSE,0.86
505796,11036,5,1,2,TRUE,B,82.7,FALSE,0.84
505797,11036,12,1,2,TRUE,A,86.4,FALSE,0.64
505798,11036,11,2,2,FALSE,F,51.2,FALSE,0.97
505799,11036,2,2,2,TRUE,B,96.8,FALSE,0.56
505800,11036,6,2,2,TRUE,A,90.6,FALSE,0.6
505801,11036,1,3,2,TRUE,B,85.8,FALSE,0.65
505802,11036,4,3,2,FALSE,F,73.1,FALSE,0.75
505803,11036,8,3,2,FALSE,D,54.5,FALSE,0.76
505804,11036,7,4,2,TRUE,B,97.9,FALSE,0.67
505805,11037,8,8,1,TRUE,B,78.6,FALSE,0.58
505806,11037,9,8,1,TRUE,B,81.7,FALSE,0.89
505807,11037,3,9,1,FALSE,F,73.4,FALSE,0.93
505808,11037,13,9,1,TRUE,B,99.0,FALSE,0.94
505809,11037,4,10,1,TRUE,A,97.6,FALSE,0.67
505810,11037,11,10,1,TRUE,A,78.5,FALSE,0.98
505811,11037,7,11,1,,,,FALSE,0.68
505812,11037,5,11,1,TRUE,B,85.1,FALSE,0.67
505813,11038,5,1,2,TRUE,A,82.6,FALSE,0.93
505814,11038,11,1,2,TRUE,B,85.2,FALSE,0.63
505815,11038,7,2,2,TRUE,B,77.4,FALSE,0.89
505816,11038,2,2,2,TRUE,A,94.0,FALSE,0.74
505817,11038,3,3,2,TRUE,B,90.5,FALSE,0.6
505818,11038,8,3,2,TRUE,C,80.1,FALSE,0.6
505819,11038,12,4,2,TRUE,C,91.2,FALSE,0.74
505820,11038,6,4,2,TRUE,A,80.8,FALSE,0.89
505821,11038,4,5,2,FALSE,F,61.1,FALSE,0.84
505822,11038,1,5,2,TRUE,C,88.8,FALSE,0.89
505823,11039,5,2,1,TRUE,B,82.4,FALSE,0.66
505824,11039,9,2,1,TRUE,C,80.3,FALSE,0.92
505825,11039,13,3,1,TRUE,B,86.3,FALSE,0.89
505826,11039,6,3,1,TRUE,B,77.3,FALSE,0.78
505827,11039,11,4,1,TRUE,B,95.1,FALSE,0.93
505828,11039,3,4,1,FALSE,D,69.3,FALSE,0.91
505829,11039,10,5,1,TRUE,A,81.1,FALSE,0.91
505830,11039,4,5,1,TRUE,C,75.4,FALSE,0.6
505831,11039,2,6,1,TRUE,B,84.5,FALSE,0.86
505832,11039,1,6,1,TRUE,B,75.4,FALSE,0.71
505833,11039,7,7,1,TRUE,C,82.9,FALSE,0.97
505834,11039,12,7,1,FALSE,F,57.2,FALSE,0.78
505835,11040,11,7,1,FALSE,F,72.8,FALSE,0.59
505836,11040,6,7,1,TRUE,C,81.5,FALSE,0.87
505837,11040,10,7,1,TRUE,B,90.3,FALSE,0.63
505838,11040,2,8,1,TRUE,B,90.5,FALSE,0.56
505839,11040,4,8,1,TRUE,C,98.9,FALSE,0.85
505840,11040,1,8,1,TRUE,A,94.2,FALSE,0.89
505841,11040,12,9,1,FALSE,F,65.6,FALSE,0.76
505842,11040,13,9,1,TRUE,B,89.5,FALSE,0.62
505843,11040,7,9,1,TRUE,A,78.8,FALSE,0.98
505844,11041,4,2,1,FALSE,F,60.2,FALSE,0.98
505845,11041,12,2,1,TRUE,A,79.5,FALSE,0.77
505846,11041,5,3,1,TRUE,A,79.5,FALSE,0.69
505847,11041,11,3,1,TRUE,B,91.8,FALSE,0.63
505848,11041,2,4,1,TRUE,B,91.2,FALSE,0.88
505849,11041,1,4,1,FALSE,F,54.7,FALSE,0.75
505850,11041,9,5,1,TRUE,A,86.5,FALSE,0.72
505851,11041,13,5,1,TRUE,C,76.6,FALSE,0.83
505852,11042,11,2,5,TRUE,C,88.6,FALSE,0.98
505853,11042,9,2,5,TRUE,C,80.4,FALSE,0.91
505854,11042,12,2,5,FALSE,D,68.2,FALSE,0.71
505855,11042,10,3,5,TRUE,B,91.4,FALSE,0.77
505856,11043,14,7,4,TRUE,B,86.7,FALSE,0.81
505857,11043,16,7,4,TRUE,C,80.3,FALSE,0.83
505858,11043,8,8,4,TRUE,A,91.3,FALSE,0.61
505859,11043,15,8,4,TRUE,A,80.7,FALSE,0.6
505860,11044,5,1,1,TRUE,B,84.7,FALSE,0.68
505861,11044,7,1,1,TRUE,B,93.6,FALSE,0.87
505862,11044,6,2,1,TRUE,A,79.1,FALSE,0.92
505863,11044,8,2,1,TRUE,A,80.5,FALSE,0.96
505864,11045,14,2,3,TRUE,C,82.7,FALSE,0.94
505865,11045,15,2,3,TRUE,C,97.6,FALSE,0.81
505866,11045,16,3,3,TRUE,A,94.9,FALSE,0.66
505867,11046,3,9,2,TRUE,B,98.7,FALSE,0.92
505868,11046,12,9,2,TRUE,B,79.5,FALSE,0.84
505869,11046,8,9,2,TRUE,B,89.8,FALSE,0.64
505870,11047,7,7,2,TRUE,A,88.1,FALSE,0.79
505871,11047,11,7,2,TRUE,C,90.3,FALSE,0.75
505872,11047,3,7,2,TRUE,A,80.6,FALSE,0.59
505873,11047,4,8,2,TRUE,C,85.7,FALSE,0.66
505874,11047,1,8,2,TRUE,B,79.1,FALSE,0.69
505875,11047,8,8,2,FALSE,F,70.6,FALSE,0.56
505876,11047,5,9,2,TRUE,B,97.0,FALSE,0.84
505877,11047,12,9,2,TRUE,A,78.1,FALSE,0.96
505878,11047,6,9,2,TRUE,A,77.4,FALSE,0.9
505879,11048,15,5,6,TRUE,B,80.6,FALSE,0.58
505880,11048,10,5,6,TRUE,B,92.5,FALSE,0.68
505881,11048,16,6,6,TRUE,A,98.4,FALSE,0.98
505882,11048,14,6,6,TRUE,A,92.7,FALSE,0.76
505883,11049,3,7,1,TRUE,A,96.4,FALSE,0.84
505884,11049,12,7,1,TRUE,A,84.6,FALSE,0.59
505885,11049,11,8,1,TRUE,C,98.7,FALSE,0.74
505886,11049,8,8,1,TRUE,B,77.5,FALSE,0.7
505887,11049,1,9,1,TRUE,A,75.6,FALSE,0.77
505888,11049,9,9,1,TRUE,B,95.2,FALSE,0.86
505889,11049,10,10,1,TRUE,A,86.8,FALSE,0.99
505890,11049,4,10,1,FALSE,D,73.0,FALSE,0.81
505891,11050,9,7,1,TRUE,B,94.4,FALSE,0.63
505892,11050,6,7,1,TRUE,B,98.4,FALSE,0.61
505893,11051,6,9,1,TRUE,C,75.6,FALSE,0.95
505894,11051,11,9,1,TRUE,B,97.0,FALSE,0.83
505895,11051,2,10,1,TRUE,B,75.6,FALSE,0.99
505896,11051,12,10,1,TRUE,A,93.0,FALSE,0.83
505897,11051,1,11,1,TRUE,A,98.3,FALSE,0.93
505898,11051,13,11,1,TRUE,B,82.7,FALSE,0.59
505899,11052,14,5,4,TRUE,C,82.8,FALSE,0.75
505900,11052,15,5,4,TRUE,B,91.7,FALSE,0.9
505901,11052,16,6,4,TRUE,B,85.7,FALSE,1.0
505902,11052,8,6,4,FALSE,F,56.3,FALSE,0.97
505903,11053,8,3,1,TRUE,B,87.0,FALSE,0.82
505904,11053,9,3,1,TRUE,A,80.8,FALSE,0.58
505905,11053,5,3,1,TRUE,A,95.7,FALSE,0.69
505906,11053,13,4,1,FALSE,F,67.5,FALSE,0.72
505907,11053,1,4,1,TRUE,B,88.7,FALSE,0.9
505908,11053,3,4,1,TRUE,B,85.4,FALSE,0.78
505909,11053,4,5,1,FALSE,F,49.3,FALSE,0.95
505910,11053,7,5,1,FALSE,D,55.7,FALSE,0.66
505911,11053,10,5,1,TRUE,B,90.0,FALSE,0.79
505912,11053,12,6,1,FALSE,D,67.3,FALSE,0.71
505913,11053,2,6,1,TRUE,B,75.5,FALSE,0.81
505914,11053,6,6,1,TRUE,B,81.8,FALSE,0.61
505915,11053,11,7,1,TRUE,A,76.5,FALSE,0.79
505916,11054,14,7,3,TRUE,B,76.9,FALSE,0.6
505917,11054,15,7,3,TRUE,B,77.6,FALSE,0.71
505918,11054,16,8,3,TRUE,B,83.9,FALSE,0.85
505919,11055,9,2,5,FALSE,D,54.3,FALSE,0.97
505920,11055,10,2,5,TRUE,A,95.1,FALSE,0.9
505921,11055,12,2,5,TRUE,C,90.2,FALSE,0.67
505922,11055,11,3,5,TRUE,C,86.6,FALSE,0.85
505923,11056,12,6,5,TRUE,A,80.5,FALSE,0.87
505924,11056,11,6,5,TRUE,B,86.0,FALSE,0.58
505925,11056,9,6,5,TRUE,A,98.1,FALSE,0.74
505926,11056,10,7,5,TRUE,B,82.0,FALSE,0.82
505927,11057,10,8,6,TRUE,C,77.0,FALSE,0.79
505928,11057,14,8,6,TRUE,A,96.5,FALSE,0.94
505929,11057,15,9,6,TRUE,B,94.1,FALSE,0.83
505930,11057,16,9,6,TRUE,C,92.9,FALSE,0.68
505931,11058,10,5,5,TRUE,B,92.2,FALSE,0.59
505932,11058,9,5,5,TRUE,B,97.0,FALSE,0.99
505933,11058,11,6,5,TRUE,B,88.8,FALSE,0.56
505934,11058,12,6,5,FALSE,D,65.4,FALSE,0.7
505935,11059,12,4,5,FALSE,D,67.8,FALSE,0.8
505936,11059,9,4,5,TRUE,A,86.4,FALSE,0.77
505937,11059,10,4,5,TRUE,B,91.2,FALSE,0.74
505938,11059,11,5,5,TRUE,A,88.7,FALSE,0.75
505939,11060,16,8,3,TRUE,A,78.6,FALSE,0.8
505940,11060,15,8,3,TRUE,B,85.9,FALSE,0.61
505941,11060,14,8,3,TRUE,B,85.7,FALSE,0.75
505942,11061,14,3,4,TRUE,C,93.1,FALSE,0.82
505943,11061,16,3,4,TRUE,B,89.4,FALSE,0.62
505944,11061,15,4,4,TRUE,B,78.0,FALSE,0.85
505945,11061,8,4,4,TRUE,B,77.7,FALSE,0.94
505946,11062,16,9,3,TRUE,B,85.1,FALSE,0.69
505947,11062,14,9,3,FALSE,D,64.6,FALSE,0.88
505948,11062,15,9,3,TRUE,B,96.4,FALSE,0.84
505949,11063,14,1,3,TRUE,B,95.5,FALSE,0.76
505950,11063,16,1,3,TRUE,A,94.8,FALSE,0.67
505951,11064,12,8,2,TRUE,B,81.8,FALSE,0.68
505952,11064,4,8,2,TRUE,C,93.8,FALSE,0.83
505953,11064,5,8,2,TRUE,B,86.0,FALSE,0.61
505954,11064,7,9,2,TRUE,B,90.1,FALSE,0.67
505955,11064,3,9,2,TRUE,B,97.4,FALSE,0.67
505956,11064,2,9,2,TRUE,C,83.1,FALSE,0.84
505957,11064,1,10,2,TRUE,C,95.0,FALSE,0.73
505958,11064,11,10,2,TRUE,B,83.1,FALSE,0.99
505959,11064,8,10,2,FALSE,D,71.9,FALSE,0.56
505960,11065,11,8,2,TRUE,A,92.0,FALSE,0.76
505961,11065,3,8,2,TRUE,B,91.1,FALSE,0.77
505962,11065,5,8,2,TRUE,B,88.3,FALSE,0.93
505963,11065,2,9,2,TRUE,C,92.6,FALSE,0.99
505964,11065,8,9,2,TRUE,B,75.5,FALSE,0.97
505965,11065,1,9,2,TRUE,C,88.0,FALSE,0.63
505966,11066,9,4,5,TRUE,B,90.4,FALSE,0.98
505967,11066,11,4,5,TRUE,C,81.9,FALSE,0.71
505968,11066,10,4,5,TRUE,B,86.6,FALSE,0.91
505969,11066,12,5,5,TRUE,B,80.4,FALSE,0.94
505970,11067,2,2,1,TRUE,C,79.6,FALSE,0.74
505971,11067,6,2,1,TRUE,C,95.5,FALSE,0.76
505972,11067,13,3,1,TRUE,B,89.6,FALSE,0.57
505973,11067,12,3,1,TRUE,B,76.8,FALSE,0.83
505974,11067,7,4,1,TRUE,B,86.5,FALSE,0.61
505975,11067,1,4,1,TRUE,A,91.1,FALSE,0.79
505976,11067,4,5,1,TRUE,C,93.1,FALSE,0.69
505977,11067,10,5,1,TRUE,A,75.4,FALSE,0.98
505978,11067,3,6,1,TRUE,B,80.6,FALSE,0.81
505979,11067,5,6,1,TRUE,B,93.2,FALSE,0.83
505980,11068,10,8,1,TRUE,B,85.1,FALSE,0.57
505981,11068,4,8,1,FALSE,F,50.8,FALSE,0.8
505982,11068,3,9,1,TRUE,B,96.7,FALSE,0.75
505983,11068,8,9,1,TRUE,A,83.4,FALSE,0.84
505984,11068,11,10,1,FALSE,F,53.0,FALSE,0.8
505985,11068,12,10,1,TRUE,B,98.6,FALSE,0.82
505986,11068,5,11,1,,,,FALSE,0.81
505987,11068,6,11,1,,,,FALSE,0.92
505988,11069,12,2,1,TRUE,C,80.8,FALSE,0.8
505989,11069,1,2,1,TRUE,A,76.3,FALSE,0.55
505990,11069,7,3,1,TRUE,B,79.3,FALSE,0.76
505991,11069,3,3,1,FALSE,D,68.9,FALSE,0.81
505992,11069,13,4,1,TRUE,B,84.6,FALSE,0.57
505993,11069,10,4,1,TRUE,A,83.5,FALSE,0.74
505994,11069,2,5,1,TRUE,C,78.5,FALSE,0.84
505995,11069,5,5,1,TRUE,A,91.9,FALSE,0.86
505996,11070,2,1,1,TRUE,B,98.2,FALSE,0.62
505997,11070,1,1,1,TRUE,B,81.2,FALSE,0.72
505998,11070,11,1,1,TRUE,A,76.2,FALSE,0.75
505999,11070,13,2,1,TRUE,A,95.6,FALSE,0.82
506000,11070,12,2,1,TRUE,B,98.0,FALSE,0.69
506001,11070,5,2,1,TRUE,C,81.8,FALSE,0.69
506002,11071,12,7,1,TRUE,A,88.6,FALSE,0.82
506003,11071,13,7,1,TRUE,C,81.0,FALSE,0.66
506004,11071,5,7,1,FALSE,D,72.4,FALSE,0.71
506005,11071,6,8,1,TRUE,B,77.4,FALSE,0.73
506006,11071,7,8,1,TRUE,A,82.6,FALSE,0.81
506007,11071,8,8,1,TRUE,C,96.7,FALSE,0.59
506008,11071,10,9,1,TRUE,B,92.3,FALSE,0.69
506009,11071,3,9,1,TRUE,A,95.2,FALSE,0.92
506010,11071,1,9,1,TRUE,C,91.7,FALSE,0.86
506011,11071,9,10,1,FALSE,D,65.5,FALSE,0.67
506012,11071,11,10,1,TRUE,B,96.7,FALSE,0.71
506013,11071,2,10,1,TRUE,A,94.2,FALSE,0.55
506014,11072,5,2,2,TRUE,A,96.0,FALSE,0.85
506015,11072,1,2,2,TRUE,B,88.6,FALSE,0.62
506016,11072,3,2,2,TRUE,B,98.5,FALSE,0.93
506017,11073,11,7,2,TRUE,B,91.6,FALSE,0.97
506018,11073,6,7,2,FALSE,D,72.2,FALSE,0.93
506019,11073,12,7,2,TRUE,B,81.5,FALSE,0.79
506020,11073,2,8,2,FALSE,D,55.3,FALSE,0.59
506021,11073,7,8,2,TRUE,A,92.1,FALSE,1.0
506022,11073,4,8,2,FALSE,F,56.0,FALSE,0.59
506023,11073,8,9,2,TRUE,A,80.8,FALSE,0.87
506024,11073,1,9,2,TRUE,C,82.9,FALSE,0.73
506025,11073,5,9,2,TRUE,B,78.6,FALSE,0.82
506026,11074,6,4,1,TRUE,A,86.3,FALSE,0.93
506027,11074,2,4,1,TRUE,B,82.4,FALSE,0.89
506028,11074,9,4,1,TRUE,C,96.0,FALSE,0.89
506029,11074,11,5,1,TRUE,C,93.2,FALSE,0.89
506030,11074,3,5,1,TRUE,A,81.2,FALSE,0.88
506031,11074,1,5,1,TRUE,A,93.7,FALSE,0.91
506032,11074,13,6,1,TRUE,A,88.4,FALSE,0.72
506033,11074,7,6,1,TRUE,A,88.4,FALSE,0.81
506034,11074,10,6,1,TRUE,B,95.7,FALSE,0.96
506035,11074,8,7,1,FALSE,D,52.5,FALSE,0.88
506036,11074,5,7,1,TRUE,A,98.0,FALSE,0.67
506037,11074,12,7,1,TRUE,B,77.2,FALSE,0.96
506038,11075,2,9,1,TRUE,B,76.0,FALSE,0.92
506039,11075,9,9,1,TRUE,C,91.1,FALSE,0.74
506040,11075,8,10,1,TRUE,B,79.2,FALSE,0.66
506041,11075,1,10,1,TRUE,A,98.9,FALSE,0.68
506042,11075,7,11,1,,,,FALSE,0.78
506043,11075,4,11,1,TRUE,B,97.2,FALSE,0.99
506044,11076,7,1,1,TRUE,A,78.7,FALSE,0.82
506045,11076,13,1,1,TRUE,B,86.2,FALSE,0.88
506046,11076,6,2,1,TRUE,A,82.5,FALSE,0.94
506047,11076,3,2,1,TRUE,A,82.7,FALSE,0.91
506048,11076,10,3,1,TRUE,B,76.9,FALSE,0.71
506049,11076,5,3,1,TRUE,B,92.0,FALSE,0.95
506050,11077,12,3,5,TRUE,B,87.2,FALSE,0.71
506051,11077,11,3,5,TRUE,B,87.7,FALSE,0.96
506052,11077,10,4,5,TRUE,B,76.1,FALSE,0.77
506053,11077,9,4,5,TRUE,A,89.5,FALSE,0.91
506054,11078,13,3,1,TRUE,B,79.2,FALSE,0.83
506055,11078,11,3,1,TRUE,B,79.7,FALSE,0.96
506056,11078,6,3,1,TRUE,B,91.5,FALSE,0.86
506057,11078,7,4,1,TRUE,A,91.5,FALSE,0.71
506058,11078,8,4,1,TRUE,B,81.4,FALSE,0.86
506059,11078,1,4,1,TRUE,B,93.6,FALSE,0.88
506060,11079,5,4,1,FALSE,F,48.4,FALSE,0.62
506061,11079,6,4,1,TRUE,A,90.8,FALSE,0.93
506062,11079,7,5,1,TRUE,A,79.0,FALSE,0.88
506063,11079,11,5,1,TRUE,A,80.8,FALSE,0.65
506064,11079,10,6,1,TRUE,B,83.1,FALSE,0.95
506065,11079,4,6,1,TRUE,B,82.6,FALSE,0.75
506066,11079,8,7,1,TRUE,C,76.8,FALSE,0.74
506067,11079,12,7,1,TRUE,B,84.7,FALSE,0.79
506068,11080,11,8,2,TRUE,A,97.2,FALSE,0.83
506069,11080,5,8,2,TRUE,B,96.0,FALSE,0.57
506070,11080,6,9,2,TRUE,A,97.7,FALSE,0.72
506071,11080,3,9,2,TRUE,B,89.7,FALSE,0.91
506072,11080,2,10,2,TRUE,C,79.9,FALSE,0.94
506073,11080,1,10,2,TRUE,B,77.3,FALSE,0.96
506074,11080,8,11,2,,,,FALSE,0.58
506075,11080,12,11,2,,,,FALSE,0.79
506076,11081,8,3,2,TRUE,B,80.4,FALSE,0.93
506077,11081,3,3,2,TRUE,B,75.0,FALSE,0.82
506078,11081,1,4,2,TRUE,A,90.1,FALSE,0.72
506079,11081,2,4,2,TRUE,A,95.4,FALSE,0.76
506080,11081,12,5,2,TRUE,B,75.1,FALSE,0.76
506081,11081,6,5,2,TRUE,B,76.2,FALSE,0.89
506082,11082,10,4,1,TRUE,A,77.7,FALSE,0.55
506083,11082,2,4,1,TRUE,C,76.1,FALSE,0.91
506084,11082,7,4,1,TRUE,B,77.8,FALSE,0.8
506085,11082,9,5,1,TRUE,B,97.0,FALSE,0.68
506086,11082,11,5,1,TRUE,A,88.0,FALSE,0.79
506087,11082,6,5,1,TRUE,B,82.4,FALSE,0.62
506088,11082,13,6,1,FALSE,F,56.6,FALSE,0.75
506089,11082,3,6,1,TRUE,A,80.4,FALSE,0.72
506090,11082,12,6,1,FALSE,F,62.2,FALSE,0.69
506091,11082,8,7,1,TRUE,A,76.3,FALSE,0.7
506092,11082,5,7,1,TRUE,B,76.9,FALSE,0.8
506093,11082,1,7,1,TRUE,B,93.3,FALSE,0.56
506094,11083,15,6,4,TRUE,B,77.9,FALSE,0.84
506095,11083,8,6,4,FALSE,F,48.6,FALSE,0.92
506096,11083,14,6,4,FALSE,F,48.6,FALSE,0.77
506097,11083,16,7,4,TRUE,B,76.0,FALSE,0.88
506098,11084,11,1,1,TRUE,B,96.4,FALSE,0.67
506099,11084,1,1,1,TRUE,B,86.2,FALSE,0.64
506100,11084,3,1,1,TRUE,B,78.6,FALSE,0.63
506101,11084,5,2,1,TRUE,A,76.2,FALSE,0.72
506102,11084,8,2,1,TRUE,B,94.5,FALSE,0.59
506103,11084,12,2,1,TRUE,A,94.5,FALSE,0.64
506104,11084,10,3,1,TRUE,B,95.3,FALSE,0.59
506105,11084,9,3,1,TRUE,A,87.8,FALSE,0.81
506106,11084,4,3,1,TRUE,B,84.3,FALSE,0.94
506107,11084,7,4,1,TRUE,B,80.0,FALSE,0.71
506108,11084,13,4,1,TRUE,B,77.0,FALSE,0.96
506109,11084,2,4,1,TRUE,B,91.6,FALSE,0.99
506110,11085,4,6,1,TRUE,A,94.0,FALSE,0.79
506111,11085,10,6,1,TRUE,B,88.9,FALSE,0.9
506112,11085,11,7,1,TRUE,A,91.2,FALSE,0.61
506113,11085,3,7,1,FALSE,F,52.1,FALSE,0.66
506114,11085,8,8,1,TRUE,C,87.4,FALSE,0.89
506115,11085,13,8,1,FALSE,F,63.0,FALSE,0.9
506116,11085,1,9,1,TRUE,C,89.7,FALSE,0.85
506117,11085,12,9,1,TRUE,A,81.2,FALSE,0.9
506118,11086,9,3,5,TRUE,A,82.3,FALSE,0.92
506119,11086,12,3,5,TRUE,C,84.3,FALSE,0.62
506120,11086,11,3,5,TRUE,B,92.6,FALSE,0.74
506121,11086,10,4,5,TRUE,A,84.9,FALSE,0.71
506122,11087,10,1,5,TRUE,A,98.4,FALSE,0.64
506123,11087,11,1,5,TRUE,B,76.0,FALSE,0.56
506124,11087,9,2,5,TRUE,B,98.8,FALSE,0.63
506125,11087,12,2,5,TRUE,C,76.2,FALSE,0.76
506126,11088,8,4,1,TRUE,B,91.5,FALSE,0.84
506127,11088,10,4,1,TRUE,B,85.2,FALSE,0.72
506128,11088,6,5,1,FALSE,D,68.5,FALSE,0.93
506129,11088,12,5,1,TRUE,A,96.8,FALSE,0.94
506130,11088,4,6,1,FALSE,D,63.5,FALSE,0.88
506131,11088,11,6,1,TRUE,C,79.1,FALSE,0.67
506132,11088,5,7,1,TRUE,B,97.3,FALSE,0.8
506133,11088,1,7,1,TRUE,A,85.8,FALSE,0.62
506134,11088,13,8,1,TRUE,B,91.0,FALSE,0.9
506135,11088,3,8,1,TRUE,A,85.6,FALSE,0.61
506136,11089,8,3,1,TRUE,B,97.7,FALSE,0.95
506137,11089,10,3,1,TRUE,B,79.6,FALSE,0.96
506138,11089,2,3,1,TRUE,C,84.1,FALSE,0.76
506139,11089,6,4,1,TRUE,A,78.3,FALSE,0.63
506140,11089,3,4,1,FALSE,F,65.7,FALSE,0.74
506141,11089,7,4,1,TRUE,B,92.5,FALSE,0.58
506142,11089,11,5,1,TRUE,B,89.5,FALSE,0.76
506143,11089,12,5,1,TRUE,A,80.3,FALSE,0.79
506144,11089,5,5,1,TRUE,C,75.2,FALSE,0.65
506145,11089,4,6,1,TRUE,C,97.1,FALSE,0.9
506146,11089,13,6,1,TRUE,B,95.2,FALSE,0.6
506147,11089,1,6,1,TRUE,B,96.0,FALSE,0.79
506148,11089,9,7,1,FALSE,F,74.2,FALSE,0.7
506149,11090,14,6,3,TRUE,C,77.4,FALSE,0.88
506150,11090,16,6,3,TRUE,A,76.9,FALSE,0.99
506151,11090,15,6,3,TRUE,B,86.5,FALSE,0.72
506152,11091,6,3,1,TRUE,B,94.4,FALSE,0.84
506153,11091,11,3,1,TRUE,A,84.8,FALSE,0.56
506154,11091,13,3,1,TRUE,B,75.3,FALSE,0.78
506155,11091,4,4,1,TRUE,A,84.6,FALSE,0.89
506156,11091,1,4,1,TRUE,B,85.8,FALSE,0.99
506157,11091,7,4,1,TRUE,C,89.4,FALSE,0.77
506158,11091,2,5,1,TRUE,B,95.2,FALSE,0.83
506159,11091,9,5,1,TRUE,B,83.2,FALSE,0.62
506160,11091,12,5,1,TRUE,B,93.9,FALSE,0.75
506161,11091,10,6,1,TRUE,A,88.7,FALSE,1.0
506162,11091,8,6,1,TRUE,B,98.6,FALSE,0.76
506163,11091,5,6,1,TRUE,A,85.4,FALSE,0.59
506164,11092,15,8,6,TRUE,A,92.2,FALSE,0.8
506165,11092,10,8,6,TRUE,A,87.6,FALSE,0.83
506166,11092,14,8,6,TRUE,C,95.0,FALSE,0.89
506167,11092,16,9,6,TRUE,B,78.3,FALSE,0.84
506168,11093,8,9,2,TRUE,B,84.0,FALSE,0.84
506169,11093,3,9,2,FALSE,F,72.1,FALSE,0.77
506170,11093,1,10,2,TRUE,B,91.9,FALSE,0.62
506171,11093,6,10,2,TRUE,B,80.6,FALSE,0.55
506172,11094,12,8,2,TRUE,B,75.9,FALSE,0.58
506173,11094,3,8,2,TRUE,A,75.9,FALSE,0.55
506174,11094,5,9,2,TRUE,B,85.3,FALSE,0.93
506175,11094,4,9,2,TRUE,B,82.8,FALSE,0.97
506176,11094,2,10,2,TRUE,A,81.0,FALSE,0.59
506177,11094,8,10,2,TRUE,B,95.9,FALSE,0.61
506178,11094,6,11,2,,,,FALSE,0.89
506179,11094,11,11,2,TRUE,C,75.1,FALSE,0.69
506180,11095,9,1,5,TRUE,B,79.7,FALSE,0.9
506181,11095,11,1,5,TRUE,B,77.6,FALSE,0.72
506182,11095,12,1,5,TRUE,A,84.6,FALSE,0.57
506183,11095,10,2,5,TRUE,C,90.1,FALSE,0.85
506184,11096,7,7,1,TRUE,B,79.2,FALSE,1.0
506185,11096,5,7,1,TRUE,B,81.2,FALSE,0.92
506186,11097,12,2,1,TRUE,B,86.8,FALSE,0.59
506187,11097,10,2,1,TRUE,B,75.4,FALSE,0.72
506188,11097,2,2,1,TRUE,C,83.5,FALSE,0.93
506189,11097,1,3,1,TRUE,C,88.2,FALSE,0.77
506190,11097,8,3,1,TRUE,B,90.3,FALSE,0.77
506191,11097,9,3,1,TRUE,A,97.4,FALSE,0.58
506192,11097,4,4,1,TRUE,B,91.2,FALSE,0.62
506193,11097,3,4,1,TRUE,A,87.7,FALSE,0.89
506194,11097,6,4,1,FALSE,D,70.8,FALSE,0.97
506195,11098,16,7,3,TRUE,A,80.9,FALSE,0.82
506196,11098,14,7,3,TRUE,B,91.9,FALSE,0.84
506197,11099,1,3,2,TRUE,B,97.1,FALSE,0.86
506198,11099,8,3,2,TRUE,A,96.1,FALSE,0.68
506199,11099,12,4,2,TRUE,B,86.3,FALSE,0.61
506200,11099,3,4,2,TRUE,C,93.3,FALSE,0.67
506201,11099,2,5,2,TRUE,C,78.6,FALSE,0.91
506202,11099,6,5,2,TRUE,A,93.6,FALSE,0.8
506203,11099,7,6,2,FALSE,F,59.9,FALSE,0.56
506204,11099,11,6,2,TRUE,B,85.6,FALSE,0.68
506205,11099,4,7,2,FALSE,F,61.4,FALSE,0.58
506206,11099,5,7,2,TRUE,A,78.1,FALSE,0.78
506207,11100,5,9,1,TRUE,B,88.5,FALSE,0.59
506208,11100,10,9,1,TRUE,C,94.9,FALSE,0.67
506209,11100,4,9,1,TRUE,B,98.7,FALSE,0.71
506210,11100,11,10,1,FALSE,F,51.9,FALSE,0.68
506211,11100,3,10,1,TRUE,C,81.6,FALSE,0.94
506212,11100,2,10,1,TRUE,A,87.3,FALSE,0.74
506213,11100,13,11,1,,,,FALSE,0.82
506214,11100,1,11,1,,,,FALSE,0.75
506215,11100,8,11,1,TRUE,B,81.5,FALSE,0.83
506216,11101,6,9,2,TRUE,A,82.4,FALSE,0.59
506217,11101,11,9,2,TRUE,B,76.9,FALSE,0.67
506218,11102,10,5,5,TRUE,B,85.9,FALSE,0.58
506219,11102,9,5,5,TRUE,B,85.7,FALSE,0.72
506220,11102,11,6,5,TRUE,B,75.5,FALSE,0.97
506221,11102,12,6,5,TRUE,B,80.2,FALSE,0.73
506222,11103,8,6,1,TRUE,B,76.0,FALSE,0.83
506223,11103,6,6,1,TRUE,A,95.3,FALSE,0.75
506224,11103,13,6,1,TRUE,C,87.0,FALSE,0.7
506225,11103,1,7,1,TRUE,B,90.6,FALSE,0.82
506226,11103,2,7,1,TRUE,B,95.0,FALSE,0.8
506227,11103,10,7,1,TRUE,B,87.5,FALSE,0.67
506228,11103,9,8,1,TRUE,B,91.3,FALSE,0.8
506229,11103,7,8,1,TRUE,B,87.2,FALSE,0.75
506230,11103,3,8,1,TRUE,B,88.6,FALSE,0.62
506231,11104,5,3,2,TRUE,B,81.8,FALSE,0.92
506232,11104,8,3,2,TRUE,B,98.0,FALSE,0.84
506233,11104,7,4,2,TRUE,A,79.6,FALSE,0.58
506234,11104,6,4,2,TRUE,A,88.8,FALSE,0.58
506235,11105,15,9,3,TRUE,B,86.9,FALSE,0.95
506236,11105,14,9,3,TRUE,A,85.2,FALSE,0.94
506237,11105,16,10,3,TRUE,A,90.1,FALSE,0.6
506238,11106,11,4,1,TRUE,C,83.4,FALSE,0.61
506239,11106,2,4,1,TRUE,C,87.3,FALSE,0.57
506240,11107,14,6,3,FALSE,D,66.5,FALSE,0.96
506241,11107,15,6,3,TRUE,B,95.0,FALSE,0.99
506242,11107,16,6,3,TRUE,B,92.5,FALSE,0.84
506243,11108,15,6,3,TRUE,B,97.9,FALSE,0.85
506244,11108,14,6,3,TRUE,A,93.6,FALSE,0.73
506245,11108,16,7,3,TRUE,B,89.7,FALSE,0.64
506246,11109,11,1,1,TRUE,B,92.6,FALSE,0.94
506247,11109,10,1,1,TRUE,B,90.7,FALSE,0.91
506248,11109,7,2,1,TRUE,B,89.2,FALSE,0.72
506249,11109,1,2,1,TRUE,B,98.3,FALSE,0.99
506250,11109,13,3,1,TRUE,A,90.6,FALSE,0.83
506251,11109,8,3,1,TRUE,A,88.3,FALSE,0.98
506252,11109,9,4,1,TRUE,A,92.2,FALSE,0.9
506253,11109,4,4,1,TRUE,B,91.0,FALSE,0.75
506254,11110,3,7,1,FALSE,F,50.3,FALSE,0.91
506255,11110,5,7,1,TRUE,B,77.2,FALSE,0.75
506256,11110,2,7,1,TRUE,B,75.5,FALSE,0.81
506257,11110,10,8,1,TRUE,B,94.9,FALSE,0.74
506258,11110,13,8,1,TRUE,B,76.9,FALSE,0.91
506259,11110,8,8,1,TRUE,A,91.5,FALSE,0.99
506260,11110,1,9,1,TRUE,B,76.3,FALSE,0.66
506261,11110,6,9,1,TRUE,A,93.4,FALSE,0.99
506262,11110,9,9,1,TRUE,B,83.9,FALSE,0.72
506263,11110,7,10,1,TRUE,C,83.9,FALSE,0.93
506264,11110,12,10,1,TRUE,C,84.5,FALSE,0.76
506265,11110,11,10,1,TRUE,C,78.3,FALSE,0.76
506266,11110,4,11,1,,,,FALSE,0.55
506267,11111,15,5,6,TRUE,B,80.8,FALSE,0.9
506268,11111,14,5,6,TRUE,C,85.2,FALSE,0.63
506269,11111,10,5,6,TRUE,A,86.6,FALSE,0.94
506270,11111,16,6,6,TRUE,B,95.1,FALSE,0.65
506271,11112,3,4,1,TRUE,B,85.0,FALSE,0.64
506272,11112,9,4,1,TRUE,B,94.3,FALSE,0.6
506273,11112,7,4,1,TRUE,A,86.5,FALSE,0.74
506274,11112,11,5,1,TRUE,A,89.5,FALSE,0.75
506275,11112,10,5,1,TRUE,B,76.4,FALSE,0.58
506276,11112,13,5,1,FALSE,D,60.1,FALSE,0.75
506277,11112,2,6,1,TRUE,B,79.9,FALSE,0.81
506278,11112,5,6,1,TRUE,B,85.6,FALSE,0.97
506279,11112,12,6,1,TRUE,B,76.2,FALSE,0.67
506280,11112,6,7,1,TRUE,A,76.7,FALSE,0.62
506281,11112,1,7,1,TRUE,A,87.3,FALSE,0.78
506282,11112,4,7,1,TRUE,B,88.0,FALSE,0.87
506283,11112,8,8,1,TRUE,B,88.5,FALSE,0.96
506284,11113,1,8,2,TRUE,B,98.9,FALSE,0.99
506285,11113,2,8,2,TRUE,C,79.5,FALSE,0.66
506286,11113,6,9,2,TRUE,B,97.7,FALSE,0.87
506287,11113,7,9,2,FALSE,D,56.6,FALSE,0.92
506288,11113,11,10,2,TRUE,A,83.5,FALSE,0.92
506289,11113,12,10,2,TRUE,A,93.3,FALSE,0.72
506290,11113,8,11,2,TRUE,B,77.1,FALSE,0.72
506291,11113,4,11,2,,,,FALSE,0.56
506292,11114,2,3,2,FALSE,F,68.9,FALSE,0.81
506293,11114,6,3,2,TRUE,A,79.0,FALSE,0.85
506294,11114,5,4,2,TRUE,C,88.7,FALSE,0.66
506295,11114,1,4,2,TRUE,A,77.1,FALSE,0.6
506296,11114,7,5,2,TRUE,B,89.7,FALSE,0.6
506297,11114,4,5,2,TRUE,B,92.0,FALSE,0.91
506298,11114,8,6,2,TRUE,B,75.6,FALSE,0.82
506299,11114,12,6,2,TRUE,B,92.6,FALSE,0.82
506300,11115,11,4,2,TRUE,A,88.6,FALSE,1.0
506301,11115,4,4,2,TRUE,B,98.4,FALSE,0.99
506302,11115,7,5,2,TRUE,B,94.0,FALSE,0.82
506303,11115,8,5,2,FALSE,D,61.2,FALSE,0.98
506304,11116,16,5,3,FALSE,D,73.4,FALSE,0.69
506305,11116,15,5,3,FALSE,D,71.7,FALSE,0.94
506306,11116,14,6,3,TRUE,B,77.5,FALSE,0.86
506307,11117,15,8,6,TRUE,B,86.3,FALSE,0.99
506308,11117,10,8,6,TRUE,B,87.5,FALSE,0.8
506309,11117,14,9,6,TRUE,B,91.3,FALSE,0.83
506310,11117,16,9,6,TRUE,B,92.1,FALSE,0.99
506311,11118,9,8,5,TRUE,A,75.2,FALSE,0.58
506312,11118,10,8,5,TRUE,B,76.5,FALSE,0.94
506313,11118,12,9,5,FALSE,D,57.2,FALSE,0.63
506314,11118,11,9,5,TRUE,B,82.4,FALSE,0.84
506315,11119,9,6,5,TRUE,B,89.6,FALSE,0.98
506316,11119,11,6,5,TRUE,A,87.1,FALSE,0.63
506317,11119,10,7,5,TRUE,A,89.4,FALSE,0.59
506318,11119,12,7,5,FALSE,D,70.7,FALSE,0.65
506319,11120,10,3,5,TRUE,C,93.0,FALSE,0.89
506320,11120,9,3,5,TRUE,B,82.9,FALSE,0.93
506321,11120,12,4,5,TRUE,A,87.1,FALSE,0.83
506322,11120,11,4,5,TRUE,B,92.8,FALSE,0.64
506323,11121,12,3,5,TRUE,A,90.2,FALSE,0.6
506324,11121,9,3,5,TRUE,B,83.1,FALSE,0.82
506325,11121,10,3,5,TRUE,B,91.1,FALSE,0.94
506326,11122,1,9,1,TRUE,B,80.2,FALSE,0.66
506327,11122,3,9,1,TRUE,B,96.5,FALSE,0.62
506328,11123,16,2,4,TRUE,C,78.5,FALSE,0.64
506329,11123,8,2,4,TRUE,B,92.8,FALSE,0.95
506330,11123,14,3,4,TRUE,B,85.5,FALSE,0.55
506331,11123,15,3,4,TRUE,A,80.3,FALSE,0.56
506332,11124,4,4,1,TRUE,A,87.5,FALSE,0.71
506333,11124,10,4,1,TRUE,A,85.6,FALSE,0.81
506334,11124,8,5,1,TRUE,A,93.0,FALSE,0.89
506335,11124,7,5,1,TRUE,C,78.8,FALSE,0.71
506336,11124,2,6,1,TRUE,A,86.1,FALSE,0.72
506337,11124,13,6,1,TRUE,B,83.8,FALSE,0.61
506338,11124,3,7,1,TRUE,A,85.0,FALSE,0.97
506339,11124,1,7,1,TRUE,B,98.3,FALSE,0.72
506340,11124,9,8,1,FALSE,F,50.2,FALSE,0.93
506341,11124,11,8,1,TRUE,A,85.8,FALSE,0.99
506342,11124,6,9,1,TRUE,A,82.2,FALSE,0.92
506343,11124,5,9,1,TRUE,B,97.5,FALSE,0.76
506344,11125,14,4,4,TRUE,B,77.2,FALSE,0.99
506345,11125,8,4,4,TRUE,B,86.3,FALSE,0.56
506346,11125,15,4,4,TRUE,B,98.3,FALSE,0.66
506347,11125,16,5,4,TRUE,B,97.4,FALSE,0.88
506348,11126,15,8,4,TRUE,C,80.4,FALSE,0.94
506349,11126,16,8,4,TRUE,B,94.9,FALSE,0.86
506350,11126,8,9,4,TRUE,C,79.7,FALSE,0.77
506351,11126,14,9,4,TRUE,B,81.5,FALSE,0.7
506352,11127,9,3,5,TRUE,A,79.1,FALSE,0.79
506353,11127,12,3,5,TRUE,B,79.9,FALSE,0.9
506354,11127,11,3,5,TRUE,A,91.2,FALSE,0.81
506355,11127,10,4,5,TRUE,A,84.3,FALSE,0.78
506356,11128,12,7,2,FALSE,F,73.1,FALSE,0.78
506357,11128,5,7,2,TRUE,B,78.4,FALSE,0.62
506358,11128,3,8,2,TRUE,B,99.0,FALSE,0.56
506359,11128,11,8,2,TRUE,B,86.6,FALSE,0.87
506360,11128,4,9,2,TRUE,A,77.5,FALSE,0.66
506361,11128,6,9,2,TRUE,B,90.2,FALSE,0.72
506362,11129,5,4,2,FALSE,F,56.4,FALSE,0.85
506363,11129,2,4,2,TRUE,B,96.4,FALSE,0.97
506364,11129,11,4,2,TRUE,A,87.6,FALSE,0.95
506365,11130,9,9,1,TRUE,C,98.6,FALSE,0.78
506366,11130,10,9,1,TRUE,A,93.5,FALSE,0.91
506367,11130,7,10,1,TRUE,A,93.7,FALSE,0.63
506368,11130,11,10,1,TRUE,B,92.1,FALSE,1.0
506369,11130,13,11,1,,,,FALSE,0.98
506370,11130,12,11,1,,,,FALSE,0.86
506371,11131,6,1,2,TRUE,B,82.9,FALSE,0.78
506372,11131,4,1,2,TRUE,B,79.2,FALSE,0.6
506373,11131,12,1,2,TRUE,B,75.8,FALSE,0.93
506374,11131,7,2,2,TRUE,B,86.1,FALSE,0.59
506375,11131,3,2,2,TRUE,A,96.4,FALSE,0.61
506376,11131,8,2,2,TRUE,C,83.6,FALSE,0.75
506377,11131,2,3,2,TRUE,A,80.2,FALSE,0.86
506378,11131,5,3,2,FALSE,F,49.9,FALSE,0.75
506379,11131,1,3,2,TRUE,C,82.4,FALSE,0.66
506380,11131,11,4,2,TRUE,B,95.5,FALSE,0.79
506381,11132,7,2,1,TRUE,B,85.9,FALSE,0.59
506382,11132,10,2,1,TRUE,B,77.5,FALSE,0.7
506383,11132,5,2,1,FALSE,F,49.1,FALSE,0.76
506384,11132,11,3,1,TRUE,B,79.3,FALSE,0.58
506385,11132,8,3,1,TRUE,A,90.3,FALSE,0.64
506386,11132,12,3,1,TRUE,C,76.8,FALSE,0.75
506387,11132,4,4,1,FALSE,F,48.8,FALSE,0.92
506388,11132,1,4,1,TRUE,B,76.8,FALSE,0.72
506389,11132,3,4,1,TRUE,A,95.8,FALSE,0.92
506390,11133,2,2,1,TRUE,C,96.5,FALSE,0.86
506391,11133,4,2,1,TRUE,A,80.5,FALSE,0.71
506392,11133,7,2,1,TRUE,A,84.7,FALSE,0.74
506393,11133,5,3,1,TRUE,B,76.6,FALSE,0.93
506394,11133,9,3,1,TRUE,A,84.1,FALSE,0.77
506395,11133,6,3,1,FALSE,F,71.6,FALSE,0.91
506396,11133,13,4,1,TRUE,A,77.4,FALSE,0.85
506397,11133,10,4,1,FALSE,F,58.4,FALSE,0.57
506398,11133,11,4,1,TRUE,A,89.1,FALSE,0.68
506399,11133,3,5,1,FALSE,F,56.2,FALSE,0.7
506400,11133,12,5,1,TRUE,B,85.1,FALSE,0.66
506401,11133,8,5,1,TRUE,B,80.3,FALSE,0.65
506402,11134,9,6,5,TRUE,B,77.4,FALSE,0.94
506403,11134,12,6,5,FALSE,D,48.3,FALSE,0.6
506404,11134,10,7,5,TRUE,B,84.1,FALSE,0.57
506405,11134,11,7,5,TRUE,A,85.3,FALSE,0.84
506406,11135,9,4,1,TRUE,A,81.9,FALSE,0.58
506407,11135,2,4,1,TRUE,B,93.3,FALSE,0.56
506408,11135,8,5,1,TRUE,B,75.1,FALSE,0.99
506409,11135,12,5,1,FALSE,F,61.8,FALSE,0.73
506410,11135,11,6,1,FALSE,D,63.7,FALSE,0.89
506411,11135,3,6,1,FALSE,F,73.6,FALSE,0.96
506412,11135,13,7,1,TRUE,B,97.2,FALSE,0.92
506413,11135,4,7,1,TRUE,A,90.2,FALSE,0.68
506414,11136,1,4,1,TRUE,B,95.9,FALSE,0.92
506415,11136,9,4,1,TRUE,A,93.8,FALSE,0.55
506416,11136,12,5,1,TRUE,B,81.2,FALSE,0.99
506417,11136,4,5,1,FALSE,F,48.8,FALSE,0.72
506418,11136,8,6,1,TRUE,B,80.5,FALSE,0.72
506419,11136,6,6,1,TRUE,A,81.1,FALSE,0.88
506420,11136,13,7,1,TRUE,A,92.9,FALSE,0.86
506421,11136,5,7,1,TRUE,B,85.5,FALSE,0.7
506422,11136,10,8,1,TRUE,B,82.1,FALSE,0.72
506423,11136,3,8,1,FALSE,F,62.8,FALSE,0.57
506424,11137,4,8,2,TRUE,A,97.0,FALSE,0.92
506425,11137,11,8,2,TRUE,A,89.2,FALSE,0.74
506426,11137,2,8,2,TRUE,B,97.9,FALSE,0.56
506427,11137,8,9,2,TRUE,B,78.8,FALSE,0.58
506428,11137,3,9,2,TRUE,B,81.3,FALSE,0.85
506429,11137,5,9,2,TRUE,A,78.6,FALSE,0.74
506430,11137,6,10,2,TRUE,A,77.7,FALSE,0.9
506431,11137,7,10,2,FALSE,F,52.6,FALSE,0.7
506432,11137,1,10,2,TRUE,C,79.9,FALSE,0.59
506433,11138,4,6,1,TRUE,A,91.3,FALSE,0.72
506434,11138,6,6,1,TRUE,A,85.8,FALSE,0.71
506435,11138,9,7,1,TRUE,B,88.3,FALSE,0.6
506436,11138,10,7,1,TRUE,B,79.9,FALSE,0.88
506437,11138,1,8,1,TRUE,A,96.7,FALSE,0.89
506438,11138,13,8,1,TRUE,B,96.3,FALSE,0.62
506439,11138,11,9,1,TRUE,B,90.6,FALSE,0.75
506440,11138,3,9,1,FALSE,D,69.4,FALSE,0.68
506441,11139,14,6,4,TRUE,B,86.1,FALSE,0.72
506442,11139,15,6,4,TRUE,B,76.1,FALSE,0.96
506443,11139,8,7,4,FALSE,D,66.0,FALSE,0.66
506444,11139,16,7,4,TRUE,B,98.2,FALSE,0.8
506445,11140,12,4,2,TRUE,A,90.1,FALSE,0.66
506446,11140,3,4,2,TRUE,B,95.6,FALSE,0.86
506447,11140,11,4,2,TRUE,C,80.9,FALSE,0.94
506448,11140,4,5,2,TRUE,B,84.8,FALSE,0.6
506449,11140,2,5,2,TRUE,B,77.9,FALSE,0.91
506450,11140,7,5,2,TRUE,A,93.7,FALSE,0.79
506451,11141,12,5,5,TRUE,B,98.3,FALSE,0.65
506452,11141,9,5,5,FALSE,F,65.7,FALSE,0.92
506453,11141,11,5,5,TRUE,B,96.6,FALSE,0.56
506454,11141,10,6,5,TRUE,B,90.3,FALSE,0.91
506455,11142,11,4,2,TRUE,A,88.9,FALSE,0.82
506456,11142,4,4,2,TRUE,B,82.0,FALSE,0.71
506457,11142,8,4,2,TRUE,B,75.6,FALSE,0.82
506458,11142,7,5,2,TRUE,B,77.8,FALSE,0.66
506459,11142,1,5,2,TRUE,A,85.4,FALSE,0.8
506460,11142,6,5,2,TRUE,C,77.8,FALSE,0.97
506461,11142,5,6,2,TRUE,B,94.2,FALSE,0.77
506462,11142,2,6,2,TRUE,B,89.4,FALSE,0.83
506463,11142,3,6,2,TRUE,B,79.3,FALSE,0.65
506464,11142,12,7,2,TRUE,B,80.2,FALSE,0.98
506465,11143,16,8,3,TRUE,A,90.2,FALSE,0.81
506466,11143,14,8,3,TRUE,B,82.8,FALSE,0.89
506467,11143,15,9,3,TRUE,B,98.4,FALSE,0.58
506468,11144,16,9,4,TRUE,C,84.5,FALSE,0.94
506469,11144,14,9,4,TRUE,B,88.9,FALSE,0.75
506470,11144,8,9,4,TRUE,C,88.1,FALSE,0.83
506471,11145,16,6,4,TRUE,B,89.0,FALSE,0.91
506472,11145,15,6,4,TRUE,A,81.4,FALSE,0.74
506473,11145,14,6,4,TRUE,C,81.0,FALSE,0.65
506474,11145,8,7,4,TRUE,A,76.1,FALSE,0.99
506475,11146,6,6,2,TRUE,B,85.5,FALSE,0.61
506476,11146,12,6,2,FALSE,D,50.9,FALSE,0.76
506477,11146,8,7,2,TRUE,B,79.1,FALSE,0.64
506478,11146,7,7,2,TRUE,A,86.6,FALSE,0.88
506479,11146,2,8,2,TRUE,B,81.7,FALSE,0.97
506480,11146,1,8,2,TRUE,B,85.0,FALSE,0.75
506481,11146,3,9,2,TRUE,C,79.7,FALSE,0.59
506482,11146,4,9,2,TRUE,B,87.8,FALSE,0.63
506483,11146,5,10,2,TRUE,C,86.4,FALSE,0.56
506484,11146,11,10,2,TRUE,B,90.5,FALSE,0.67
506485,11147,8,3,1,TRUE,C,98.2,FALSE,0.91
506486,11147,3,3,1,TRUE,C,76.6,FALSE,0.83
506487,11147,10,3,1,TRUE,B,91.1,FALSE,0.68
506488,11148,6,8,1,TRUE,B,94.5,FALSE,0.65
506489,11148,8,8,1,TRUE,A,95.0,FALSE,0.67
506490,11149,7,5,1,TRUE,A,90.6,FALSE,0.9
506491,11149,1,5,1,TRUE,A,93.9,FALSE,0.67
506492,11149,3,6,1,FALSE,D,50.1,FALSE,0.77
506493,11149,5,6,1,TRUE,B,79.4,FALSE,0.64
506494,11149,6,7,1,TRUE,A,84.8,FALSE,0.64
506495,11149,10,7,1,TRUE,C,92.5,FALSE,0.61
506496,11150,11,3,2,TRUE,A,87.8,FALSE,0.97
506497,11150,4,3,2,FALSE,F,58.5,FALSE,0.73
506498,11150,6,4,2,TRUE,B,80.9,FALSE,0.58
506499,11150,7,4,2,TRUE,B,93.2,FALSE,0.73
506500,11150,12,5,2,FALSE,F,61.0,FALSE,0.76
506501,11150,1,5,2,TRUE,B,91.6,FALSE,0.79
506502,11151,11,8,5,FALSE,D,63.5,FALSE,0.77
506503,11151,10,8,5,TRUE,C,87.7,FALSE,0.66
506504,11151,12,9,5,TRUE,C,80.3,FALSE,0.79
506505,11151,9,9,5,TRUE,A,88.6,FALSE,0.9
506506,11152,1,3,1,TRUE,B,85.1,FALSE,0.88
506507,11152,7,3,1,TRUE,A,98.2,FALSE,0.57
506508,11152,6,4,1,TRUE,B,82.2,FALSE,0.74
506509,11152,10,4,1,TRUE,B,77.1,FALSE,0.91
506510,11153,15,2,3,TRUE,B,94.6,FALSE,0.77
506511,11153,14,2,3,FALSE,D,65.9,FALSE,0.72
506512,11153,16,2,3,FALSE,F,50.2,FALSE,0.93
506513,11154,3,9,1,TRUE,B,82.4,FALSE,0.73
506514,11154,10,9,1,TRUE,C,85.8,FALSE,0.99
506515,11154,4,10,1,TRUE,A,76.7,FALSE,0.91
506516,11154,6,10,1,FALSE,D,59.9,FALSE,0.56
506517,11154,12,11,1,TRUE,C,89.7,FALSE,0.86
506518,11154,13,11,1,TRUE,B,84.8,FALSE,0.94
506519,11155,10,6,6,TRUE,B,91.8,FALSE,0.8
506520,11155,16,6,6,TRUE,B,98.0,FALSE,0.73
506521,11155,15,6,6,TRUE,B,91.2,FALSE,0.88
506522,11155,14,7,6,TRUE,A,85.0,FALSE,0.96
506523,11156,2,2,1,TRUE,B,98.1,FALSE,0.66
506524,11156,1,2,1,TRUE,B,98.4,FALSE,0.96
506525,11156,12,3,1,TRUE,B,82.0,FALSE,0.94
506526,11156,3,3,1,TRUE,B,79.6,FALSE,0.95
506527,11156,13,4,1,TRUE,B,81.8,FALSE,0.67
506528,11156,7,4,1,FALSE,D,57.3,FALSE,0.77
506529,11156,10,5,1,TRUE,B,77.9,FALSE,0.92
506530,11156,8,5,1,TRUE,B,83.0,FALSE,0.8
506531,11156,11,6,1,TRUE,A,96.9,FALSE,0.88
506532,11156,4,6,1,TRUE,B,85.5,FALSE,0.64
506533,11156,6,7,1,TRUE,A,82.0,FALSE,0.93
506534,11156,5,7,1,TRUE,A,94.7,FALSE,0.69
506535,11157,16,6,4,TRUE,B,89.7,FALSE,0.97
506536,11157,14,6,4,TRUE,B,84.0,FALSE,0.94
506537,11157,15,6,4,FALSE,F,58.9,FALSE,0.83
506538,11157,8,7,4,TRUE,A,97.0,FALSE,0.94
506539,11158,12,4,5,FALSE,D,51.4,FALSE,0.56
506540,11158,9,4,5,TRUE,B,94.1,FALSE,0.68
506541,11158,11,4,5,TRUE,B,76.0,FALSE,0.72
506542,11158,10,5,5,TRUE,B,82.7,FALSE,0.78
506543,11159,15,5,3,FALSE,D,48.3,FALSE,0.85
506544,11159,16,5,3,TRUE,B,93.8,FALSE,0.58
506545,11159,14,5,3,TRUE,B,98.8,FALSE,0.64
506546,11160,15,3,6,TRUE,C,93.7,FALSE,0.74
506547,11160,10,3,6,TRUE,C,77.8,FALSE,0.94
506548,11160,14,4,6,TRUE,A,79.6,FALSE,0.75
506549,11160,16,4,6,TRUE,A,94.3,FALSE,0.68
506550,11161,14,2,6,TRUE,B,87.2,FALSE,0.65
506551,11161,10,2,6,TRUE,B,96.5,FALSE,0.94
506552,11161,15,2,6,TRUE,B,82.9,FALSE,0.93
506553,11161,16,3,6,TRUE,A,84.4,FALSE,0.72
506554,11162,9,5,1,TRUE,B,97.9,FALSE,0.73
506555,11162,13,5,1,TRUE,C,88.1,FALSE,0.92
506556,11162,11,6,1,FALSE,D,60.3,FALSE,0.78
506557,11162,8,6,1,FALSE,F,50.9,FALSE,0.64
506558,11162,12,7,1,TRUE,B,97.5,FALSE,0.75
506559,11162,10,7,1,TRUE,C,78.3,FALSE,0.73
506560,11162,2,8,1,TRUE,B,96.1,FALSE,0.83
506561,11162,6,8,1,TRUE,C,78.8,FALSE,0.95
506562,11162,1,9,1,TRUE,C,75.5,FALSE,0.86
506563,11162,7,9,1,TRUE,A,97.7,FALSE,0.86
506564,11163,16,2,4,TRUE,B,95.0,FALSE,0.82
506565,11163,15,2,4,FALSE,F,49.1,FALSE,0.7
506566,11163,8,2,4,TRUE,B,95.4,FALSE,0.77
506567,11163,14,3,4,TRUE,C,76.4,FALSE,0.64
506568,11164,5,7,1,TRUE,B,86.7,FALSE,0.98
506569,11164,2,7,1,TRUE,B,89.5,FALSE,0.85
506570,11164,10,7,1,TRUE,C,92.8,FALSE,0.98
506571,11165,12,5,2,TRUE,A,89.0,FALSE,0.91
506572,11165,3,5,2,FALSE,D,64.0,FALSE,0.67
506573,11165,11,5,2,FALSE,D,52.3,FALSE,0.96
506574,11165,6,6,2,TRUE,B,97.2,FALSE,0.61
506575,11165,1,6,2,TRUE,B,85.7,FALSE,0.68
506576,11165,4,6,2,FALSE,D,65.8,FALSE,0.77
506577,11165,2,7,2,TRUE,B,87.5,FALSE,0.82
506578,11165,8,7,2,TRUE,A,89.5,FALSE,0.78
506579,11165,7,7,2,TRUE,B,85.2,FALSE,0.96
506580,11166,12,3,1,TRUE,B,82.0,FALSE,0.68
506581,11166,8,3,1,TRUE,B,85.9,FALSE,0.69
506582,11166,10,3,1,TRUE,B,78.6,FALSE,0.74
506583,11166,3,4,1,FALSE,D,56.8,FALSE,0.92
506584,11166,13,4,1,FALSE,F,60.5,FALSE,0.76
506585,11166,7,4,1,TRUE,A,95.9,FALSE,0.82
506586,11166,11,5,1,TRUE,A,84.2,FALSE,0.66
506587,11166,1,5,1,TRUE,A,98.6,FALSE,0.65
506588,11166,6,5,1,TRUE,B,97.8,FALSE,0.86
506589,11166,4,6,1,TRUE,C,75.4,FALSE,0.84
506590,11166,9,6,1,TRUE,A,86.5,FALSE,0.95
506591,11166,2,6,1,TRUE,A,75.7,FALSE,0.81
506592,11166,5,7,1,TRUE,B,80.2,FALSE,0.83
506593,11167,3,3,1,FALSE,D,58.6,FALSE,0.73
506594,11167,9,3,1,TRUE,B,93.4,FALSE,0.74
506595,11167,1,4,1,TRUE,A,80.6,FALSE,0.89
506596,11167,2,4,1,TRUE,A,94.0,FALSE,0.66
506597,11167,4,5,1,TRUE,B,78.4,FALSE,0.61
506598,11167,13,5,1,TRUE,B,89.8,FALSE,0.69
506599,11167,12,6,1,TRUE,B,84.7,FALSE,0.91
506600,11167,5,6,1,TRUE,A,86.7,FALSE,0.9
506601,11168,16,3,3,TRUE,A,97.9,FALSE,0.92
506602,11168,15,3,3,TRUE,B,90.6,FALSE,0.6
506603,11168,14,4,3,TRUE,A,86.2,FALSE,0.57
506604,11169,15,8,3,TRUE,B,95.7,FALSE,0.66
506605,11169,14,8,3,TRUE,B,87.2,FALSE,0.55
506606,11169,16,8,3,FALSE,F,65.8,FALSE,0.92
506607,11170,10,1,6,FALSE,D,64.7,FALSE,0.79
506608,11170,15,1,6,TRUE,A,89.4,FALSE,0.97
506609,11170,14,2,6,TRUE,A,96.0,FALSE,0.59
506610,11170,16,2,6,TRUE,B,78.2,FALSE,0.56
506611,11171,10,5,6,TRUE,B,87.3,FALSE,0.86
506612,11171,15,5,6,TRUE,B,85.2,FALSE,0.99
506613,11171,14,6,6,TRUE,B,94.5,FALSE,0.75
506614,11171,16,6,6,TRUE,B,97.9,FALSE,0.88
506615,11172,15,6,3,TRUE,B,82.9,FALSE,0.69
506616,11172,16,6,3,TRUE,B,77.2,FALSE,0.67
506617,11172,14,7,3,TRUE,B,84.4,FALSE,0.59
506618,11173,2,6,1,TRUE,C,76.5,FALSE,0.97
506619,11173,5,6,1,TRUE,C,96.3,FALSE,0.63
506620,11174,1,3,2,TRUE,C,76.5,FALSE,0.91
506621,11174,12,3,2,TRUE,B,93.2,FALSE,0.88
506622,11174,5,4,2,TRUE,B,91.2,FALSE,0.67
506623,11174,11,4,2,TRUE,B,76.8,FALSE,0.97
506624,11174,4,5,2,TRUE,C,89.8,FALSE,0.99
506625,11174,8,5,2,TRUE,B,77.7,FALSE,0.86
506626,11175,8,4,4,TRUE,C,79.3,FALSE,0.87
506627,11175,15,4,4,TRUE,B,78.0,FALSE,0.85
506628,11175,14,5,4,TRUE,A,93.0,FALSE,0.77
506629,11175,16,5,4,TRUE,A,77.0,FALSE,0.9
506630,11176,12,6,1,FALSE,D,71.0,FALSE,0.56
506631,11176,13,6,1,TRUE,A,87.9,FALSE,0.85
506632,11176,7,7,1,FALSE,D,57.1,FALSE,0.9
506633,11176,11,7,1,TRUE,A,83.4,FALSE,0.58
506634,11176,1,8,1,TRUE,C,90.9,FALSE,0.74
506635,11176,3,8,1,FALSE,D,73.0,FALSE,0.9
506636,11176,10,9,1,TRUE,A,90.3,FALSE,0.7
506637,11176,4,9,1,TRUE,B,80.6,FALSE,0.79
506638,11176,2,10,1,TRUE,B,80.5,FALSE,0.9
506639,11176,6,10,1,TRUE,A,95.0,FALSE,0.8
506640,11177,4,8,1,TRUE,A,88.4,FALSE,0.56
506641,11177,11,8,1,TRUE,B,91.4,FALSE,0.56
506642,11178,16,8,6,TRUE,A,90.2,FALSE,0.89
506643,11178,15,8,6,TRUE,A,84.3,FALSE,0.95
506644,11178,10,9,6,TRUE,B,93.5,FALSE,0.87
506645,11178,14,9,6,TRUE,B,92.4,FALSE,0.92
506646,11179,12,3,1,TRUE,A,81.9,FALSE,0.56
506647,11179,13,3,1,TRUE,B,76.9,FALSE,0.78
506648,11179,1,3,1,TRUE,B,85.7,FALSE,0.79
506649,11179,2,4,1,TRUE,A,96.1,FALSE,0.86
506650,11179,4,4,1,TRUE,C,86.6,FALSE,0.94
506651,11179,3,4,1,TRUE,B,89.5,FALSE,0.64
506652,11179,11,5,1,TRUE,B,76.7,FALSE,0.8
506653,11179,7,5,1,TRUE,B,90.1,FALSE,0.94
506654,11179,6,5,1,TRUE,C,82.0,FALSE,0.86
506655,11179,8,6,1,FALSE,D,59.9,FALSE,0.7
506656,11179,10,6,1,TRUE,C,91.1,FALSE,0.89
506657,11179,5,6,1,TRUE,A,75.1,FALSE,0.96
506658,11179,9,7,1,TRUE,C,97.5,FALSE,0.78
506659,11180,9,5,5,FALSE,F,63.3,FALSE,0.85
506660,11180,10,5,5,FALSE,F,57.0,FALSE,0.57
506661,11180,12,5,5,TRUE,A,96.5,FALSE,0.95
506662,11180,11,6,5,TRUE,A,80.0,FALSE,0.83
506663,11181,14,8,6,TRUE,A,79.6,FALSE,0.57
506664,11181,15,8,6,TRUE,B,94.1,FALSE,0.56
506665,11181,10,8,6,TRUE,B,90.3,FALSE,0.77
506666,11181,16,9,6,TRUE,C,90.7,FALSE,0.85
506667,11182,15,2,3,FALSE,D,53.2,FALSE,0.77
506668,11182,16,2,3,TRUE,C,91.3,FALSE,0.58
506669,11182,14,3,3,TRUE,B,94.3,FALSE,0.97
506670,11183,16,4,4,TRUE,A,81.6,FALSE,1.0
506671,11183,15,4,4,TRUE,B,88.8,FALSE,0.63
506672,11183,14,4,4,TRUE,C,83.8,FALSE,0.87
506673,11183,8,5,4,TRUE,C,77.6,FALSE,0.96
506674,11184,15,8,3,FALSE,F,67.4,FALSE,0.84
506675,11184,16,8,3,TRUE,B,79.3,FALSE,0.62
506676,11184,14,8,3,TRUE,B,76.1,FALSE,0.68
506677,11185,3,7,2,TRUE,A,90.9,FALSE,0.73
506678,11185,11,7,2,FALSE,D,51.5,FALSE,0.72
506679,11185,6,7,2,TRUE,B,98.7,FALSE,0.6
506680,11185,4,8,2,TRUE,A,94.0,FALSE,0.74
506681,11185,8,8,2,TRUE,B,80.7,FALSE,0.79
506682,11185,1,8,2,TRUE,B,78.9,FALSE,0.61
506683,11186,13,2,1,FALSE,F,50.5,FALSE,0.88
506684,11186,10,2,1,TRUE,C,81.5,FALSE,0.94
506685,11186,7,2,1,TRUE,C,82.9,FALSE,0.72
506686,11186,4,3,1,TRUE,A,85.8,FALSE,0.95
506687,11186,9,3,1,TRUE,C,80.4,FALSE,0.76
506688,11186,6,3,1,TRUE,C,90.2,FALSE,0.96
506689,11186,5,4,1,TRUE,A,97.4,FALSE,0.93
506690,11186,11,4,1,FALSE,F,63.4,FALSE,0.88
506691,11186,3,4,1,TRUE,B,87.7,FALSE,0.87
506692,11186,8,5,1,TRUE,A,78.9,FALSE,0.79
506693,11186,12,5,1,TRUE,A,95.1,FALSE,0.67
506694,11186,1,5,1,TRUE,B,81.3,FALSE,0.63
506695,11186,2,6,1,TRUE,A,95.4,FALSE,0.56
506696,11187,13,6,1,TRUE,A,78.3,FALSE,0.6
506697,11187,1,6,1,TRUE,C,78.4,FALSE,0.64
506698,11187,10,6,1,TRUE,B,94.4,FALSE,0.62
506699,11187,4,7,1,TRUE,B,98.0,FALSE,0.98
506700,11187,9,7,1,TRUE,B,95.8,FALSE,0.9
506701,11187,2,7,1,FALSE,D,73.0,FALSE,0.8
506702,11187,3,8,1,TRUE,C,94.5,FALSE,0.56
506703,11187,12,8,1,TRUE,B,87.4,FALSE,0.95
506704,11187,5,8,1,FALSE,D,52.4,FALSE,0.78
506705,11187,11,9,1,TRUE,A,91.9,FALSE,0.58
506706,11187,6,9,1,TRUE,B,91.4,FALSE,0.97
506707,11187,8,9,1,TRUE,B,77.4,FALSE,0.6
506708,11188,16,4,3,TRUE,C,96.6,FALSE,0.94
506709,11188,14,4,3,TRUE,A,96.6,FALSE,0.96
506710,11188,15,4,3,TRUE,B,83.0,FALSE,0.77
506711,11189,14,4,3,FALSE,F,59.9,FALSE,0.97
506712,11189,15,4,3,TRUE,B,87.6,FALSE,0.67
506713,11190,10,4,6,TRUE,B,83.4,FALSE,0.93
506714,11190,15,4,6,TRUE,A,88.7,FALSE,0.84
506715,11190,14,5,6,TRUE,A,79.5,FALSE,0.69
506716,11190,16,5,6,TRUE,B,84.1,FALSE,0.93
506717,11191,14,1,3,TRUE,C,93.1,FALSE,0.92
506718,11191,15,1,3,TRUE,B,84.3,FALSE,0.57
506719,11191,16,2,3,TRUE,C,98.4,FALSE,0.66
506720,11192,15,8,4,TRUE,B,92.4,FALSE,0.71
506721,11192,14,8,4,TRUE,B,76.5,FALSE,0.91
506722,11193,5,4,1,TRUE,A,89.2,FALSE,0.87
506723,11193,8,4,1,TRUE,B,98.1,FALSE,0.99
506724,11193,11,4,1,TRUE,A,91.4,FALSE,0.65
506725,11193,3,5,1,TRUE,A,93.6,FALSE,0.73
506726,11193,1,5,1,TRUE,B,98.7,FALSE,0.86
506727,11193,9,5,1,TRUE,B,93.6,FALSE,0.63
506728,11194,8,8,4,FALSE,F,69.9,FALSE,0.56
506729,11194,16,8,4,TRUE,B,87.8,FALSE,0.97
506730,11194,15,8,4,TRUE,A,80.2,FALSE,0.67
506731,11194,14,9,4,TRUE,B,84.8,FALSE,0.75
506732,11195,13,8,1,TRUE,A,86.1,FALSE,0.59
506733,11195,5,8,1,TRUE,A,92.9,FALSE,0.56
506734,11195,6,8,1,TRUE,A,87.0,FALSE,0.82
506735,11196,11,4,1,TRUE,C,79.1,FALSE,0.82
506736,11196,6,4,1,TRUE,B,83.4,FALSE,0.91
506737,11196,12,4,1,TRUE,A,85.5,FALSE,0.65
506738,11197,11,1,5,TRUE,B,97.8,FALSE,0.96
506739,11197,9,1,5,TRUE,B,84.7,FALSE,0.55
506740,11197,12,1,5,TRUE,C,89.9,FALSE,0.66
506741,11197,10,2,5,TRUE,B,86.2,FALSE,0.87
506742,11198,6,8,2,TRUE,A,86.4,FALSE,0.76
506743,11198,2,8,2,TRUE,A,91.5,FALSE,0.83
506744,11198,1,8,2,TRUE,B,81.3,FALSE,0.56
506745,11198,12,9,2,TRUE,C,82.9,FALSE,0.56
506746,11198,4,9,2,TRUE,C,85.6,FALSE,0.7
506747,11198,11,9,2,TRUE,B,76.0,FALSE,0.74
506748,11198,8,10,2,TRUE,A,87.4,FALSE,0.65
506749,11198,7,10,2,TRUE,B,77.9,FALSE,0.75
506750,11198,5,10,2,TRUE,A,93.6,FALSE,0.71
506751,11198,3,11,2,,,,FALSE,0.9
506752,11199,7,2,1,TRUE,B,91.8,FALSE,0.69
506753,11199,10,2,1,TRUE,A,81.3,FALSE,0.84
506754,11200,8,1,1,TRUE,B,90.7,FALSE,0.78
506755,11200,7,1,1,TRUE,C,98.6,FALSE,0.55
506756,11200,3,1,1,FALSE,F,60.1,FALSE,0.61
506757,11200,13,2,1,TRUE,A,86.8,FALSE,0.96
506758,11200,9,2,1,TRUE,B,87.0,FALSE,0.64
506759,11200,4,2,1,TRUE,B,75.1,FALSE,0.59
506760,11200,6,3,1,TRUE,B,81.5,FALSE,0.96
506761,11200,5,3,1,TRUE,A,96.9,FALSE,0.85
506762,11200,12,3,1,FALSE,F,69.2,FALSE,0.62
506763,11200,1,4,1,TRUE,B,95.7,FALSE,0.92
506764,11200,2,4,1,TRUE,B,93.3,FALSE,0.8
506765,11200,11,4,1,TRUE,B,78.7,FALSE,0.66
506766,11200,10,5,1,TRUE,B,82.7,FALSE,0.84
506767,11201,14,7,3,TRUE,A,97.3,FALSE,0.8
506768,11201,15,7,3,TRUE,B,85.1,FALSE,0.57
506769,11201,16,7,3,FALSE,F,48.2,FALSE,0.85
506770,11202,3,5,2,TRUE,B,78.7,FALSE,0.94
506771,11202,5,5,2,TRUE,C,90.1,FALSE,0.85
506772,11202,4,5,2,TRUE,A,76.2,FALSE,0.55
506773,11202,7,6,2,FALSE,F,74.0,FALSE,0.95
506774,11202,12,6,2,TRUE,A,92.7,FALSE,0.64
506775,11202,6,6,2,TRUE,C,86.2,FALSE,0.73
506776,11203,12,7,5,TRUE,A,98.5,FALSE,0.99
506777,11203,11,7,5,TRUE,A,76.4,FALSE,0.93
506778,11203,10,7,5,TRUE,C,78.0,FALSE,0.61
506779,11204,6,8,1,TRUE,B,79.8,FALSE,0.9
506780,11204,1,8,1,TRUE,C,88.0,FALSE,0.84
506781,11204,4,8,1,TRUE,A,83.4,FALSE,0.57
506782,11204,8,9,1,TRUE,A,93.6,FALSE,0.97
506783,11204,13,9,1,TRUE,B,95.4,FALSE,0.71
506784,11204,9,9,1,TRUE,B,78.6,FALSE,0.84
506785,11204,2,10,1,TRUE,C,90.7,FALSE,0.78
506786,11204,7,10,1,TRUE,A,96.3,FALSE,0.85
506787,11204,12,10,1,FALSE,D,56.5,FALSE,0.71
506788,11204,5,11,1,FALSE,F,63.5,FALSE,0.67
506789,11204,10,11,1,TRUE,C,76.4,FALSE,0.94
506790,11204,3,11,1,,,,FALSE,0.8
506791,11205,10,8,6,TRUE,B,93.7,FALSE,0.83
506792,11205,14,8,6,TRUE,B,77.3,FALSE,0.93
506793,11205,16,8,6,TRUE,A,76.9,FALSE,0.8
506794,11205,15,9,6,TRUE,C,77.9,FALSE,0.62
506795,11206,14,7,6,TRUE,B,81.5,FALSE,0.57
506796,11206,10,7,6,FALSE,D,70.9,FALSE,0.63
506797,11206,15,7,6,TRUE,B,87.4,FALSE,0.71
506798,11206,16,8,6,TRUE,B,75.5,FALSE,0.85
506799,11207,10,9,5,TRUE,B,75.5,FALSE,0.96
506800,11207,11,9,5,TRUE,C,80.0,FALSE,0.85
506801,11207,12,10,5,TRUE,A,82.7,FALSE,0.85
506802,11207,9,10,5,TRUE,C,82.9,FALSE,0.89
506803,11208,4,9,2,FALSE,F,66.3,FALSE,0.61
506804,11208,8,9,2,TRUE,B,95.6,FALSE,0.87
506805,11208,2,9,2,TRUE,C,90.5,FALSE,0.68
506806,11209,13,2,1,TRUE,B,81.5,FALSE,0.57
506807,11209,2,2,1,TRUE,B,94.4,FALSE,0.86
506808,11209,9,2,1,TRUE,B,95.1,FALSE,0.77
506809,11209,4,3,1,TRUE,A,84.3,FALSE,0.97
506810,11209,7,3,1,TRUE,A,83.0,FALSE,0.85
506811,11209,5,3,1,TRUE,A,97.7,FALSE,0.94
506812,11210,11,2,5,TRUE,C,86.0,FALSE,0.9
506813,11210,10,2,5,TRUE,B,75.3,FALSE,0.95
506814,11210,12,2,5,FALSE,F,65.9,FALSE,0.64
506815,11210,9,3,5,TRUE,B,95.8,FALSE,0.94
506816,11211,10,1,5,TRUE,A,93.6,FALSE,0.97
506817,11211,11,1,5,TRUE,B,84.1,FALSE,0.71
506818,11211,9,2,5,TRUE,B,78.3,FALSE,0.74
506819,11211,12,2,5,TRUE,B,84.2,FALSE,0.71
506820,11212,1,1,1,TRUE,A,76.2,FALSE,0.7
506821,11212,6,1,1,TRUE,B,90.4,FALSE,0.93
506822,11213,1,6,2,TRUE,B,87.2,FALSE,0.75
506823,11213,12,6,2,TRUE,C,77.8,FALSE,0.69
506824,11213,6,6,2,FALSE,D,65.6,FALSE,0.65
506825,11213,2,7,2,TRUE,B,76.0,FALSE,0.96
506826,11213,3,7,2,TRUE,B,95.5,FALSE,0.6
506827,11213,7,7,2,TRUE,B,77.9,FALSE,0.84
506828,11213,11,8,2,TRUE,B,83.7,FALSE,0.71
506829,11213,8,8,2,TRUE,B,78.9,FALSE,0.79
506830,11213,5,8,2,FALSE,F,53.0,FALSE,0.68
506831,11213,4,9,2,TRUE,B,89.7,FALSE,0.87
506832,11214,15,1,3,TRUE,C,84.1,FALSE,0.9
506833,11214,16,1,3,TRUE,B,94.6,FALSE,0.57
506834,11214,14,1,3,TRUE,A,90.0,FALSE,0.94
506835,11215,14,4,3,TRUE,B,77.4,FALSE,0.65
506836,11215,15,4,3,TRUE,B,93.5,FALSE,0.66
506837,11215,16,5,3,TRUE,B,98.3,FALSE,0.9
506838,11216,5,3,1,TRUE,C,82.6,FALSE,0.58
506839,11216,3,3,1,TRUE,B,77.0,FALSE,0.74
506840,11216,2,3,1,TRUE,C,92.4,FALSE,0.75
506841,11216,6,4,1,TRUE,A,75.9,FALSE,0.94
506842,11216,8,4,1,TRUE,B,76.6,FALSE,0.56
506843,11216,10,4,1,TRUE,B,95.3,FALSE,0.58
506844,11216,1,5,1,TRUE,B,98.9,FALSE,0.89
506845,11216,13,5,1,TRUE,B,83.1,FALSE,0.79
506846,11216,4,5,1,TRUE,B,85.6,FALSE,0.69
506847,11217,13,5,1,TRUE,A,91.7,FALSE,0.71
506848,11217,6,5,1,TRUE,C,77.6,FALSE,0.66
506849,11218,14,9,3,TRUE,A,79.1,FALSE,0.91
506850,11218,15,9,3,TRUE,C,76.3,FALSE,0.63
506851,11218,16,10,3,TRUE,A,95.1,FALSE,0.96
506852,11219,5,1,2,TRUE,B,79.8,FALSE,0.87
506853,11219,4,1,2,FALSE,D,50.6,FALSE,0.84
506854,11219,6,1,2,TRUE,C,78.1,FALSE,0.58
506855,11219,1,2,2,TRUE,C,75.1,FALSE,0.93
506856,11219,12,2,2,TRUE,B,94.9,FALSE,0.64
506857,11219,2,2,2,TRUE,A,85.0,FALSE,0.84
506858,11219,11,3,2,TRUE,A,92.9,FALSE,0.66
506859,11219,8,3,2,TRUE,C,81.7,FALSE,0.73
506860,11219,3,3,2,FALSE,D,69.2,FALSE,0.57
506861,11219,7,4,2,TRUE,B,78.6,FALSE,0.87
506862,11220,16,7,3,TRUE,B,92.5,FALSE,0.93
506863,11220,15,7,3,TRUE,A,78.1,FALSE,0.85
506864,11220,14,8,3,TRUE,B,83.8,FALSE,0.88
506865,11221,10,4,1,TRUE,B,96.1,FALSE,0.57
506866,11221,8,4,1,TRUE,B,92.4,FALSE,0.91
506867,11221,7,5,1,TRUE,B,76.1,FALSE,0.95
506868,11221,12,5,1,TRUE,B,98.8,FALSE,0.56
506869,11221,2,6,1,TRUE,B,90.7,FALSE,0.61
506870,11221,1,6,1,TRUE,A,90.2,FALSE,0.67
506871,11221,4,7,1,TRUE,B,75.9,FALSE,0.74
506872,11221,3,7,1,TRUE,C,98.5,FALSE,0.65
506873,11221,6,8,1,TRUE,B,97.8,FALSE,0.66
506874,11221,9,8,1,TRUE,B,88.3,FALSE,0.9
506875,11221,5,9,1,TRUE,B,96.2,FALSE,0.8
506876,11221,11,9,1,TRUE,B,87.7,FALSE,0.81
506877,11222,11,2,5,TRUE,A,92.1,FALSE,0.92
506878,11222,10,2,5,TRUE,A,96.8,FALSE,0.76
506879,11222,12,3,5,TRUE,B,98.3,FALSE,0.83
506880,11222,9,3,5,FALSE,F,65.8,FALSE,0.69
506881,11223,16,5,4,TRUE,B,82.6,FALSE,0.74
506882,11223,14,5,4,TRUE,B,83.3,FALSE,0.78
506883,11223,15,5,4,TRUE,C,90.2,FALSE,0.57
506884,11224,14,3,4,TRUE,C,93.9,FALSE,0.87
506885,11224,16,3,4,TRUE,A,79.1,FALSE,0.57
506886,11224,15,4,4,TRUE,A,76.5,FALSE,0.86
506887,11224,8,4,4,TRUE,B,95.8,FALSE,0.93
506888,11225,12,1,1,TRUE,B,78.7,FALSE,0.6
506889,11225,10,1,1,TRUE,B,80.2,FALSE,0.74
506890,11225,9,1,1,TRUE,A,98.3,FALSE,0.67
506891,11226,14,1,4,TRUE,C,78.5,FALSE,0.82
506892,11226,8,1,4,TRUE,A,80.8,FALSE,0.65
506893,11226,16,2,4,TRUE,A,91.9,FALSE,0.56
506894,11226,15,2,4,TRUE,B,85.7,FALSE,0.63
506895,11227,2,6,1,TRUE,A,83.1,FALSE,0.82
506896,11227,7,6,1,TRUE,B,77.8,FALSE,1.0
506897,11227,12,7,1,TRUE,C,81.7,FALSE,0.86
506898,11227,9,7,1,TRUE,B,92.6,FALSE,0.68
506899,11227,10,8,1,TRUE,B,87.9,FALSE,0.94
506900,11227,8,8,1,TRUE,A,97.4,FALSE,0.72
506901,11227,1,9,1,TRUE,A,75.1,FALSE,0.55
506902,11227,6,9,1,TRUE,B,89.3,FALSE,0.66
506903,11227,4,10,1,TRUE,A,84.0,FALSE,0.77
506904,11227,5,10,1,TRUE,B,77.9,FALSE,0.74
506905,11227,3,11,1,,,,FALSE,0.89
506906,11227,13,11,1,,,,FALSE,0.62
506907,11228,14,4,4,TRUE,B,85.9,FALSE,0.88
506908,11228,15,4,4,TRUE,B,82.2,FALSE,0.62
506909,11228,8,5,4,TRUE,A,79.0,FALSE,0.62
506910,11228,16,5,4,TRUE,A,97.7,FALSE,0.64
506911,11229,11,2,5,TRUE,B,80.2,FALSE,1.0
506912,11229,10,2,5,TRUE,A,86.6,FALSE,0.9
506913,11229,12,2,5,TRUE,A,82.0,FALSE,0.94
506914,11229,9,3,5,TRUE,B,99.0,FALSE,0.58
506915,11230,14,8,3,TRUE,B,98.7,FALSE,0.91
506916,11230,16,8,3,TRUE,B,91.2,FALSE,0.85
506917,11230,15,8,3,TRUE,C,80.3,FALSE,0.65
506918,11231,3,9,2,FALSE,D,72.4,FALSE,0.8
506919,11231,7,9,2,TRUE,A,96.2,FALSE,0.64
506920,11231,11,9,2,TRUE,B,87.2,FALSE,0.71
506921,11231,12,10,2,TRUE,B,92.6,FALSE,0.56
506922,11231,8,10,2,TRUE,C,75.8,FALSE,0.89
506923,11231,2,10,2,TRUE,B,86.6,FALSE,0.71
506924,11231,4,11,2,TRUE,B,83.3,FALSE,0.61
506925,11231,5,11,2,TRUE,A,79.6,FALSE,0.77
506926,11231,1,11,2,TRUE,B,76.7,FALSE,0.82
506927,11232,14,7,4,TRUE,C,81.8,FALSE,0.83
506928,11232,15,7,4,TRUE,A,92.8,FALSE,0.67
506929,11232,8,7,4,TRUE,C,83.8,FALSE,0.72
506930,11232,16,8,4,TRUE,B,88.3,FALSE,0.81
506931,11233,16,9,6,TRUE,C,94.7,FALSE,0.86
506932,11233,14,9,6,TRUE,C,90.2,FALSE,0.67
506933,11233,10,9,6,TRUE,C,94.1,FALSE,0.85
506934,11233,15,10,6,TRUE,B,96.0,FALSE,0.88
506935,11234,14,7,6,TRUE,B,90.8,FALSE,0.74
506936,11234,10,7,6,TRUE,C,75.6,FALSE,0.97
506937,11235,11,9,1,TRUE,B,95.2,FALSE,0.89
506938,11235,3,9,1,TRUE,B,78.7,FALSE,0.69
506939,11235,9,10,1,TRUE,A,92.6,FALSE,0.99
506940,11235,8,10,1,TRUE,A,82.1,FALSE,0.68
506941,11236,10,1,1,TRUE,B,91.2,FALSE,0.79
506942,11236,5,1,1,TRUE,C,75.7,FALSE,0.71
506943,11236,13,2,1,TRUE,C,97.8,FALSE,0.99
506944,11236,6,2,1,TRUE,C,83.7,FALSE,0.94
506945,11236,7,3,1,TRUE,B,89.1,FALSE,0.75
506946,11236,9,3,1,TRUE,C,85.4,FALSE,0.83
506947,11236,3,4,1,TRUE,B,81.8,FALSE,0.74
506948,11236,2,4,1,TRUE,B,80.6,FALSE,0.99
506949,11236,8,5,1,TRUE,A,86.0,FALSE,0.88
506950,11236,4,5,1,TRUE,A,92.6,FALSE,0.61
506951,11237,15,9,6,TRUE,A,90.4,FALSE,0.6
506952,11237,14,9,6,TRUE,C,86.6,FALSE,0.81
506953,11237,10,10,6,FALSE,F,55.4,FALSE,0.92
506954,11237,16,10,6,TRUE,A,93.7,FALSE,0.75
506955,11238,15,6,3,FALSE,D,70.2,FALSE,0.96
506956,11238,14,6,3,TRUE,B,75.7,FALSE,0.82
506957,11238,16,6,3,FALSE,D,73.3,FALSE,0.58
506958,11239,4,7,1,TRUE,A,75.2,FALSE,0.71
506959,11239,13,7,1,TRUE,B,85.9,FALSE,0.57
506960,11239,7,7,1,TRUE,B,93.5,FALSE,0.98
506961,11239,10,8,1,TRUE,A,77.8,FALSE,0.67
506962,11239,11,8,1,TRUE,B,97.5,FALSE,0.73
506963,11239,6,8,1,TRUE,C,77.9,FALSE,0.61
506964,11239,9,9,1,TRUE,A,76.2,FALSE,0.58
506965,11239,8,9,1,TRUE,A,88.0,FALSE,0.6
506966,11239,1,9,1,TRUE,C,77.8,FALSE,0.75
506967,11240,11,1,5,TRUE,B,89.8,FALSE,0.6
506968,11240,10,1,5,TRUE,B,90.5,FALSE,0.98
506969,11240,9,2,5,FALSE,D,54.7,FALSE,0.63
506970,11240,12,2,5,TRUE,C,80.2,FALSE,0.57
506971,11241,7,7,1,TRUE,B,92.9,FALSE,0.97
506972,11241,6,7,1,TRUE,A,85.5,FALSE,0.88
506973,11241,5,7,1,TRUE,B,89.2,FALSE,0.89
506974,11241,12,8,1,TRUE,A,80.6,FALSE,0.59
506975,11241,9,8,1,FALSE,F,72.6,FALSE,0.9
506976,11241,11,8,1,TRUE,A,89.2,FALSE,0.97
506977,11241,13,9,1,TRUE,A,81.5,FALSE,0.56
506978,11241,1,9,1,TRUE,A,91.4,FALSE,0.62
506979,11241,10,9,1,TRUE,C,90.0,FALSE,0.6
506980,11242,15,8,3,TRUE,A,94.0,FALSE,0.78
506981,11242,14,8,3,TRUE,C,96.6,FALSE,0.58
506982,11242,16,8,3,TRUE,B,95.7,FALSE,0.83
506983,11243,12,4,5,TRUE,A,94.7,FALSE,0.73
506984,11243,9,4,5,TRUE,A,79.2,FALSE,0.79
506985,11243,10,5,5,TRUE,B,90.0,FALSE,0.93
506986,11243,11,5,5,TRUE,A,88.2,FALSE,0.57
506987,11244,4,1,1,TRUE,A,89.8,FALSE,0.85
506988,11244,5,1,1,TRUE,A,87.2,FALSE,0.77
506989,11244,6,1,1,TRUE,B,96.4,FALSE,0.98
506990,11244,1,2,1,TRUE,C,94.0,FALSE,0.71
506991,11244,13,2,1,TRUE,A,95.7,FALSE,0.64
506992,11244,9,2,1,TRUE,B,98.8,FALSE,0.81
506993,11244,7,3,1,FALSE,F,52.8,FALSE,0.91
506994,11244,11,3,1,TRUE,B,94.9,FALSE,0.84
506995,11244,8,3,1,FALSE,F,59.8,FALSE,0.82
506996,11244,12,4,1,TRUE,C,92.6,FALSE,0.61
506997,11244,10,4,1,TRUE,A,96.0,FALSE,0.95
506998,11244,3,4,1,TRUE,B,95.7,FALSE,0.74
506999,11245,15,3,3,TRUE,A,75.0,FALSE,0.83
507000,11245,16,3,3,TRUE,C,79.3,FALSE,0.85
507001,11246,14,1,6,TRUE,B,75.5,FALSE,0.74
507002,11246,16,1,6,TRUE,B,80.0,FALSE,0.82
507003,11246,15,1,6,TRUE,B,76.1,FALSE,0.87
507004,11246,10,2,6,TRUE,A,86.8,FALSE,0.91
507005,11247,3,1,2,TRUE,A,88.2,FALSE,0.74
507006,11247,4,1,2,TRUE,C,83.7,FALSE,0.87
507007,11247,2,1,2,TRUE,B,94.9,FALSE,0.99
507008,11247,7,2,2,TRUE,B,96.4,FALSE,0.69
507009,11247,8,2,2,FALSE,D,63.2,FALSE,0.9
507010,11247,11,2,2,TRUE,B,81.3,FALSE,0.58
507011,11247,5,3,2,FALSE,F,48.3,FALSE,0.82
507012,11247,1,3,2,TRUE,A,89.0,FALSE,0.75
507013,11247,12,3,2,FALSE,F,51.1,FALSE,0.88
507014,11247,6,4,2,TRUE,B,89.7,FALSE,0.64
507015,11248,3,3,1,TRUE,B,85.5,FALSE,0.72
507016,11248,6,3,1,TRUE,A,98.9,FALSE,0.68
507017,11248,7,3,1,TRUE,A,83.1,FALSE,0.88
507018,11249,10,4,6,TRUE,A,91.0,FALSE,0.95
507019,11249,16,4,6,TRUE,B,76.3,FALSE,0.66
507020,11249,15,4,6,TRUE,A,75.9,FALSE,0.98
507021,11249,14,5,6,FALSE,D,59.2,FALSE,0.8
507022,11250,12,3,2,TRUE,B,91.8,FALSE,0.68
507023,11250,5,3,2,TRUE,A,78.3,FALSE,0.78
507024,11250,1,3,2,TRUE,A,86.0,FALSE,0.89
507025,11250,11,4,2,TRUE,B,80.0,FALSE,0.59
507026,11250,2,4,2,FALSE,F,48.1,FALSE,0.91
507027,11250,3,4,2,FALSE,F,52.0,FALSE,0.67
507028,11251,4,5,2,TRUE,B,87.5,FALSE,0.6
507029,11251,12,5,2,TRUE,A,77.0,FALSE,0.77
507030,11251,3,5,2,TRUE,B,82.5,FALSE,0.57
507031,11251,8,6,2,TRUE,C,89.2,FALSE,0.85
507032,11251,11,6,2,TRUE,A,84.6,FALSE,0.75
507033,11251,6,6,2,TRUE,A,78.0,FALSE,0.99
507034,11251,5,7,2,TRUE,A,96.2,FALSE,0.74
507035,11251,1,7,2,FALSE,F,55.1,FALSE,0.63
507036,11251,7,7,2,TRUE,A,92.9,FALSE,0.79
507037,11252,1,1,1,TRUE,A,90.0,FALSE,0.93
507038,11252,4,1,1,TRUE,B,85.8,FALSE,0.71
507039,11252,8,1,1,TRUE,B,98.1,FALSE,0.57
507040,11252,9,2,1,TRUE,B,82.1,FALSE,0.73
507041,11252,12,2,1,TRUE,B,82.3,FALSE,0.65
507042,11252,13,2,1,TRUE,C,80.4,FALSE,0.9
507043,11252,10,3,1,TRUE,C,84.1,FALSE,0.84
507044,11252,2,3,1,TRUE,B,95.3,FALSE,0.7
507045,11252,3,3,1,TRUE,B,93.7,FALSE,0.82
507046,11253,6,9,2,TRUE,A,97.4,FALSE,0.84
507047,11253,12,9,2,TRUE,A,94.1,FALSE,0.93
507048,11254,10,7,6,TRUE,A,98.4,FALSE,0.6
507049,11254,14,7,6,TRUE,C,86.8,FALSE,0.55
507050,11254,15,7,6,TRUE,A,89.6,FALSE,0.59
507051,11254,16,8,6,TRUE,B,96.4,FALSE,0.78
507052,11255,2,8,1,TRUE,B,94.6,FALSE,0.87
507053,11255,1,8,1,TRUE,B,90.1,FALSE,0.87
507054,11255,11,8,1,TRUE,A,75.4,FALSE,0.95
507055,11255,7,9,1,TRUE,A,79.6,FALSE,0.89
507056,11255,4,9,1,TRUE,B,97.8,FALSE,0.82
507057,11255,12,9,1,FALSE,D,51.2,FALSE,0.68
507058,11255,6,10,1,TRUE,A,98.9,FALSE,0.82
507059,11255,13,10,1,TRUE,A,82.9,FALSE,0.63
507060,11255,5,10,1,TRUE,A,96.4,FALSE,0.71
507061,11255,3,11,1,,,,TRUE,0.95
507062,11255,9,11,1,,,,TRUE,0.68
507063,11255,8,11,1,,,,FALSE,0.56
507064,11256,7,6,2,TRUE,B,92.9,FALSE,0.67
507065,11256,5,6,2,FALSE,D,53.5,FALSE,0.8
507066,11256,8,6,2,TRUE,C,90.6,FALSE,0.69
507067,11256,11,7,2,TRUE,B,75.6,FALSE,0.65
507068,11256,12,7,2,TRUE,A,76.1,FALSE,0.82
507069,11256,3,7,2,TRUE,C,76.4,FALSE,0.91
507070,11256,2,8,2,TRUE,B,85.3,FALSE,0.94
507071,11256,4,8,2,TRUE,B,75.8,FALSE,0.64
507072,11256,1,8,2,TRUE,C,86.6,FALSE,0.83
507073,11256,6,9,2,TRUE,C,92.1,FALSE,0.65
507074,11257,15,6,4,FALSE,D,52.8,FALSE,0.76
507075,11257,16,6,4,TRUE,A,83.6,FALSE,0.92
507076,11257,14,7,4,TRUE,B,78.6,FALSE,0.75
507077,11257,8,7,4,TRUE,B,90.4,FALSE,0.95
507078,11258,6,7,1,TRUE,B,83.7,FALSE,0.76
507079,11258,9,7,1,FALSE,D,58.2,FALSE,0.94
507080,11258,2,7,1,TRUE,C,76.9,FALSE,0.66
507081,11258,1,8,1,TRUE,A,84.1,FALSE,0.95
507082,11258,8,8,1,FALSE,F,69.8,FALSE,0.7
507083,11258,10,8,1,TRUE,C,94.0,FALSE,0.7
507084,11258,11,9,1,TRUE,A,97.1,FALSE,0.75
507085,11258,7,9,1,TRUE,B,94.4,FALSE,0.76
507086,11258,4,9,1,TRUE,A,82.9,FALSE,0.61
507087,11258,5,10,1,TRUE,A,98.9,FALSE,0.68
507088,11258,3,10,1,FALSE,D,53.1,FALSE,0.85
507089,11258,12,10,1,FALSE,F,51.4,FALSE,0.74
507090,11258,13,11,1,TRUE,B,93.5,FALSE,0.63
507091,11259,1,8,1,TRUE,C,82.3,FALSE,0.99
507092,11259,9,8,1,TRUE,A,98.3,FALSE,0.82
507093,11260,8,4,2,TRUE,B,75.8,FALSE,0.95
507094,11260,5,4,2,TRUE,B,84.5,FALSE,0.94
507095,11260,1,4,2,TRUE,C,89.6,FALSE,0.93
507096,11260,7,5,2,FALSE,D,72.9,FALSE,0.72
507097,11260,3,5,2,TRUE,B,89.6,FALSE,0.58
507098,11260,4,5,2,TRUE,B,87.3,FALSE,0.96
507099,11260,2,6,2,TRUE,B,95.9,FALSE,0.58
507100,11260,11,6,2,TRUE,B,93.5,FALSE,0.66
507101,11260,12,6,2,TRUE,B,90.6,FALSE,0.65
507102,11260,6,7,2,TRUE,C,89.0,FALSE,0.85
507103,11261,14,9,4,TRUE,B,95.3,FALSE,0.58
507104,11261,8,9,4,TRUE,B,98.9,FALSE,0.92
507105,11261,16,9,4,TRUE,C,75.2,FALSE,0.74
507106,11261,15,10,4,TRUE,C,91.9,FALSE,0.83
507107,11262,5,7,1,TRUE,A,86.2,FALSE,0.71
507108,11262,12,7,1,TRUE,B,79.6,FALSE,0.59
507109,11262,7,7,1,TRUE,B,77.9,FALSE,0.62
507110,11262,6,8,1,TRUE,B,80.1,FALSE,0.93
507111,11262,3,8,1,TRUE,B,87.7,FALSE,0.64
507112,11262,2,8,1,TRUE,A,91.8,FALSE,0.96
507113,11262,4,9,1,TRUE,B,95.2,FALSE,0.74
507114,11262,8,9,1,TRUE,B,92.2,FALSE,0.63
507115,11262,13,9,1,TRUE,B,90.9,FALSE,0.88
507116,11263,14,3,3,TRUE,C,84.4,FALSE,0.58
507117,11263,15,3,3,TRUE,B,82.5,FALSE,0.99
507118,11263,16,4,3,TRUE,B,78.0,FALSE,0.73
507119,11264,5,9,2,TRUE,B,87.5,FALSE,0.71
507120,11264,3,9,2,TRUE,B,83.0,FALSE,0.72
507121,11265,7,5,2,TRUE,B,80.3,FALSE,0.66
507122,11265,12,5,2,TRUE,B,78.1,FALSE,0.77
507123,11265,11,5,2,TRUE,A,93.1,FALSE,0.71
507124,11265,1,6,2,TRUE,A,98.8,FALSE,0.98
507125,11265,8,6,2,TRUE,B,94.8,FALSE,0.59
507126,11265,5,6,2,FALSE,F,63.9,FALSE,0.75
507127,11265,2,7,2,FALSE,D,60.0,FALSE,0.99
507128,11265,6,7,2,TRUE,A,94.8,FALSE,0.64
507129,11265,4,7,2,TRUE,B,84.4,FALSE,0.69
507130,11266,6,9,1,TRUE,C,92.7,FALSE,0.98
507131,11266,13,9,1,TRUE,A,77.1,FALSE,0.62
507132,11266,11,10,1,TRUE,B,91.8,FALSE,0.7
507133,11266,2,10,1,TRUE,B,76.7,FALSE,0.81
507134,11267,5,5,1,TRUE,B,78.0,FALSE,0.64
507135,11267,3,5,1,FALSE,F,71.7,FALSE,0.7
507136,11267,7,5,1,TRUE,A,94.3,FALSE,0.9
507137,11267,12,6,1,TRUE,B,89.8,FALSE,0.86
507138,11267,4,6,1,TRUE,B,80.5,FALSE,0.75
507139,11267,9,6,1,TRUE,B,95.4,FALSE,0.99
507140,11267,2,7,1,TRUE,B,82.4,FALSE,0.78
507141,11267,1,7,1,TRUE,A,90.9,FALSE,0.89
507142,11267,11,7,1,TRUE,A,95.6,FALSE,0.8
507143,11267,8,8,1,TRUE,C,84.0,FALSE,0.9
507144,11267,13,8,1,TRUE,B,95.8,FALSE,0.68
507145,11267,6,8,1,TRUE,A,95.7,FALSE,0.59
507146,11267,10,9,1,TRUE,B,81.4,FALSE,0.98
507147,11268,14,5,3,TRUE,B,90.9,FALSE,0.95
507148,11268,15,5,3,FALSE,F,63.3,FALSE,0.78
507149,11268,16,5,3,TRUE,A,77.8,FALSE,0.97
507150,11269,11,2,1,TRUE,B,91.3,FALSE,0.83
507151,11269,8,2,1,TRUE,B,86.8,FALSE,0.59
507152,11269,2,3,1,TRUE,C,93.0,FALSE,0.83
507153,11269,6,3,1,TRUE,A,75.8,FALSE,0.57
507154,11269,1,4,1,TRUE,A,95.5,FALSE,0.94
507155,11269,7,4,1,TRUE,B,98.6,FALSE,0.94
507156,11269,5,5,1,TRUE,C,76.9,FALSE,0.9
507157,11269,13,5,1,FALSE,D,70.9,FALSE,0.65
507158,11269,12,6,1,TRUE,B,75.0,FALSE,0.77
507159,11269,10,6,1,TRUE,A,77.5,FALSE,0.6
507160,11269,3,7,1,TRUE,B,81.4,FALSE,0.83
507161,11269,9,7,1,TRUE,A,90.5,FALSE,0.81
507162,11270,15,9,6,TRUE,B,98.8,FALSE,0.91
507163,11270,14,9,6,FALSE,F,70.8,FALSE,0.72
507164,11270,16,10,6,FALSE,D,65.0,FALSE,0.98
507165,11270,10,10,6,TRUE,B,75.4,FALSE,0.99
507166,11271,2,1,1,TRUE,C,83.2,FALSE,0.65
507167,11271,12,1,1,TRUE,B,75.4,FALSE,0.68
507168,11271,3,1,1,TRUE,A,83.7,FALSE,0.84
507169,11272,13,2,1,TRUE,A,94.3,FALSE,0.71
507170,11272,2,2,1,TRUE,B,93.5,FALSE,0.89
507171,11272,6,2,1,TRUE,B,91.3,FALSE,0.8
507172,11272,12,3,1,TRUE,C,90.5,FALSE,0.92
507173,11272,11,3,1,TRUE,B,95.7,FALSE,1.0
507174,11272,5,3,1,TRUE,B,81.4,FALSE,0.8
507175,11273,1,5,1,TRUE,C,96.4,FALSE,0.95
507176,11273,4,5,1,TRUE,B,91.1,FALSE,0.59
507177,11273,3,5,1,TRUE,B,88.6,FALSE,0.64
507178,11274,15,7,4,TRUE,A,93.6,FALSE,0.86
507179,11274,8,7,4,TRUE,B,84.6,FALSE,0.86
507180,11274,16,8,4,TRUE,B,91.3,FALSE,0.62
507181,11274,14,8,4,TRUE,B,96.9,FALSE,0.85
507182,11275,13,3,1,TRUE,C,93.9,FALSE,0.7
507183,11275,12,3,1,TRUE,C,79.8,FALSE,0.92
507184,11275,3,4,1,TRUE,A,79.6,FALSE,0.65
507185,11275,6,4,1,TRUE,A,93.0,FALSE,0.57
507186,11275,11,5,1,TRUE,B,94.0,FALSE,0.81
507187,11275,8,5,1,TRUE,A,87.5,FALSE,0.86
507188,11276,9,7,5,TRUE,A,79.5,FALSE,0.88
507189,11276,11,7,5,TRUE,B,90.7,FALSE,0.56
507190,11276,10,7,5,TRUE,A,76.7,FALSE,0.66
507191,11276,12,8,5,TRUE,B,84.3,FALSE,0.95
507192,11277,2,7,2,TRUE,A,81.0,FALSE,0.55
507193,11277,4,7,2,TRUE,B,81.8,FALSE,0.62
507194,11277,7,7,2,TRUE,B,81.0,FALSE,0.72
507195,11277,11,8,2,TRUE,A,83.7,FALSE,0.67
507196,11277,6,8,2,TRUE,C,78.7,FALSE,0.89
507197,11277,3,8,2,TRUE,B,98.5,FALSE,0.75
507198,11277,8,9,2,FALSE,F,70.2,FALSE,0.85
507199,11277,5,9,2,FALSE,D,51.8,FALSE,0.6
507200,11277,12,9,2,TRUE,A,77.6,FALSE,0.95
507201,11277,1,10,2,TRUE,A,98.3,FALSE,0.66
507202,11278,8,1,1,TRUE,B,88.5,FALSE,0.59
507203,11278,11,1,1,TRUE,A,90.3,FALSE,0.58
507204,11278,5,1,1,TRUE,C,80.0,FALSE,0.56
507205,11278,2,2,1,TRUE,B,88.9,FALSE,0.7
507206,11278,13,2,1,TRUE,C,98.7,FALSE,0.76
507207,11278,4,2,1,TRUE,C,80.3,FALSE,0.84
507208,11278,9,3,1,TRUE,B,79.6,FALSE,0.69
507209,11278,3,3,1,TRUE,B,82.4,FALSE,0.95
507210,11278,6,3,1,TRUE,C,87.1,FALSE,0.77
507211,11278,7,4,1,TRUE,B,90.4,FALSE,0.99
507212,11278,10,4,1,TRUE,C,98.9,FALSE,0.81
507213,11278,1,4,1,TRUE,B,83.2,FALSE,0.72
507214,11279,13,3,1,TRUE,C,77.1,FALSE,0.78
507215,11279,6,3,1,TRUE,A,81.9,FALSE,0.98
507216,11279,1,3,1,TRUE,A,83.9,FALSE,0.96
507217,11279,7,4,1,TRUE,B,92.8,FALSE,0.78
507218,11279,8,4,1,TRUE,B,96.0,FALSE,0.7
507219,11279,11,4,1,FALSE,D,56.2,FALSE,0.87
507220,11279,4,5,1,TRUE,B,79.0,FALSE,0.67
507221,11279,2,5,1,TRUE,A,78.4,FALSE,0.77
507222,11279,9,5,1,TRUE,B,82.3,FALSE,0.9
507223,11279,3,6,1,TRUE,A,90.4,FALSE,0.8
507224,11279,5,6,1,FALSE,F,52.3,FALSE,0.83
507225,11279,12,6,1,TRUE,A,86.0,FALSE,0.72
507226,11280,10,2,5,TRUE,C,75.8,FALSE,0.7
507227,11280,12,2,5,TRUE,A,93.1,FALSE,0.6
507228,11280,11,3,5,TRUE,B,93.3,FALSE,0.61
507229,11280,9,3,5,TRUE,A,76.5,FALSE,0.95
507230,11281,13,8,1,FALSE,D,55.4,FALSE,0.84
507231,11281,11,8,1,TRUE,A,96.0,FALSE,0.98
507232,11281,6,8,1,TRUE,B,90.9,FALSE,0.61
507233,11281,3,9,1,FALSE,D,60.6,FALSE,0.56
507234,11281,7,9,1,TRUE,C,85.3,FALSE,0.69
507235,11281,8,9,1,TRUE,C,90.0,FALSE,0.76
507236,11281,9,10,1,TRUE,B,98.2,FALSE,0.86
507237,11281,12,10,1,TRUE,B,91.1,FALSE,0.84
507238,11281,10,10,1,TRUE,B,76.5,FALSE,0.56
507239,11282,9,5,1,TRUE,A,75.6,FALSE,0.75
507240,11282,3,5,1,TRUE,B,89.8,FALSE,0.77
507241,11282,1,5,1,FALSE,D,73.0,FALSE,0.84
507242,11282,10,6,1,TRUE,A,77.3,FALSE,0.95
507243,11282,4,6,1,TRUE,A,86.6,FALSE,0.88
507244,11282,6,6,1,TRUE,B,97.9,FALSE,0.97
507245,11282,2,7,1,TRUE,C,80.7,FALSE,0.96
507246,11282,13,7,1,FALSE,D,62.6,FALSE,0.65
507247,11282,11,7,1,FALSE,F,71.6,FALSE,0.74
507248,11282,5,8,1,TRUE,C,95.7,FALSE,0.76
507249,11282,7,8,1,TRUE,B,96.9,FALSE,0.81
507250,11282,12,8,1,FALSE,D,51.0,FALSE,0.95
507251,11282,8,9,1,TRUE,B,77.8,FALSE,0.8
507252,11283,6,7,1,TRUE,A,82.2,FALSE,0.73
507253,11283,2,7,1,TRUE,B,95.2,FALSE,0.91
507254,11283,7,7,1,TRUE,C,98.5,FALSE,0.72
507255,11284,15,2,3,FALSE,D,55.4,FALSE,0.71
507256,11284,14,2,3,FALSE,D,65.7,FALSE,0.84
507257,11284,16,3,3,TRUE,B,76.6,FALSE,0.79
507258,11285,14,2,3,FALSE,D,52.1,FALSE,0.92
507259,11285,15,2,3,TRUE,A,89.5,FALSE,0.67
507260,11285,16,2,3,TRUE,A,85.6,FALSE,0.73
507261,11286,2,9,1,FALSE,D,52.5,FALSE,0.87
507262,11286,3,9,1,TRUE,B,82.1,FALSE,0.76
507263,11286,10,9,1,TRUE,B,85.5,FALSE,0.88
507264,11286,12,10,1,TRUE,A,78.0,FALSE,0.86
507265,11286,4,10,1,FALSE,F,64.7,FALSE,0.84
507266,11286,6,10,1,TRUE,A,96.7,FALSE,0.69
507267,11286,8,11,1,TRUE,A,77.9,FALSE,0.91
507268,11286,13,11,1,TRUE,B,90.2,FALSE,0.85
507269,11286,9,11,1,TRUE,B,75.7,FALSE,0.82
507270,11287,15,5,3,TRUE,B,90.4,FALSE,0.83
507271,11287,14,5,3,TRUE,A,98.2,FALSE,1.0
507272,11287,16,6,3,FALSE,D,53.2,FALSE,0.6
507273,11288,11,2,5,TRUE,B,90.3,FALSE,0.83
507274,11288,10,2,5,TRUE,A,85.7,FALSE,0.67
507275,11288,9,2,5,TRUE,C,83.2,FALSE,0.96
507276,11288,12,3,5,FALSE,F,70.5,FALSE,0.77
507277,11289,8,8,2,TRUE,A,85.5,FALSE,0.78
507278,11289,1,8,2,TRUE,A,78.7,FALSE,0.61
507279,11289,12,9,2,TRUE,B,75.1,FALSE,0.96
507280,11289,7,9,2,TRUE,B,86.0,FALSE,0.7
507281,11289,2,10,2,TRUE,C,97.9,FALSE,0.6
507282,11289,3,10,2,TRUE,A,86.1,FALSE,0.83
507283,11289,4,11,2,,,,FALSE,0.57
507284,11289,6,11,2,TRUE,C,98.4,FALSE,0.81
507285,11290,5,3,1,TRUE,C,88.6,FALSE,0.6
507286,11290,2,3,1,TRUE,B,98.5,FALSE,0.78
507287,11291,14,7,3,TRUE,B,81.0,FALSE,0.58
507288,11291,16,7,3,TRUE,A,75.7,FALSE,0.91
507289,11291,15,7,3,TRUE,B,75.8,FALSE,0.72
507290,11292,6,9,2,TRUE,B,98.1,FALSE,0.69
507291,11292,3,9,2,TRUE,A,86.3,FALSE,0.95
507292,11292,12,10,2,TRUE,B,83.1,FALSE,0.71
507293,11292,8,10,2,FALSE,F,55.1,FALSE,0.67
507294,11292,2,11,2,,,,FALSE,0.96
507295,11292,4,11,2,TRUE,B,76.1,FALSE,0.76
507296,11293,2,4,2,TRUE,A,97.4,FALSE,0.79
507297,11293,1,4,2,TRUE,B,77.0,FALSE,0.99
507298,11293,4,4,2,TRUE,B,86.3,FALSE,0.75
507299,11293,7,5,2,TRUE,B,87.1,FALSE,0.58
507300,11293,6,5,2,TRUE,A,94.4,FALSE,0.84
507301,11293,5,5,2,TRUE,A,97.4,FALSE,0.98
507302,11293,11,6,2,TRUE,A,83.7,FALSE,0.62
507303,11293,8,6,2,TRUE,B,83.1,FALSE,0.68
507304,11293,12,6,2,TRUE,C,75.7,FALSE,0.66
507305,11293,3,7,2,FALSE,D,55.4,FALSE,0.8
507306,11294,8,9,1,TRUE,C,80.9,FALSE,0.81
507307,11294,10,9,1,TRUE,B,78.2,FALSE,0.85
507308,11294,6,9,1,FALSE,F,58.2,FALSE,0.69
507309,11294,11,10,1,TRUE,A,76.7,FALSE,0.98
507310,11294,9,10,1,TRUE,C,90.9,FALSE,0.84
507311,11294,4,10,1,TRUE,B,82.1,FALSE,0.89
507312,11295,3,3,2,FALSE,F,56.5,FALSE,0.66
507313,11295,6,3,2,TRUE,B,79.5,FALSE,0.73
507314,11295,12,4,2,TRUE,B,82.8,FALSE,0.55
507315,11295,7,4,2,TRUE,B,96.5,FALSE,0.94
507316,11295,2,5,2,TRUE,B,89.2,FALSE,0.69
507317,11295,1,5,2,TRUE,A,80.6,FALSE,0.85
507318,11296,10,1,5,TRUE,B,86.8,FALSE,0.6
507319,11296,9,1,5,TRUE,C,92.1,FALSE,0.75
507320,11297,15,7,3,TRUE,A,97.7,FALSE,0.61
507321,11297,14,7,3,TRUE,B,78.4,FALSE,0.66
507322,11297,16,7,3,TRUE,B,88.2,FALSE,0.91
507323,11298,14,3,3,TRUE,B,84.0,FALSE,0.62
507324,11298,16,3,3,TRUE,B,95.7,FALSE,0.93
507325,11298,15,3,3,TRUE,A,87.5,FALSE,0.75
507326,11299,12,3,1,TRUE,C,84.4,FALSE,0.6
507327,11299,5,3,1,TRUE,B,88.8,FALSE,0.74
507328,11299,7,4,1,TRUE,A,90.5,FALSE,0.79
507329,11299,2,4,1,FALSE,D,63.5,FALSE,0.7
507330,11299,13,5,1,FALSE,F,49.3,FALSE,0.77
507331,11299,3,5,1,TRUE,C,89.8,FALSE,0.73
507332,11299,6,6,1,TRUE,A,81.7,FALSE,0.83
507333,11299,11,6,1,TRUE,A,80.6,FALSE,0.75
507334,11300,16,8,4,TRUE,B,94.3,FALSE,0.75
507335,11300,8,8,4,TRUE,A,94.9,FALSE,0.81
507336,11300,15,8,4,TRUE,C,91.4,FALSE,0.87
507337,11300,14,9,4,TRUE,B,96.0,FALSE,0.67
507338,11301,11,1,5,TRUE,A,92.5,FALSE,0.97
507339,11301,9,1,5,TRUE,B,95.9,FALSE,0.65
507340,11301,10,1,5,TRUE,B,75.7,FALSE,0.63
507341,11301,12,2,5,TRUE,B,77.1,FALSE,0.92
507342,11302,8,8,2,TRUE,A,94.7,FALSE,0.82
507343,11302,5,8,2,TRUE,A,76.5,FALSE,0.83
507344,11302,3,9,2,TRUE,B,92.4,FALSE,0.62
507345,11302,1,9,2,TRUE,A,82.3,FALSE,0.63
507346,11302,4,10,2,TRUE,B,81.2,FALSE,0.77
507347,11302,7,10,2,TRUE,C,91.5,FALSE,0.87
507348,11302,6,11,2,TRUE,B,77.4,FALSE,1.0
507349,11302,2,11,2,,,,FALSE,0.73
507350,11303,2,3,2,TRUE,C,83.1,FALSE,0.99
507351,11303,6,3,2,TRUE,B,85.1,FALSE,0.73
507352,11303,1,3,2,TRUE,B,82.1,FALSE,0.9
507353,11303,7,4,2,TRUE,B,80.4,FALSE,0.74
507354,11303,8,4,2,TRUE,C,75.1,FALSE,0.98
507355,11303,11,4,2,TRUE,A,82.8,FALSE,0.84
507356,11303,5,5,2,TRUE,B,92.9,FALSE,0.58
507357,11303,3,5,2,TRUE,A,87.3,FALSE,0.96
507358,11303,4,5,2,FALSE,F,48.1,FALSE,0.64
507359,11303,12,6,2,TRUE,A,89.0,FALSE,0.79
507360,11304,8,1,2,TRUE,C,86.0,FALSE,0.94
507361,11304,3,1,2,TRUE,B,83.7,FALSE,0.83
507362,11304,5,1,2,TRUE,B,76.8,FALSE,0.72
507363,11305,3,6,2,TRUE,B,88.7,FALSE,0.91
507364,11305,4,6,2,TRUE,B,77.5,FALSE,0.66
507365,11305,11,6,2,TRUE,A,92.7,FALSE,0.95
507366,11305,5,7,2,TRUE,B,78.7,FALSE,0.6
507367,11305,2,7,2,TRUE,A,85.3,FALSE,0.77
507368,11305,6,7,2,TRUE,B,81.5,FALSE,0.62
507369,11305,1,8,2,TRUE,C,95.6,FALSE,0.69
507370,11305,12,8,2,TRUE,C,77.6,FALSE,0.91
507371,11305,8,8,2,TRUE,B,79.6,FALSE,0.59
507372,11306,15,4,3,TRUE,B,79.9,FALSE,0.7
507373,11306,14,4,3,FALSE,D,52.7,FALSE,0.79
507374,11306,16,5,3,TRUE,B,82.8,FALSE,0.88
507375,11307,11,2,1,TRUE,C,79.8,FALSE,0.87
507376,11307,6,2,1,TRUE,B,76.6,FALSE,0.98
507377,11307,13,2,1,TRUE,A,98.1,FALSE,0.95
507378,11307,9,3,1,TRUE,A,97.3,FALSE,0.89
507379,11307,7,3,1,TRUE,C,90.1,FALSE,0.71
507380,11307,10,3,1,TRUE,A,98.8,FALSE,0.97
507381,11307,12,4,1,TRUE,A,97.7,FALSE,0.7
507382,11307,5,4,1,FALSE,F,69.1,FALSE,0.86
507383,11307,1,4,1,TRUE,B,84.6,FALSE,0.61
507384,11307,2,5,1,TRUE,C,89.2,FALSE,0.66
507385,11307,8,5,1,TRUE,A,91.5,FALSE,0.97
507386,11307,3,5,1,TRUE,A,83.3,FALSE,0.85
507387,11307,4,6,1,TRUE,A,97.9,FALSE,0.89
507388,11308,15,1,3,TRUE,B,83.9,FALSE,0.82
507389,11308,14,1,3,TRUE,B,97.1,FALSE,0.66
507390,11308,16,1,3,TRUE,A,77.4,FALSE,0.96
507391,11309,10,1,5,TRUE,B,82.0,FALSE,0.59
507392,11309,11,1,5,TRUE,B,94.8,FALSE,0.67
507393,11309,9,2,5,TRUE,B,91.4,FALSE,0.89
507394,11309,12,2,5,TRUE,B,94.9,FALSE,0.76
507395,11310,14,9,6,FALSE,D,64.0,FALSE,0.98
507396,11310,16,9,6,TRUE,B,79.2,FALSE,0.91
507397,11310,10,9,6,TRUE,A,89.3,FALSE,0.85
507398,11310,15,10,6,TRUE,A,93.5,FALSE,0.99
507399,11311,6,7,1,TRUE,C,85.7,FALSE,0.75
507400,11311,11,7,1,TRUE,B,97.5,FALSE,0.86
507401,11311,10,7,1,TRUE,A,81.2,FALSE,0.82
507402,11311,13,8,1,FALSE,F,57.6,FALSE,0.94
507403,11311,12,8,1,TRUE,A,83.0,FALSE,0.67
507404,11311,4,8,1,TRUE,B,85.4,FALSE,0.87
507405,11311,9,9,1,TRUE,B,92.6,FALSE,0.57
507406,11311,2,9,1,TRUE,B,86.2,FALSE,0.76
507407,11311,5,9,1,TRUE,B,85.6,FALSE,0.83
507408,11311,1,10,1,TRUE,A,77.1,FALSE,0.71
507409,11311,3,10,1,TRUE,B,76.5,FALSE,0.73
507410,11311,8,10,1,TRUE,A,92.5,FALSE,0.78
507411,11311,7,11,1,,,,FALSE,0.63
507412,11312,12,1,2,FALSE,D,57.5,FALSE,0.83
507413,11312,1,1,2,TRUE,B,89.6,FALSE,0.73
507414,11312,8,1,2,TRUE,B,87.3,FALSE,0.87
507415,11312,6,2,2,TRUE,B,78.6,FALSE,0.87
507416,11312,11,2,2,TRUE,B,81.5,FALSE,0.86
507417,11312,7,2,2,TRUE,B,84.7,FALSE,0.77
507418,11312,5,3,2,FALSE,D,69.4,FALSE,0.72
507419,11312,3,3,2,FALSE,D,64.8,FALSE,0.71
507420,11312,4,3,2,FALSE,D,55.1,FALSE,0.91
507421,11313,2,4,1,TRUE,A,86.1,FALSE,0.78
507422,11313,12,4,1,TRUE,A,90.1,FALSE,0.75
507423,11313,1,4,1,TRUE,B,95.0,FALSE,0.68
507424,11313,4,5,1,TRUE,B,82.5,FALSE,0.87
507425,11313,13,5,1,TRUE,B,96.9,FALSE,0.66
507426,11313,8,5,1,TRUE,A,98.5,FALSE,0.81
507427,11313,5,6,1,TRUE,B,84.3,FALSE,0.96
507428,11313,3,6,1,TRUE,B,97.8,FALSE,0.67
507429,11313,6,6,1,TRUE,B,97.8,FALSE,0.62
507430,11313,9,7,1,TRUE,C,86.6,FALSE,0.76
507431,11313,10,7,1,TRUE,B,75.5,FALSE,0.66
507432,11313,11,7,1,TRUE,A,84.1,FALSE,0.57
507433,11313,7,8,1,TRUE,B,98.2,FALSE,0.81
507434,11314,4,9,2,TRUE,B,81.8,FALSE,0.63
507435,11314,3,9,2,TRUE,B,80.5,FALSE,0.6
507436,11315,15,7,3,FALSE,D,67.5,FALSE,0.57
507437,11315,14,7,3,TRUE,A,78.6,FALSE,0.81
507438,11315,16,7,3,TRUE,C,77.1,FALSE,0.64
507439,11316,15,2,3,TRUE,A,83.5,FALSE,0.9
507440,11316,16,2,3,FALSE,D,59.6,FALSE,0.63
507441,11316,14,2,3,TRUE,B,92.0,FALSE,0.69
507442,11317,11,5,1,TRUE,B,88.1,FALSE,0.61
507443,11317,2,5,1,TRUE,A,79.7,FALSE,0.9
507444,11317,7,6,1,TRUE,B,88.4,FALSE,0.95
507445,11317,6,6,1,TRUE,B,83.2,FALSE,0.96
507446,11317,3,7,1,TRUE,A,82.0,FALSE,0.91
507447,11317,10,7,1,TRUE,A,82.1,FALSE,0.57
507448,11318,6,5,1,TRUE,C,92.7,FALSE,0.99
507449,11318,8,5,1,TRUE,C,92.2,FALSE,0.66
507450,11318,4,6,1,TRUE,C,90.1,FALSE,0.93
507451,11318,11,6,1,TRUE,C,77.7,FALSE,0.92
507452,11318,9,7,1,TRUE,B,77.4,FALSE,0.62
507453,11318,3,7,1,TRUE,B,91.1,FALSE,0.85
507454,11318,2,8,1,TRUE,A,98.1,FALSE,0.79
507455,11318,12,8,1,TRUE,C,98.8,FALSE,0.78
507456,11319,15,8,4,TRUE,A,97.3,FALSE,0.97
507457,11319,8,8,4,TRUE,A,88.0,FALSE,0.95
507458,11319,16,8,4,TRUE,A,91.3,FALSE,0.9
507459,11319,14,9,4,FALSE,D,70.2,FALSE,0.75
507460,11320,10,8,6,TRUE,A,90.8,FALSE,0.82
507461,11320,15,8,6,TRUE,B,83.4,FALSE,0.86
507462,11320,14,9,6,TRUE,B,81.0,FALSE,0.87
507463,11320,16,9,6,TRUE,C,94.4,FALSE,0.62
507464,11321,10,3,5,TRUE,B,86.4,FALSE,0.83
507465,11321,9,3,5,TRUE,A,75.2,FALSE,0.82
507466,11322,15,9,3,TRUE,A,93.4,FALSE,0.78
507467,11322,16,9,3,TRUE,B,80.8,FALSE,0.66
507468,11322,14,9,3,TRUE,A,93.8,FALSE,0.56
507469,11323,5,9,1,TRUE,B,88.8,FALSE,0.78
507470,11323,1,9,1,TRUE,B,79.1,FALSE,0.71
507471,11323,6,10,1,TRUE,A,82.9,FALSE,0.56
507472,11323,2,10,1,FALSE,D,72.4,FALSE,0.86
507473,11324,7,2,2,TRUE,C,94.2,FALSE,0.8
507474,11324,3,2,2,TRUE,A,75.3,FALSE,0.86
507475,11325,15,8,3,TRUE,B,86.0,FALSE,0.83
507476,11325,16,8,3,TRUE,C,93.7,FALSE,0.95
507477,11325,14,9,3,TRUE,A,98.9,FALSE,0.81
507478,11326,9,6,1,TRUE,B,96.8,FALSE,0.75
507479,11326,11,6,1,TRUE,B,94.6,FALSE,0.7
507480,11326,7,6,1,TRUE,A,98.3,FALSE,0.74
507481,11327,6,5,2,TRUE,B,77.5,FALSE,0.74
507482,11327,3,5,2,TRUE,A,90.0,FALSE,0.6
507483,11327,12,5,2,FALSE,F,55.5,FALSE,0.59
507484,11327,2,6,2,TRUE,B,82.3,FALSE,0.95
507485,11327,7,6,2,TRUE,B,79.3,FALSE,0.98
507486,11327,5,6,2,TRUE,B,97.5,FALSE,0.62
507487,11328,8,1,1,TRUE,A,85.3,FALSE,0.89
507488,11328,4,1,1,TRUE,A,96.8,FALSE,0.71
507489,11328,2,2,1,TRUE,B,82.0,FALSE,0.71
507490,11328,11,2,1,TRUE,B,82.5,FALSE,0.75
507491,11329,14,4,6,TRUE,B,92.3,FALSE,0.6
507492,11329,15,4,6,TRUE,A,83.8,FALSE,0.73
507493,11329,10,5,6,TRUE,B,93.6,FALSE,0.97
507494,11329,16,5,6,TRUE,B,76.6,FALSE,0.81
507495,11330,9,3,1,TRUE,B,89.6,FALSE,0.71
507496,11330,2,3,1,TRUE,B,88.1,FALSE,0.86
507497,11330,8,4,1,TRUE,C,75.2,FALSE,0.73
507498,11330,11,4,1,TRUE,A,93.8,FALSE,0.78
507499,11330,13,5,1,FALSE,D,55.8,FALSE,0.61
507500,11330,4,5,1,TRUE,C,75.0,FALSE,0.84
507501,11331,4,5,2,TRUE,B,91.1,FALSE,0.67
507502,11331,7,5,2,TRUE,A,98.5,FALSE,0.95
507503,11331,5,6,2,TRUE,C,82.8,FALSE,0.59
507504,11331,6,6,2,TRUE,B,87.3,FALSE,0.82
507505,11332,4,4,1,TRUE,C,82.5,FALSE,1.0
507506,11332,1,4,1,TRUE,C,87.0,FALSE,0.68
507507,11332,9,4,1,TRUE,C,95.1,FALSE,0.83
507508,11332,7,5,1,TRUE,B,85.4,FALSE,0.65
507509,11332,13,5,1,TRUE,C,93.3,FALSE,0.82
507510,11332,5,5,1,TRUE,C,78.2,FALSE,0.76
507511,11332,10,6,1,TRUE,A,76.9,FALSE,0.81
507512,11332,3,6,1,FALSE,D,62.5,FALSE,0.85
507513,11332,12,6,1,TRUE,A,86.0,FALSE,0.61
507514,11332,6,7,1,TRUE,A,89.6,FALSE,0.64
507515,11332,2,7,1,TRUE,B,88.5,FALSE,0.87
507516,11332,11,7,1,TRUE,C,76.3,FALSE,0.55
507517,11332,8,8,1,TRUE,B,93.0,FALSE,0.89
507518,11333,11,7,2,TRUE,B,98.8,FALSE,0.82
507519,11333,6,7,2,TRUE,C,77.1,FALSE,0.68
507520,11333,12,7,2,FALSE,D,61.4,FALSE,0.92
507521,11333,4,8,2,TRUE,C,79.5,FALSE,0.97
507522,11333,3,8,2,TRUE,A,81.5,FALSE,0.92
507523,11333,7,8,2,TRUE,B,79.2,FALSE,0.57
507524,11333,1,9,2,TRUE,A,77.9,FALSE,0.82
507525,11333,5,9,2,TRUE,B,86.0,FALSE,0.89
507526,11333,8,9,2,TRUE,B,98.6,FALSE,0.92
507527,11334,8,6,1,TRUE,B,79.1,FALSE,0.67
507528,11334,9,6,1,TRUE,B,79.9,FALSE,0.69
507529,11334,13,7,1,TRUE,B,83.6,FALSE,0.79
507530,11334,3,7,1,FALSE,F,60.2,FALSE,0.86
507531,11334,5,8,1,TRUE,A,95.3,FALSE,0.74
507532,11334,4,8,1,TRUE,B,77.7,FALSE,0.72
507533,11335,3,7,1,FALSE,D,66.8,FALSE,0.92
507534,11335,8,7,1,TRUE,B,75.7,FALSE,0.89
507535,11335,6,7,1,TRUE,C,98.8,FALSE,0.9
507536,11336,15,2,3,TRUE,C,86.3,FALSE,0.67
507537,11336,14,2,3,TRUE,B,79.7,FALSE,0.97
507538,11336,16,2,3,TRUE,B,79.8,FALSE,0.71
507539,11337,13,4,1,TRUE,C,90.1,FALSE,0.86
507540,11337,3,4,1,TRUE,C,77.1,FALSE,0.65
507541,11337,1,5,1,TRUE,C,89.6,FALSE,0.97
507542,11337,7,5,1,TRUE,A,77.3,FALSE,0.62
507543,11337,8,6,1,TRUE,A,96.7,FALSE,0.85
507544,11337,11,6,1,TRUE,A,93.3,FALSE,0.77
507545,11337,6,7,1,TRUE,A,89.4,FALSE,0.66
507546,11337,4,7,1,TRUE,B,93.2,FALSE,0.84
507547,11337,2,8,1,TRUE,A,92.4,FALSE,0.85
507548,11337,10,8,1,TRUE,B,92.7,FALSE,0.97
507549,11338,4,5,1,TRUE,A,93.7,FALSE,0.74
507550,11338,8,5,1,TRUE,A,83.5,FALSE,0.91
507551,11338,12,6,1,FALSE,F,55.7,FALSE,0.85
507552,11338,13,6,1,TRUE,A,89.9,FALSE,0.56
507553,11338,2,7,1,TRUE,B,90.2,FALSE,0.68
507554,11338,7,7,1,TRUE,B,93.4,FALSE,0.57
507555,11338,6,8,1,TRUE,C,94.2,FALSE,0.92
507556,11338,10,8,1,TRUE,A,95.4,FALSE,0.66
507557,11338,9,9,1,TRUE,B,81.6,FALSE,0.57
507558,11338,11,9,1,TRUE,B,96.8,FALSE,0.88
507559,11339,2,9,2,TRUE,A,87.5,FALSE,0.73
507560,11339,11,9,2,TRUE,A,78.9,FALSE,0.83
507561,11339,5,9,2,TRUE,C,78.7,FALSE,0.77
507562,11339,4,10,2,TRUE,B,83.8,FALSE,0.73
507563,11339,1,10,2,FALSE,D,58.2,FALSE,0.55
507564,11339,7,10,2,FALSE,F,52.3,FALSE,0.98
507565,11340,8,9,2,TRUE,B,84.3,FALSE,0.61
507566,11340,12,9,2,TRUE,C,80.9,FALSE,0.7
507567,11340,2,10,2,TRUE,A,77.4,FALSE,0.67
507568,11340,11,10,2,TRUE,C,84.0,FALSE,0.99
507569,11340,7,11,2,,,,TRUE,0.61
507570,11340,6,11,2,TRUE,B,87.6,FALSE,0.97
507571,11341,14,7,3,TRUE,B,96.9,FALSE,0.68
507572,11341,15,7,3,TRUE,B,78.4,FALSE,0.76
507573,11341,16,7,3,TRUE,A,96.6,FALSE,0.68
507574,11342,9,1,1,TRUE,B,82.8,FALSE,0.69
507575,11342,1,1,1,TRUE,B,91.7,FALSE,0.77
507576,11342,7,1,1,TRUE,C,94.2,FALSE,0.69
507577,11342,11,2,1,TRUE,B,91.9,FALSE,0.89
507578,11342,12,2,1,TRUE,B,94.1,FALSE,0.72
507579,11342,10,2,1,TRUE,B,96.2,FALSE,0.65
507580,11342,4,3,1,FALSE,F,54.3,FALSE,0.76
507581,11342,6,3,1,TRUE,A,78.7,FALSE,0.97
507582,11342,8,3,1,FALSE,D,68.5,FALSE,0.7
507583,11343,1,1,2,TRUE,A,83.7,FALSE,0.62
507584,11343,5,1,2,FALSE,F,74.3,FALSE,0.87
507585,11343,3,1,2,TRUE,B,91.3,FALSE,0.89
507586,11343,2,2,2,TRUE,A,86.4,FALSE,0.65
507587,11343,6,2,2,TRUE,A,85.9,FALSE,0.57
507588,11343,7,2,2,TRUE,B,76.7,FALSE,0.71
507589,11343,8,3,2,TRUE,C,76.2,FALSE,0.57
507590,11343,12,3,2,TRUE,B,78.9,FALSE,0.96
507591,11343,4,3,2,TRUE,B,90.9,FALSE,0.96
507592,11343,11,4,2,TRUE,B,80.0,FALSE,0.62
507593,11344,16,2,3,TRUE,B,90.4,FALSE,0.71
507594,11344,15,2,3,TRUE,A,96.4,FALSE,0.99
507595,11344,14,3,3,TRUE,A,78.8,FALSE,0.79
507596,11345,12,7,5,FALSE,F,61.8,FALSE,0.79
507597,11345,9,7,5,TRUE,B,94.2,FALSE,0.83
507598,11345,10,8,5,TRUE,C,77.9,FALSE,0.8
507599,11345,11,8,5,TRUE,A,93.7,FALSE,0.74
507600,11346,15,5,3,TRUE,B,92.9,FALSE,0.7
507601,11346,16,5,3,TRUE,B,79.7,FALSE,0.8
507602,11346,14,5,3,TRUE,B,77.4,FALSE,0.75
507603,11347,9,1,1,TRUE,C,76.9,FALSE,0.98
507604,11347,10,1,1,TRUE,A,77.7,FALSE,0.65
507605,11348,15,7,6,TRUE,C,90.7,FALSE,0.77
507606,11348,14,7,6,TRUE,B,82.3,FALSE,0.78
507607,11349,11,7,5,FALSE,D,71.9,FALSE,0.77
507608,11349,12,7,5,TRUE,B,97.6,FALSE,0.97
507609,11349,10,8,5,TRUE,B,76.2,FALSE,0.93
507610,11349,9,8,5,TRUE,C,87.1,FALSE,0.63
507611,11350,7,7,2,TRUE,A,90.1,FALSE,0.71
507612,11350,4,7,2,TRUE,A,88.0,FALSE,0.59
507613,11350,1,7,2,TRUE,B,86.1,FALSE,0.81
507614,11350,2,8,2,TRUE,A,84.7,FALSE,0.97
507615,11350,12,8,2,TRUE,B,76.2,FALSE,0.67
507616,11350,8,8,2,TRUE,B,93.0,FALSE,0.75
507617,11350,6,9,2,FALSE,F,65.6,FALSE,0.65
507618,11350,11,9,2,TRUE,B,83.1,FALSE,0.72
507619,11350,5,9,2,FALSE,F,48.9,FALSE,0.72
507620,11350,3,10,2,TRUE,B,87.9,FALSE,0.94
507621,11351,9,5,5,TRUE,B,81.5,FALSE,0.99
507622,11351,12,5,5,TRUE,C,77.2,FALSE,0.8
507623,11351,11,5,5,TRUE,A,83.8,FALSE,0.94
507624,11351,10,6,5,TRUE,A,76.1,FALSE,0.6
507625,11352,5,3,1,TRUE,A,87.5,FALSE,0.88
507626,11352,6,3,1,TRUE,A,93.1,FALSE,0.57
507627,11352,1,4,1,TRUE,A,80.6,FALSE,0.71
507628,11352,13,4,1,TRUE,B,85.9,FALSE,0.8
507629,11353,14,6,6,TRUE,A,78.7,FALSE,0.7
507630,11353,10,6,6,TRUE,B,94.2,FALSE,0.98
507631,11353,16,7,6,TRUE,B,91.1,FALSE,0.72
507632,11353,15,7,6,TRUE,A,85.4,FALSE,0.68
507633,11354,10,7,5,TRUE,C,80.4,FALSE,0.97
507634,11354,9,7,5,TRUE,A,78.8,FALSE,0.75
507635,11354,12,7,5,TRUE,B,81.1,FALSE,0.75
507636,11354,11,8,5,TRUE,A,95.3,FALSE,0.73
507637,11355,14,2,3,FALSE,D,56.0,FALSE,0.81
507638,11355,15,2,3,TRUE,B,83.5,FALSE,0.97
507639,11355,16,2,3,TRUE,A,82.1,FALSE,0.86
507640,11356,8,3,1,TRUE,C,89.8,FALSE,0.97
507641,11356,11,3,1,FALSE,D,65.1,FALSE,0.93
507642,11356,2,3,1,TRUE,A,89.9,FALSE,0.58
507643,11356,1,4,1,TRUE,B,77.9,FALSE,0.93
507644,11356,4,4,1,TRUE,B,96.2,FALSE,0.72
507645,11356,12,4,1,TRUE,C,77.3,FALSE,0.84
507646,11357,4,1,2,TRUE,A,86.2,FALSE,0.87
507647,11357,2,1,2,TRUE,B,88.2,FALSE,0.91
507648,11357,11,1,2,TRUE,C,87.7,FALSE,0.72
507649,11357,7,2,2,TRUE,A,87.1,FALSE,0.74
507650,11357,12,2,2,TRUE,B,90.2,FALSE,0.72
507651,11357,1,2,2,TRUE,C,88.8,FALSE,0.77
507652,11358,4,6,2,TRUE,B,79.0,FALSE,0.7
507653,11358,7,6,2,TRUE,B,89.0,FALSE,0.95
507654,11358,12,6,2,TRUE,C,76.5,FALSE,0.95
507655,11358,1,7,2,TRUE,B,95.7,FALSE,0.96
507656,11358,8,7,2,TRUE,B,79.4,FALSE,0.65
507657,11358,11,7,2,TRUE,B,77.6,FALSE,0.55
507658,11359,9,1,5,FALSE,F,70.3,FALSE,0.86
507659,11359,11,1,5,TRUE,B,94.3,FALSE,0.77
507660,11359,10,1,5,TRUE,B,90.4,FALSE,0.82
507661,11359,12,2,5,TRUE,B,79.1,FALSE,0.95
507662,11360,15,2,4,TRUE,B,98.1,FALSE,0.94
507663,11360,16,2,4,TRUE,A,79.6,FALSE,0.91
507664,11360,8,2,4,TRUE,B,86.7,FALSE,0.58
507665,11360,14,3,4,TRUE,B,79.3,FALSE,0.87
507666,11361,8,4,2,TRUE,B,98.2,FALSE,0.98
507667,11361,3,4,2,FALSE,D,62.9,FALSE,0.58
507668,11361,11,4,2,FALSE,D,59.3,FALSE,0.79
507669,11361,5,5,2,FALSE,F,63.0,FALSE,0.62
507670,11361,1,5,2,TRUE,B,93.6,FALSE,0.95
507671,11361,12,5,2,TRUE,A,76.7,FALSE,0.76
507672,11361,6,6,2,TRUE,A,96.2,FALSE,0.98
507673,11361,4,6,2,TRUE,A,89.9,FALSE,0.79
507674,11361,2,6,2,TRUE,A,86.0,FALSE,0.8
507675,11361,7,7,2,TRUE,B,91.8,FALSE,0.65
507676,11362,1,2,2,TRUE,A,77.0,FALSE,0.99
507677,11362,6,2,2,TRUE,B,96.9,FALSE,0.76
507678,11362,11,3,2,FALSE,D,63.7,FALSE,0.57
507679,11362,12,3,2,TRUE,C,78.2,FALSE,0.85
507680,11362,5,4,2,TRUE,A,84.2,FALSE,0.79
507681,11362,8,4,2,TRUE,B,75.1,FALSE,0.9
507682,11362,4,5,2,TRUE,B,76.0,FALSE,0.58
507683,11362,3,5,2,FALSE,F,48.2,FALSE,0.89
507684,11363,7,9,2,FALSE,F,67.7,FALSE,0.97
507685,11363,1,9,2,TRUE,B,93.3,FALSE,0.96
507686,11363,8,9,2,TRUE,B,88.6,FALSE,0.88
507687,11363,11,10,2,FALSE,D,68.7,FALSE,0.75
507688,11363,5,10,2,TRUE,A,86.4,FALSE,0.57
507689,11363,4,10,2,TRUE,B,81.8,FALSE,0.59
507690,11363,6,11,2,TRUE,A,98.8,FALSE,0.93
507691,11363,12,11,2,TRUE,B,83.7,FALSE,0.72
507692,11363,2,11,2,TRUE,B,97.0,FALSE,0.78
507693,11364,11,5,5,TRUE,B,76.5,FALSE,0.56
507694,11364,10,5,5,TRUE,B,94.5,FALSE,0.93
507695,11364,9,6,5,TRUE,B,89.3,FALSE,0.7
507696,11364,12,6,5,TRUE,C,91.9,FALSE,0.62
507697,11365,7,8,1,TRUE,A,98.3,FALSE,0.99
507698,11365,13,8,1,TRUE,B,78.4,FALSE,0.84
507699,11365,4,9,1,FALSE,D,53.7,FALSE,0.63
507700,11365,10,9,1,TRUE,B,86.1,FALSE,0.68
507701,11365,1,10,1,TRUE,C,97.6,FALSE,0.98
507702,11365,8,10,1,TRUE,B,78.7,FALSE,0.59
507703,11366,15,7,3,TRUE,B,93.7,FALSE,0.75
507704,11366,16,7,3,TRUE,B,93.9,FALSE,0.68
507705,11366,14,7,3,TRUE,B,79.0,FALSE,0.89
507706,11367,11,9,5,FALSE,D,72.3,FALSE,0.83
507707,11367,12,9,5,TRUE,B,91.8,FALSE,0.74
507708,11367,10,10,5,TRUE,B,93.2,FALSE,0.63
507709,11367,9,10,5,TRUE,C,90.2,FALSE,0.82
507710,11368,12,6,1,TRUE,B,81.2,FALSE,0.84
507711,11368,13,6,1,TRUE,B,92.6,FALSE,0.7
507712,11368,9,6,1,TRUE,A,97.7,FALSE,0.86
507713,11368,8,7,1,TRUE,B,85.8,FALSE,0.64
507714,11368,4,7,1,FALSE,F,61.3,FALSE,0.84
507715,11368,6,7,1,TRUE,B,96.8,FALSE,0.9
507716,11368,3,8,1,FALSE,F,68.7,FALSE,0.91
507717,11368,1,8,1,TRUE,B,85.2,FALSE,0.67
507718,11368,2,8,1,TRUE,A,90.2,FALSE,0.77
507719,11368,10,9,1,TRUE,B,89.3,FALSE,0.99
507720,11368,5,9,1,TRUE,B,83.2,FALSE,0.84
507721,11368,11,9,1,TRUE,C,92.5,FALSE,0.56
507722,11368,7,10,1,TRUE,A,95.4,FALSE,0.72
507723,11369,4,3,2,TRUE,C,98.0,FALSE,0.66
507724,11369,3,3,2,TRUE,A,85.0,FALSE,0.99
507725,11369,1,3,2,TRUE,C,87.6,FALSE,0.89
507726,11369,7,4,2,TRUE,C,93.5,FALSE,0.72
507727,11369,8,4,2,TRUE,C,90.2,FALSE,0.55
507728,11369,11,4,2,TRUE,C,80.3,FALSE,0.83
507729,11370,6,6,1,TRUE,B,77.4,FALSE,0.94
507730,11370,12,6,1,FALSE,F,50.1,FALSE,0.84
507731,11370,10,7,1,TRUE,B,80.1,FALSE,0.66
507732,11370,3,7,1,TRUE,A,88.2,FALSE,0.71
507733,11370,9,8,1,TRUE,B,92.3,FALSE,0.7
507734,11370,5,8,1,TRUE,A,76.5,FALSE,0.95
507735,11370,13,9,1,TRUE,A,90.3,FALSE,0.72
507736,11370,7,9,1,TRUE,A,92.8,FALSE,0.6
507737,11371,11,2,2,TRUE,A,81.4,FALSE,0.56
507738,11371,3,2,2,FALSE,F,60.9,FALSE,0.89
507739,11371,4,3,2,TRUE,B,83.1,FALSE,0.68
507740,11371,8,3,2,TRUE,A,84.9,FALSE,0.8
507741,11371,7,4,2,TRUE,B,87.6,FALSE,0.94
507742,11371,5,4,2,TRUE,B,95.9,FALSE,0.74
507743,11371,12,5,2,TRUE,A,90.4,FALSE,0.69
507744,11371,1,5,2,TRUE,B,76.5,FALSE,0.65
507745,11371,2,6,2,TRUE,B,95.8,FALSE,1.0
507746,11371,6,6,2,TRUE,A,81.4,FALSE,0.74
507747,11372,12,6,2,TRUE,C,79.8,FALSE,0.78
507748,11372,2,6,2,TRUE,B,84.9,FALSE,0.87
507749,11372,7,7,2,TRUE,B,88.0,FALSE,0.92
507750,11372,6,7,2,TRUE,B,95.9,FALSE,0.79
507751,11373,6,2,2,TRUE,A,86.6,FALSE,0.84
507752,11373,1,2,2,TRUE,B,89.6,FALSE,0.8
507753,11373,2,3,2,TRUE,B,79.3,FALSE,0.7
507754,11373,12,3,2,TRUE,C,75.6,FALSE,0.97
507755,11373,3,4,2,FALSE,F,48.6,FALSE,0.69
507756,11373,7,4,2,TRUE,A,84.6,FALSE,0.89
507757,11373,11,5,2,TRUE,B,85.7,FALSE,0.91
507758,11373,4,5,2,TRUE,C,88.6,FALSE,0.56
507759,11373,5,6,2,TRUE,B,91.9,FALSE,0.72
507760,11373,8,6,2,TRUE,B,98.4,FALSE,0.82
507761,11374,5,1,1,TRUE,B,79.7,FALSE,0.94
507762,11374,8,1,1,TRUE,B,90.4,FALSE,0.86
507763,11374,3,2,1,TRUE,C,94.7,FALSE,0.89
507764,11374,2,2,1,TRUE,A,94.6,FALSE,0.69
507765,11374,7,3,1,TRUE,A,95.2,FALSE,0.61
507766,11374,1,3,1,TRUE,A,92.7,FALSE,0.58
507767,11374,9,4,1,TRUE,C,86.8,FALSE,0.64
507768,11374,11,4,1,TRUE,B,84.9,FALSE,0.92
507769,11374,6,5,1,TRUE,A,78.0,FALSE,0.7
507770,11374,10,5,1,TRUE,B,82.5,FALSE,0.77
507771,11374,12,6,1,TRUE,A,76.7,FALSE,0.65
507772,11374,4,6,1,TRUE,A,96.2,FALSE,0.71
507773,11375,11,7,5,TRUE,A,93.5,FALSE,0.7
507774,11375,10,7,5,TRUE,A,96.8,FALSE,0.82
507775,11375,12,7,5,TRUE,A,79.8,FALSE,0.94
507776,11375,9,8,5,TRUE,A,93.4,FALSE,0.84
507777,11376,1,8,1,TRUE,B,84.5,FALSE,0.91
507778,11376,6,8,1,FALSE,D,63.6,FALSE,0.57
507779,11377,1,2,1,TRUE,B,82.0,FALSE,0.68
507780,11377,9,2,1,TRUE,A,79.9,FALSE,0.59
507781,11377,12,2,1,TRUE,B,90.3,FALSE,0.69
507782,11377,4,3,1,TRUE,C,79.1,FALSE,0.93
507783,11377,8,3,1,TRUE,C,76.0,FALSE,0.86
507784,11377,5,3,1,TRUE,B,92.2,FALSE,0.66
507785,11377,6,4,1,TRUE,A,83.9,FALSE,0.8
507786,11377,3,4,1,TRUE,C,78.5,FALSE,0.59
507787,11377,2,4,1,TRUE,A,84.6,FALSE,0.86
507788,11377,11,5,1,FALSE,F,59.6,FALSE,0.91
507789,11377,10,5,1,TRUE,C,85.5,FALSE,0.85
507790,11377,13,5,1,TRUE,B,91.4,FALSE,0.69
507791,11377,7,6,1,TRUE,B,75.7,FALSE,0.84
507792,11378,14,8,3,TRUE,A,97.1,FALSE,0.84
507793,11378,16,8,3,TRUE,C,85.1,FALSE,0.92
507794,11378,15,9,3,TRUE,A,77.4,FALSE,0.59
507795,11379,7,4,1,TRUE,B,91.5,FALSE,0.73
507796,11379,11,4,1,FALSE,F,74.4,FALSE,0.92
507797,11379,5,5,1,TRUE,C,75.6,FALSE,0.99
507798,11379,1,5,1,TRUE,B,76.1,FALSE,0.81
507799,11379,2,6,1,TRUE,B,75.5,FALSE,0.87
507800,11379,8,6,1,TRUE,B,97.8,FALSE,0.78
507801,11379,10,7,1,TRUE,C,83.3,FALSE,0.64
507802,11379,9,7,1,TRUE,B,98.5,FALSE,0.67
507803,11379,12,8,1,FALSE,F,66.7,FALSE,0.63
507804,11379,6,8,1,TRUE,B,91.2,FALSE,0.64
507805,11379,3,9,1,TRUE,A,81.8,FALSE,0.69
507806,11379,13,9,1,TRUE,A,84.3,FALSE,0.55
507807,11380,15,4,4,TRUE,B,86.7,FALSE,0.83
507808,11380,8,4,4,TRUE,B,88.2,FALSE,0.65
507809,11380,16,4,4,TRUE,A,90.2,FALSE,0.76
507810,11381,10,5,5,TRUE,B,77.5,FALSE,0.79
507811,11381,12,5,5,TRUE,B,78.1,FALSE,0.7
507812,11381,11,6,5,FALSE,F,61.9,FALSE,0.76
507813,11381,9,6,5,TRUE,A,85.1,FALSE,0.6
507814,11382,16,7,3,TRUE,C,95.2,FALSE,0.61
507815,11382,15,7,3,TRUE,A,82.3,FALSE,0.7
507816,11382,14,8,3,TRUE,A,89.8,FALSE,0.78
507817,11383,9,7,5,TRUE,A,97.8,FALSE,0.58
507818,11383,11,7,5,FALSE,D,64.2,FALSE,0.96
507819,11383,10,7,5,TRUE,B,77.8,FALSE,0.61
507820,11383,12,8,5,TRUE,C,92.9,FALSE,0.98
507821,11384,16,5,3,TRUE,B,97.9,FALSE,0.85
507822,11384,15,5,3,FALSE,F,70.7,FALSE,0.69
507823,11384,14,5,3,TRUE,B,85.2,FALSE,0.6
507824,11385,5,2,1,FALSE,F,67.5,FALSE,0.68
507825,11385,7,2,1,TRUE,A,83.0,FALSE,0.64
507826,11385,13,2,1,TRUE,B,92.1,FALSE,1.0
507827,11385,11,3,1,TRUE,B,90.2,FALSE,0.75
507828,11385,6,3,1,TRUE,B,90.5,FALSE,0.74
507829,11385,9,3,1,TRUE,B,92.0,FALSE,0.61
507830,11385,1,4,1,TRUE,B,96.3,FALSE,0.65
507831,11385,12,4,1,TRUE,A,90.8,FALSE,0.89
507832,11385,3,4,1,TRUE,B,96.7,FALSE,0.79
507833,11385,8,5,1,TRUE,A,86.3,FALSE,0.95
507834,11385,2,5,1,TRUE,A,80.2,FALSE,0.7
507835,11385,10,5,1,TRUE,B,93.3,FALSE,0.72
507836,11385,4,6,1,TRUE,B,90.9,FALSE,0.86
507837,11386,5,8,1,TRUE,C,79.0,FALSE,0.66
507838,11386,1,8,1,TRUE,C,95.1,FALSE,0.66
507839,11386,2,9,1,TRUE,B,77.1,FALSE,0.72
507840,11386,12,9,1,TRUE,B,96.5,FALSE,0.88
507841,11387,3,2,1,TRUE,B,80.6,FALSE,0.75
507842,11387,5,2,1,TRUE,B,85.9,FALSE,0.93
507843,11387,9,3,1,FALSE,D,67.4,FALSE,0.64
507844,11387,4,3,1,TRUE,A,77.9,FALSE,0.78
507845,11388,7,8,1,TRUE,B,77.7,FALSE,0.64
507846,11388,8,8,1,TRUE,A,78.2,FALSE,0.65
507847,11388,10,8,1,TRUE,B,85.5,FALSE,0.68
507848,11388,3,9,1,TRUE,B,83.6,FALSE,0.97
507849,11388,2,9,1,TRUE,B,94.0,FALSE,0.87
507850,11388,6,9,1,TRUE,B,86.2,FALSE,0.78
507851,11388,9,10,1,TRUE,C,95.5,FALSE,0.87
507852,11388,11,10,1,TRUE,B,92.6,FALSE,0.76
507853,11388,5,10,1,TRUE,B,77.0,FALSE,0.94
507854,11388,4,11,1,FALSE,D,63.9,FALSE,0.74
507855,11388,13,11,1,TRUE,B,97.3,FALSE,0.87
507856,11388,1,11,1,TRUE,B,90.3,FALSE,0.91
507857,11389,11,8,2,TRUE,B,98.6,FALSE,0.79
507858,11389,3,8,2,FALSE,F,48.6,FALSE,0.97
507859,11389,7,8,2,TRUE,C,82.9,FALSE,0.65
507860,11389,6,9,2,FALSE,F,56.4,FALSE,0.67
507861,11389,5,9,2,FALSE,F,67.9,FALSE,0.88
507862,11389,8,9,2,TRUE,A,84.0,FALSE,1.0
507863,11389,12,10,2,FALSE,D,56.9,FALSE,0.82
507864,11389,4,10,2,TRUE,C,76.3,FALSE,1.0
507865,11389,1,10,2,TRUE,C,85.0,FALSE,0.58
507866,11389,2,11,2,,,,FALSE,0.83
507867,11390,9,5,1,FALSE,D,66.3,FALSE,0.74
507868,11390,11,5,1,TRUE,C,77.7,FALSE,0.97
507869,11390,6,5,1,TRUE,B,82.2,FALSE,0.73
507870,11390,4,6,1,FALSE,F,55.4,FALSE,0.99
507871,11390,2,6,1,TRUE,C,92.8,FALSE,0.96
507872,11390,12,6,1,TRUE,B,91.4,FALSE,0.8
507873,11390,7,7,1,TRUE,B,88.8,FALSE,0.87
507874,11390,5,7,1,TRUE,A,98.5,FALSE,0.63
507875,11390,1,7,1,TRUE,B,76.2,FALSE,0.89
507876,11390,8,8,1,TRUE,A,76.0,FALSE,0.99
507877,11390,13,8,1,FALSE,F,52.6,FALSE,0.99
507878,11390,3,8,1,TRUE,C,80.2,FALSE,0.66
507879,11391,12,2,1,TRUE,B,94.2,FALSE,0.95
507880,11391,5,2,1,TRUE,A,84.4,FALSE,0.89
507881,11391,1,3,1,TRUE,C,86.3,FALSE,0.92
507882,11391,7,3,1,TRUE,A,82.1,FALSE,0.98
507883,11391,9,4,1,TRUE,A,79.3,FALSE,0.92
507884,11391,6,4,1,TRUE,B,86.9,FALSE,0.79
507885,11391,3,5,1,FALSE,F,66.7,FALSE,0.96
507886,11391,10,5,1,TRUE,C,98.6,FALSE,0.97
507887,11391,2,6,1,TRUE,A,85.1,FALSE,0.65
507888,11391,11,6,1,TRUE,C,76.4,FALSE,0.97
507889,11391,13,7,1,TRUE,B,94.6,FALSE,0.96
507890,11391,8,7,1,TRUE,B,98.4,FALSE,0.59
507891,11392,11,2,2,TRUE,C,91.6,FALSE,0.75
507892,11392,6,2,2,TRUE,A,78.9,FALSE,0.75
507893,11392,2,2,2,TRUE,B,93.0,FALSE,0.59
507894,11392,5,3,2,TRUE,A,86.1,FALSE,0.58
507895,11392,8,3,2,TRUE,C,98.2,FALSE,0.85
507896,11392,1,3,2,TRUE,B,77.1,FALSE,0.87
507897,11392,4,4,2,TRUE,B,91.0,FALSE,0.84
507898,11392,3,4,2,FALSE,D,52.5,FALSE,0.81
507899,11392,12,4,2,TRUE,B,78.9,FALSE,0.69
507900,11392,7,5,2,TRUE,B,87.1,FALSE,0.98
507901,11393,6,9,2,TRUE,B,83.2,FALSE,0.69
507902,11393,3,9,2,TRUE,B,90.8,FALSE,0.74
507903,11393,2,9,2,TRUE,B,94.8,FALSE,0.82
507904,11393,11,10,2,TRUE,B,91.7,FALSE,0.87
507905,11393,8,10,2,TRUE,C,75.2,FALSE,0.81
507906,11393,7,10,2,TRUE,B,88.3,FALSE,0.78
507907,11393,5,11,2,FALSE,D,60.4,FALSE,0.99
507908,11393,4,11,2,,,,FALSE,0.94
507909,11393,12,11,2,TRUE,B,96.5,FALSE,0.65
507910,11394,14,7,4,TRUE,A,96.9,FALSE,0.65
507911,11394,16,7,4,TRUE,B,83.3,FALSE,0.72
507912,11394,8,8,4,TRUE,B,78.3,FALSE,0.73
507913,11394,15,8,4,TRUE,B,91.6,FALSE,0.88
507914,11395,7,7,2,TRUE,B,98.0,FALSE,0.63
507915,11395,11,7,2,TRUE,B,81.1,FALSE,0.74
507916,11395,12,7,2,TRUE,C,88.3,FALSE,0.99
507917,11395,2,8,2,FALSE,F,73.4,FALSE,0.57
507918,11395,4,8,2,TRUE,C,87.6,FALSE,0.79
507919,11395,8,8,2,TRUE,C,81.5,FALSE,0.76
507920,11395,3,9,2,TRUE,B,89.3,FALSE,0.83
507921,11395,6,9,2,TRUE,C,90.8,FALSE,0.65
507922,11395,5,9,2,TRUE,A,93.4,FALSE,0.78
507923,11395,1,10,2,TRUE,B,87.6,FALSE,0.8
507924,11396,11,1,1,FALSE,D,74.3,FALSE,0.63
507925,11396,2,1,1,TRUE,B,83.0,FALSE,0.91
507926,11396,6,1,1,TRUE,C,95.0,FALSE,0.83
507927,11396,13,2,1,TRUE,A,98.4,FALSE,0.88
507928,11396,1,2,1,TRUE,B,77.7,FALSE,0.79
507929,11396,5,2,1,TRUE,B,87.4,FALSE,0.73
507930,11396,8,3,1,TRUE,B,97.3,FALSE,0.63
507931,11396,3,3,1,TRUE,C,93.7,FALSE,0.71
507932,11396,10,3,1,TRUE,C,86.1,FALSE,0.62
507933,11396,12,4,1,TRUE,B,85.4,FALSE,0.59
507934,11396,7,4,1,FALSE,D,58.7,FALSE,0.88
507935,11396,9,4,1,TRUE,B,93.6,FALSE,0.98
507936,11396,4,5,1,TRUE,B,80.5,FALSE,0.77
507937,11397,10,7,5,TRUE,B,85.5,FALSE,0.78
507938,11397,12,7,5,TRUE,A,96.5,FALSE,0.65
507939,11397,11,8,5,TRUE,B,91.6,FALSE,0.57
507940,11397,9,8,5,TRUE,A,98.4,FALSE,0.72
507941,11398,10,6,5,TRUE,C,98.6,FALSE,0.76
507942,11398,12,6,5,TRUE,B,83.4,FALSE,0.79
507943,11398,11,6,5,TRUE,B,77.7,FALSE,0.92
507944,11398,9,7,5,TRUE,A,76.9,FALSE,0.81
507945,11399,16,4,4,TRUE,B,79.4,FALSE,0.73
507946,11399,8,4,4,TRUE,B,88.2,FALSE,0.89
507947,11399,15,4,4,TRUE,B,90.9,FALSE,0.7
507948,11399,14,5,4,FALSE,D,51.7,FALSE,0.93
507949,11400,3,1,2,TRUE,B,90.5,FALSE,0.86
507950,11400,7,1,2,TRUE,B,76.6,FALSE,0.83
507951,11400,2,1,2,TRUE,C,93.1,FALSE,0.65
507952,11400,4,2,2,TRUE,B,86.7,FALSE,0.65
507953,11400,12,2,2,TRUE,A,94.1,FALSE,1.0
507954,11400,5,2,2,TRUE,B,89.8,FALSE,0.6
507955,11400,8,3,2,FALSE,D,61.2,FALSE,0.76
507956,11400,1,3,2,TRUE,B,78.4,FALSE,0.69
507957,11400,6,3,2,TRUE,A,92.5,FALSE,0.89
507958,11400,11,4,2,TRUE,A,80.8,FALSE,0.55
